Datetime,Adj Close,Close,High,Low,Open,Volume
2026-07-23 09:30:00-04:00,321.6300048828125,321.6300048828125,323.1199951171875,320.80499267578125,321.7300109863281,1864387
2026-07-23 09:31:00-04:00,321.94110107421875,321.94110107421875,322.3500061035156,321.2099914550781,321.5799865722656,185615
2026-07-23 09:32:00-04:00,321.7699890136719,321.7699890136719,322.19500732421875,321.2200012207031,321.95001220703125,172602
2026-07-23 09:33:00-04:00,321.5400085449219,321.5400085449219,321.8999938964844,321.1650085449219,321.7550048828125,152252
2026-07-23 09:34:00-04:00,321.8949890136719,321.8949890136719,321.94000244140625,321.2300109863281,321.56500244140625,89642
2026-07-23 09:35:00-04:00,322.3599853515625,322.3599853515625,323.29998779296875,321.6700134277344,321.840087890625,149184
2026-07-23 09:36:00-04:00,321.8900146484375,321.8900146484375,322.510009765625,321.7900085449219,322.2950134277344,102251
2026-07-23 09:37:00-04:00,322.2099914550781,322.2099914550781,322.4100036621094,321.7699890136719,321.8999938964844,61152
2026-07-23 09:38:00-04:00,321.8399963378906,321.8399963378906,322.44000244140625,321.70001220703125,322.239990234375,93022
2026-07-23 09:39:00-04:00,321.625,321.625,322.05999755859375,321.57000732421875,321.8299865722656,100412
2026-07-23 09:40:00-04:00,321.0199890136719,321.0199890136719,321.6549987792969,321.0199890136719,321.6050109863281,136058
2026-07-23 09:41:00-04:00,321.6650085449219,321.6650085449219,321.67498779296875,320.92999267578125,321.010009765625,118461
2026-07-23 09:42:00-04:00,321.5350036621094,321.5350036621094,322.0199890136719,321.4200134277344,321.6400146484375,101203
2026-07-23 09:43:00-04:00,321.3299865722656,321.3299865722656,321.7900085449219,321.2550048828125,321.5,102608
2026-07-23 09:44:00-04:00,320.8399963378906,320.8399963378906,321.385009765625,320.8399963378906,321.30999755859375,96631
2026-07-23 09:45:00-04:00,320.5799865722656,320.5799865722656,321.07000732421875,320.4800109863281,320.8800048828125,199063
2026-07-23 09:46:00-04:00,320.5484924316406,320.5484924316406,320.6400146484375,320.1400146484375,320.57000732421875,177699
2026-07-23 09:47:00-04:00,320.6600036621094,320.6600036621094,320.6600036621094,320.260009765625,320.54998779296875,113207
2026-07-23 09:48:00-04:00,320.2900085449219,320.2900085449219,320.79998779296875,320.19000244140625,320.70001220703125,131241
2026-07-23 09:49:00-04:00,319.5350036621094,319.5350036621094,320.3500061035156,319.4700012207031,320.2699890136719,254540
2026-07-23 09:50:00-04:00,319.69000244140625,319.69000244140625,319.80999755859375,319.3500061035156,319.5450134277344,147709
2026-07-23 09:51:00-04:00,320.1549987792969,320.1549987792969,320.20001220703125,319.6449890136719,319.7149963378906,97631
2026-07-23 09:52:00-04:00,319.7099914550781,319.7099914550781,320.3599853515625,319.6300048828125,320.1400146484375,98216
2026-07-23 09:53:00-04:00,319.375,319.375,319.8699951171875,319.3500061035156,319.69000244140625,81867
2026-07-23 09:54:00-04:00,319.6000061035156,319.6000061035156,319.760009765625,319.3599853515625,319.3599853515625,108357
2026-07-23 09:55:00-04:00,319.7650146484375,319.7650146484375,320.05999755859375,319.635009765625,319.635009765625,158708
2026-07-23 09:56:00-04:00,319.69989013671875,319.69989013671875,319.94000244140625,319.5801086425781,319.7799987792969,87300
2026-07-23 09:57:00-04:00,319.8299865722656,319.8299865722656,319.897705078125,319.510009765625,319.6400146484375,69748
2026-07-23 09:58:00-04:00,320.17999267578125,320.17999267578125,320.2200012207031,319.6700134277344,319.81500244140625,137936
2026-07-23 09:59:00-04:00,320.1600036621094,320.1600036621094,320.4800109863281,320.0350036621094,320.2099914550781,84348
2026-07-23 10:00:00-04:00,320.1700134277344,320.1700134277344,320.42498779296875,320.0,320.1499938964844,134719
2026-07-23 10:01:00-04:00,320.3299865722656,320.3299865722656,320.3599853515625,319.82000732421875,320.1600036621094,125951
2026-07-23 10:02:00-04:00,320.8599853515625,320.8599853515625,321.0548095703125,320.3399963378906,320.3450012207031,110836
2026-07-23 10:03:00-04:00,321.4700012207031,321.4700012207031,321.5762023925781,320.864990234375,320.8800048828125,80152
2026-07-23 10:04:00-04:00,321.57000732421875,321.57000732421875,321.7300109863281,321.4100036621094,321.4599914550781,66039
2026-07-23 10:05:00-04:00,321.6600036621094,321.6600036621094,321.6600036621094,321.3900146484375,321.5799865722656,53815
2026-07-23 10:06:00-04:00,321.80999755859375,321.80999755859375,321.92999267578125,321.6099853515625,321.67999267578125,70020
2026-07-23 10:07:00-04:00,321.3949890136719,321.3949890136719,321.8395080566406,321.32000732421875,321.80999755859375,72642
2026-07-23 10:08:00-04:00,320.85791015625,320.85791015625,321.6499938964844,320.8500061035156,321.3949890136719,88550
2026-07-23 10:09:00-04:00,320.7650146484375,320.7650146484375,321.0899963378906,320.7200012207031,320.885009765625,79689
2026-07-23 10:10:00-04:00,320.5400085449219,320.5400085449219,321.07501220703125,320.5,320.7699890136719,86558
2026-07-23 10:11:00-04:00,320.0400085449219,320.0400085449219,320.55499267578125,319.95001220703125,320.5199890136719,183845
2026-07-23 10:12:00-04:00,320.5899963378906,320.5899963378906,320.5899963378906,320.010009765625,320.0199890136719,136060
2026-07-23 10:13:00-04:00,320.8800048828125,320.8800048828125,321.0199890136719,320.55999755859375,320.55999755859375,67028
2026-07-23 10:14:00-04:00,320.80999755859375,320.80999755859375,320.9200134277344,320.3800048828125,320.8500061035156,49076
2026-07-23 10:15:00-04:00,320.8299865722656,320.8299865722656,320.8800048828125,320.5799865722656,320.80499267578125,72233
2026-07-23 10:16:00-04:00,321.1499938964844,321.1499938964844,321.20001220703125,320.7300109863281,320.7900085449219,65556
2026-07-23 10:17:00-04:00,321.0400085449219,321.0400085449219,321.3599853515625,320.8900146484375,321.1600036621094,53706
2026-07-23 10:18:00-04:00,320.9800109863281,320.9800109863281,321.1099853515625,320.8599853515625,321.0400085449219,44090
2026-07-23 10:19:00-04:00,320.75,320.75,320.9100036621094,320.2200012207031,320.8999938964844,99909
2026-07-23 10:20:00-04:00,321.3999938964844,321.3999938964844,321.44000244140625,320.6199951171875,320.7449951171875,93121
2026-07-23 10:21:00-04:00,321.5299987792969,321.5299987792969,321.54949951171875,321.30999755859375,321.3949890136719,70068
2026-07-23 10:22:00-04:00,321.55029296875,321.55029296875,321.739990234375,321.510009765625,321.54998779296875,53339
2026-07-23 10:23:00-04:00,321.5249938964844,321.5249938964844,321.760009765625,321.489990234375,321.55999755859375,61895
2026-07-23 10:24:00-04:00,321.3900146484375,321.3900146484375,321.70001220703125,321.3699951171875,321.5249938964844,58189
2026-07-23 10:25:00-04:00,321.38238525390625,321.38238525390625,321.4649963378906,321.239990234375,321.4100036621094,49784
2026-07-23 10:26:00-04:00,321.44000244140625,321.44000244140625,321.5299987792969,321.3005065917969,321.3900146484375,47125
2026-07-23 10:27:00-04:00,321.31500244140625,321.31500244140625,321.5,321.2300109863281,321.4549865722656,49588
2026-07-23 10:28:00-04:00,321.5,321.5,321.5299987792969,321.2300109863281,321.2799987792969,48502
2026-07-23 10:29:00-04:00,321.489990234375,321.489990234375,321.625,321.3299865722656,321.489990234375,63034
2026-07-23 10:30:00-04:00,321.7200927734375,321.7200927734375,321.83990478515625,321.4649963378906,321.4649963378906,87615
2026-07-23 10:31:00-04:00,322.0299987792969,322.0299987792969,322.1499938964844,321.7300109863281,321.7900085449219,88003
2026-07-23 10:32:00-04:00,322.1700134277344,322.1700134277344,322.5,322.0498962402344,322.0498962402344,100562
2026-07-23 10:33:00-04:00,322.44500732421875,322.44500732421875,322.4700012207031,322.1499938964844,322.19000244140625,67887
2026-07-23 10:34:00-04:00,322.2799987792969,322.2799987792969,322.4800109863281,322.260009765625,322.44000244140625,45288
2026-07-23 10:35:00-04:00,322.2900085449219,322.2900085449219,322.32501220703125,322.1099853515625,322.2799987792969,62855
2026-07-23 10:36:00-04:00,322.3399963378906,322.3399963378906,322.3835144042969,322.114990234375,322.29998779296875,49893
2026-07-23 10:37:00-04:00,322.9049987792969,322.9049987792969,322.9100036621094,322.32000732421875,322.3299865722656,75364
2026-07-23 10:38:00-04:00,322.6429138183594,322.6429138183594,322.8999938964844,322.5,322.8800048828125,38945
2026-07-23 10:39:00-04:00,322.67999267578125,322.67999267578125,322.875,322.4800109863281,322.67498779296875,46297
2026-07-23 10:40:00-04:00,322.489990234375,322.489990234375,322.79998779296875,322.3900146484375,322.7056884765625,39651
2026-07-23 10:41:00-04:00,322.0199890136719,322.0199890136719,322.5199890136719,322.0,322.4800109863281,41348
2026-07-23 10:42:00-04:00,321.989990234375,321.989990234375,322.1700134277344,321.8299865722656,322.05999755859375,57174
2026-07-23 10:43:00-04:00,321.7799987792969,321.7799987792969,322.0,321.5799865722656,321.9800109863281,53997
2026-07-23 10:44:00-04:00,321.8699951171875,321.8699951171875,321.989990234375,321.739990234375,321.7699890136719,30617
2026-07-23 10:45:00-04:00,321.6099853515625,321.6099853515625,322.0199890136719,321.6099853515625,321.8900146484375,67089
2026-07-23 10:46:00-04:00,321.5950012207031,321.5950012207031,321.739990234375,321.4700012207031,321.6549987792969,62302
2026-07-23 10:47:00-04:00,321.7099914550781,321.7099914550781,321.875,321.6099853515625,321.6300048828125,75569
2026-07-23 10:48:00-04:00,321.3999938964844,321.3999938964844,321.75,321.3999938964844,321.69500732421875,46711
2026-07-23 10:49:00-04:00,321.3100891113281,321.3100891113281,321.5,321.2301025390625,321.4100036621094,44675
2026-07-23 10:50:00-04:00,321.25,321.25,321.30999755859375,321.010009765625,321.30999755859375,67186
2026-07-23 10:51:00-04:00,321.13238525390625,321.13238525390625,321.239990234375,321.0299987792969,321.239990234375,47655
2026-07-23 10:52:00-04:00,320.8900146484375,320.8900146484375,321.1499938964844,320.8699951171875,321.1499938964844,56173
2026-07-23 10:53:00-04:00,320.9849853515625,320.9849853515625,321.1449890136719,320.8399963378906,320.8800048828125,50461
2026-07-23 10:54:00-04:00,321.1300048828125,321.1300048828125,321.18499755859375,320.9150085449219,321.0199890136719,54287
2026-07-23 10:55:00-04:00,321.239990234375,321.239990234375,321.31988525390625,320.9700012207031,321.1300048828125,60998
2026-07-23 10:56:00-04:00,321.0199890136719,321.0199890136719,321.2349853515625,321.0000915527344,321.2349853515625,56413
2026-07-23 10:57:00-04:00,320.9700012207031,320.9700012207031,321.1700134277344,320.9599914550781,321.0,63118
2026-07-23 10:58:00-04:00,321.0899963378906,321.0899963378906,321.1099853515625,320.9100036621094,321.010009765625,43024
2026-07-23 10:59:00-04:00,321.2699890136719,321.2699890136719,321.30999755859375,321.0799865722656,321.1400146484375,59036
2026-07-23 11:00:00-04:00,321.44500732421875,321.44500732421875,321.55999755859375,321.2850036621094,321.2850036621094,68951
2026-07-23 11:01:00-04:00,321.60699462890625,321.60699462890625,321.6400146484375,321.3901062011719,321.4649963378906,68039
2026-07-23 11:02:00-04:00,321.2049865722656,321.2049865722656,321.6499938964844,321.2049865722656,321.6099853515625,70993
2026-07-23 11:03:00-04:00,321.2200012207031,321.2200012207031,321.44500732421875,321.0299987792969,321.2049865722656,97418
2026-07-23 11:04:00-04:00,321.3550109863281,321.3550109863281,321.3599853515625,321.1700134277344,321.25,56095
2026-07-23 11:05:00-04:00,321.0899963378906,321.0899963378906,321.3550109863281,321.0299987792969,321.3399963378906,126237
2026-07-23 11:06:00-04:00,320.8450012207031,320.8450012207031,321.1199951171875,320.7149963378906,321.1000061035156,128186
2026-07-23 11:07:00-04:00,321.4775085449219,321.4775085449219,321.6099853515625,320.82000732421875,320.82000732421875,108751
2026-07-23 11:08:00-04:00,321.5,321.5,321.7300109863281,321.44000244140625,321.4599914550781,66359
2026-07-23 11:09:00-04:00,321.42999267578125,321.42999267578125,321.55999755859375,321.29010009765625,321.4800109863281,55377
2026-07-23 11:10:00-04:00,321.7099914550781,321.7099914550781,321.79998779296875,321.3399963378906,321.4700012207031,66799
2026-07-23 11:11:00-04:00,321.44000244140625,321.44000244140625,321.7200012207031,321.3999938964844,321.70001220703125,47649
2026-07-23 11:12:00-04:00,321.6700134277344,321.6700134277344,321.7799987792969,321.45001220703125,321.4700012207031,80099
2026-07-23 11:13:00-04:00,321.7799987792969,321.7799987792969,321.79998779296875,321.5199890136719,321.6700134277344,54801
2026-07-23 11:14:00-04:00,321.8500061035156,321.8500061035156,322.010009765625,321.6400146484375,321.7518005371094,91623
2026-07-23 11:15:00-04:00,321.67010498046875,321.67010498046875,321.8799133300781,321.6000061035156,321.82000732421875,52530
2026-07-23 11:16:00-04:00,321.9200134277344,321.9200134277344,321.9599914550781,321.5199890136719,321.6700134277344,58428
2026-07-23 11:17:00-04:00,322.05999755859375,322.05999755859375,322.1400146484375,321.8500061035156,321.9150085449219,49544
2026-07-23 11:18:00-04:00,321.9200134277344,321.9200134277344,322.0950012207031,321.9100036621094,322.04998779296875,46044
2026-07-23 11:19:00-04:00,321.9700012207031,321.9700012207031,322.0400085449219,321.8800048828125,321.96881103515625,41358
2026-07-23 11:20:00-04:00,322.260009765625,322.260009765625,322.268798828125,321.8599853515625,321.9700012207031,54820
2026-07-23 11:21:00-04:00,322.043212890625,322.043212890625,322.2900085449219,322.010009765625,322.2650146484375,41457
2026-07-23 11:22:00-04:00,321.6199951171875,321.6199951171875,322.17999267578125,321.55999755859375,322.0299987792969,63287
2026-07-23 11:23:00-04:00,321.69000244140625,321.69000244140625,321.8699951171875,321.6199951171875,321.6300048828125,274837
2026-07-23 11:24:00-04:00,321.4400939941406,321.4400939941406,321.9700012207031,321.30999755859375,321.6499938964844,77905
2026-07-23 11:25:00-04:00,321.3500061035156,321.3500061035156,321.5050048828125,321.1700134277344,321.4599914550781,80516
2026-07-23 11:26:00-04:00,321.4700012207031,321.4700012207031,321.5,321.29998779296875,321.3299865722656,57592
2026-07-23 11:27:00-04:00,321.4599914550781,321.4599914550781,321.57989501953125,321.3999938964844,321.4700012207031,48295
2026-07-23 11:28:00-04:00,321.29998779296875,321.29998779296875,321.510009765625,321.260009765625,321.4599914550781,45134
2026-07-23 11:29:00-04:00,321.2799987792969,321.2799987792969,321.3900146484375,321.17999267578125,321.29998779296875,44649
2026-07-23 11:30:00-04:00,320.9342041015625,320.9342041015625,321.32000732421875,320.9292907714844,321.2900085449219,49895
2026-07-23 11:31:00-04:00,320.9800109863281,320.9800109863281,321.1000061035156,320.8599853515625,320.92999267578125,50358
2026-07-23 11:32:00-04:00,321.0150146484375,321.0150146484375,321.06500244140625,320.9200134277344,321.0050048828125,37425
2026-07-23 11:33:00-04:00,320.8699951171875,320.8699951171875,321.0799865722656,320.75,321.0199890136719,46666
2026-07-23 11:34:00-04:00,321.07000732421875,321.07000732421875,321.1199951171875,320.8299865722656,320.885009765625,50408
2026-07-23 11:35:00-04:00,320.80010986328125,320.80010986328125,321.1300048828125,320.80010986328125,321.1300048828125,83922
2026-07-23 11:36:00-04:00,320.7850036621094,320.7850036621094,320.8399963378906,320.6300048828125,320.7900085449219,47570
2026-07-23 11:37:00-04:00,320.6499938964844,320.6499938964844,320.7799987792969,320.5899963378906,320.760009765625,56001
2026-07-23 11:38:00-04:00,320.8399963378906,320.8399963378906,320.89990234375,320.5799865722656,320.6700134277344,74683
2026-07-23 11:39:00-04:00,320.9750061035156,320.9750061035156,321.0400085449219,320.79998779296875,320.8999938964844,41764
2026-07-23 11:40:00-04:00,320.75,320.75,321.1300048828125,320.75,321.0199890136719,51796
2026-07-23 11:41:00-04:00,320.989990234375,320.989990234375,321.04998779296875,320.5799865722656,320.7099914550781,52002
2026-07-23 11:42:00-04:00,320.9289855957031,320.9289855957031,321.1499938964844,320.82000732421875,321.0150146484375,41054
2026-07-23 11:43:00-04:00,320.875,320.875,320.9949951171875,320.8599853515625,320.9200134277344,29355
2026-07-23 11:44:00-04:00,320.8599853515625,320.8599853515625,320.989990234375,320.8599853515625,320.8999938964844,29969
2026-07-23 11:45:00-04:00,320.8630065917969,320.8630065917969,320.989990234375,320.75,320.8599853515625,37238
2026-07-23 11:46:00-04:00,320.9200134277344,320.9200134277344,321.0299987792969,320.82000732421875,320.864990234375,47006
2026-07-23 11:47:00-04:00,320.7799987792969,320.7799987792969,320.9599914550781,320.7799987792969,320.90509033203125,21024
2026-07-23 11:48:00-04:00,320.6050109863281,320.6050109863281,320.79998779296875,320.552001953125,320.7699890136719,35594
2026-07-23 11:49:00-04:00,320.739990234375,320.739990234375,320.7799987792969,320.44000244140625,320.6050109863281,80210
2026-07-23 11:50:00-04:00,320.5932922363281,320.5932922363281,320.739990234375,320.55999755859375,320.739990234375,38580
2026-07-23 11:51:00-04:00,320.6050109863281,320.6050109863281,320.6300048828125,320.4649963378906,320.6098937988281,32729
2026-07-23 11:52:00-04:00,320.6499938964844,320.6499938964844,320.7300109863281,320.510009765625,320.6050109863281,53142
2026-07-23 11:53:00-04:00,320.5899963378906,320.5899963378906,320.6600036621094,320.4800109863281,320.625,28434
2026-07-23 11:54:00-04:00,320.7049865722656,320.7049865722656,320.7550048828125,320.55999755859375,320.57000732421875,36950
2026-07-23 11:55:00-04:00,320.5899963378906,320.5899963378906,320.71319580078125,320.55999755859375,320.71319580078125,32596
2026-07-23 11:56:00-04:00,320.70001220703125,320.70001220703125,320.7099914550781,320.5799865722656,320.6099853515625,36572
2026-07-23 11:57:00-04:00,320.7049865722656,320.7049865722656,320.7550048828125,320.6000061035156,320.7200012207031,22182
2026-07-23 11:58:00-04:00,320.92010498046875,320.92010498046875,320.9700012207031,320.6600036621094,320.7099914550781,33592
2026-07-23 11:59:00-04:00,320.8599853515625,320.8599853515625,320.9849853515625,320.80999755859375,320.9100036621094,35079
2026-07-23 12:00:00-04:00,320.94500732421875,320.94500732421875,321.0,320.8599853515625,320.8999938964844,33097
2026-07-23 12:01:00-04:00,320.9150085449219,320.9150085449219,320.9599914550781,320.82000732421875,320.9599914550781,30093
2026-07-23 12:02:00-04:00,320.80499267578125,320.80499267578125,320.9150085449219,320.6499938964844,320.8999938964844,27850
2026-07-23 12:03:00-04:00,320.7200012207031,320.7200012207031,320.8598937988281,320.68499755859375,320.7900085449219,29196
2026-07-23 12:04:00-04:00,320.55999755859375,320.55999755859375,320.7200012207031,320.3599853515625,320.7200012207031,63708
2026-07-23 12:05:00-04:00,320.4200134277344,320.4200134277344,320.5555114746094,320.3399963378906,320.54998779296875,38835
2026-07-23 12:06:00-04:00,320.82000732421875,320.82000732421875,320.82000732421875,320.3800048828125,320.3999938964844,39402
2026-07-23 12:07:00-04:00,320.7900085449219,320.7900085449219,320.8699951171875,320.7200012207031,320.8299865722656,32597
2026-07-23 12:08:00-04:00,321.0950012207031,321.0950012207031,321.2099914550781,320.7799987792969,320.7900085449219,61453
2026-07-23 12:09:00-04:00,321.2300109863281,321.2300109863281,321.3299865722656,321.0299987792969,321.0799865722656,33147
2026-07-23 12:10:00-04:00,321.2799987792969,321.2799987792969,321.3500061035156,321.1449890136719,321.2449951171875,46690
2026-07-23 12:11:00-04:00,321.4599914550781,321.4599914550781,321.54998779296875,321.260009765625,321.28009033203125,46112
2026-07-23 12:12:00-04:00,321.3699951171875,321.3699951171875,321.5050048828125,321.3200988769531,321.44000244140625,34291
2026-07-23 12:13:00-04:00,321.3450012207031,321.3450012207031,321.44000244140625,321.2900085449219,321.3399963378906,27594
2026-07-23 12:14:00-04:00,321.45001220703125,321.45001220703125,321.5199890136719,321.3299865722656,321.3299865722656,37003
2026-07-23 12:15:00-04:00,321.4649963378906,321.4649963378906,321.5101013183594,321.4100036621094,321.4649963378906,26505
2026-07-23 12:16:00-04:00,321.4750061035156,321.4750061035156,321.4800109863281,321.3004150390625,321.45001220703125,49686
2026-07-23 12:17:00-04:00,321.32000732421875,321.32000732421875,321.5,321.30999755859375,321.4700012207031,33007
2026-07-23 12:18:00-04:00,321.1000061035156,321.1000061035156,321.30499267578125,321.0199890136719,321.30499267578125,36036
2026-07-23 12:19:00-04:00,321.0101013183594,321.0101013183594,321.1000061035156,320.8900146484375,321.1000061035156,44674
2026-07-23 12:20:00-04:00,320.9849853515625,320.9849853515625,321.125,320.95001220703125,321.0299987792969,39380
2026-07-23 12:21:00-04:00,321.1294860839844,321.1294860839844,321.17401123046875,320.92999267578125,320.9849853515625,45013
2026-07-23 12:22:00-04:00,321.3500061035156,321.3500061035156,321.3999938964844,321.04010009765625,321.1099853515625,68005
2026-07-23 12:23:00-04:00,321.2423095703125,321.2423095703125,321.4700012207031,321.1000061035156,321.3699951171875,82718
2026-07-23 12:24:00-04:00,321.3399963378906,321.3399963378906,321.3399963378906,320.80499267578125,321.25,104168
2026-07-23 12:25:00-04:00,321.1400146484375,321.1400146484375,321.3699951171875,321.1300048828125,321.31500244140625,95872
2026-07-23 12:26:00-04:00,320.8800048828125,320.8800048828125,321.1899108886719,320.8699951171875,321.1499938964844,52513
2026-07-23 12:27:00-04:00,320.7200012207031,320.7200012207031,320.92498779296875,320.70001220703125,320.86151123046875,2054883
2026-07-23 12:28:00-04:00,320.3949890136719,320.3949890136719,320.75,320.30999755859375,320.7449951171875,76268
2026-07-23 12:29:00-04:00,320.3598937988281,320.3598937988281,320.5050048828125,320.07000732421875,320.3949890136719,88344
2026-07-23 12:30:00-04:00,320.385009765625,320.385009765625,320.385009765625,320.07000732421875,320.30999755859375,49726
2026-07-23 12:31:00-04:00,320.3450012207031,320.3450012207031,320.3949890136719,320.239990234375,320.3949890136719,36266
2026-07-23 12:32:00-04:00,320.2900085449219,320.2900085449219,320.3450012207031,320.20001220703125,320.3299865722656,35535
2026-07-23 12:33:00-04:00,320.0799865722656,320.0799865722656,320.2799987792969,320.04998779296875,320.2799987792969,57749
2026-07-23 12:34:00-04:00,320.1151123046875,320.1151123046875,320.2900085449219,320.0,320.0799865722656,77837
2026-07-23 12:35:00-04:00,320.27508544921875,320.27508544921875,320.27508544921875,320.04998779296875,320.125,30606
2026-07-23 12:36:00-04:00,320.2799987792969,320.2799987792969,320.3349914550781,320.1600036621094,320.2200012207031,34340
2026-07-23 12:37:00-04:00,320.2300109863281,320.2300109863281,320.33990478515625,320.20001220703125,320.2699890136719,40874
2026-07-23 12:38:00-04:00,320.2300109863281,320.2300109863281,320.2799987792969,320.1300048828125,320.2349853515625,42318
2026-07-23 12:39:00-04:00,320.30499267578125,320.30499267578125,320.3500061035156,320.2200012207031,320.2200012207031,39086
2026-07-23 12:40:00-04:00,320.2099914550781,320.2099914550781,320.30999755859375,320.1600036621094,320.30499267578125,71550
2026-07-23 12:41:00-04:00,320.385009765625,320.385009765625,320.42999267578125,320.1700134277344,320.2099914550781,64292
2026-07-23 12:42:00-04:00,320.43499755859375,320.43499755859375,320.4599914550781,320.30999755859375,320.3800048828125,32574
2026-07-23 12:43:00-04:00,320.4100036621094,320.4100036621094,320.45001220703125,320.3299865722656,320.42999267578125,25347
2026-07-23 12:44:00-04:00,320.55999755859375,320.55999755859375,320.55999755859375,320.4100036621094,320.4100036621094,39063
2026-07-23 12:45:00-04:00,320.67999267578125,320.67999267578125,320.7200012207031,320.42999267578125,320.5400085449219,55234
2026-07-23 12:46:00-04:00,320.54998779296875,320.54998779296875,320.75,320.54998779296875,320.69500732421875,29736
2026-07-23 12:47:00-04:00,320.43499755859375,320.43499755859375,320.593994140625,320.4100036621094,320.55999755859375,45806
2026-07-23 12:48:00-04:00,320.3699951171875,320.3699951171875,320.4700012207031,320.3299865722656,320.43499755859375,40123
2026-07-23 12:49:00-04:00,320.3550109863281,320.3550109863281,320.42498779296875,320.30999755859375,320.3599853515625,28048
2026-07-23 12:50:00-04:00,320.5299987792969,320.5299987792969,320.5400085449219,320.25,320.3399963378906,39748
2026-07-23 12:51:00-04:00,320.6199951171875,320.6199951171875,320.64739990234375,320.4601135253906,320.510498046875,37827
2026-07-23 12:52:00-04:00,320.55499267578125,320.55499267578125,320.6099853515625,320.5,320.6099853515625,32442
2026-07-23 12:53:00-04:00,320.6400146484375,320.6400146484375,320.67498779296875,320.5199890136719,320.54998779296875,25407
2026-07-23 12:54:00-04:00,320.489990234375,320.489990234375,320.66619873046875,320.3599853515625,320.6200866699219,47168
2026-07-23 12:55:00-04:00,320.79998779296875,320.79998779296875,320.8599853515625,320.4800109863281,320.489990234375,53048
2026-07-23 12:56:00-04:00,320.80499267578125,320.80499267578125,320.8598937988281,320.6700134277344,320.80999755859375,36835
2026-07-23 12:57:00-04:00,320.5299987792969,320.5299987792969,320.80999755859375,320.5199890136719,320.80999755859375,47731
2026-07-23 12:58:00-04:00,320.44000244140625,320.44000244140625,320.57000732421875,320.3900146484375,320.5400085449219,49016
2026-07-23 12:59:00-04:00,320.6105041503906,320.6105041503906,320.74200439453125,320.4200134277344,320.4200134277344,45131
2026-07-23 13:00:00-04:00,320.7699890136719,320.7699890136719,320.7799987792969,320.55499267578125,320.6199951171875,38566
2026-07-23 13:01:00-04:00,320.9700012207031,320.9700012207031,320.989013671875,320.6900939941406,320.7601013183594,45679
2026-07-23 13:02:00-04:00,320.9599914550781,320.9599914550781,321.010009765625,320.79998779296875,320.9700012207031,33729
2026-07-23 13:03:00-04:00,320.82000732421875,320.82000732421875,320.9599914550781,320.79998779296875,320.9599914550781,42103
2026-07-23 13:04:00-04:00,320.6300964355469,320.6300964355469,320.8800048828125,320.6300048828125,320.82000732421875,30528
2026-07-23 13:05:00-04:00,320.45001220703125,320.45001220703125,320.6600036621094,320.360107421875,320.6549987792969,53025
2026-07-23 13:06:00-04:00,320.5150146484375,320.5150146484375,320.5400085449219,320.3399963378906,320.42999267578125,57039
2026-07-23 13:07:00-04:00,320.5350036621094,320.5350036621094,320.6600036621094,320.44000244140625,320.5299987792969,28404
2026-07-23 13:08:00-04:00,320.6000061035156,320.6000061035156,320.7300109863281,320.3800048828125,320.5498962402344,24209
2026-07-23 13:09:00-04:00,320.6300048828125,320.6300048828125,320.6700134277344,320.4400939941406,320.6000061035156,29126
2026-07-23 13:10:00-04:00,320.7099914550781,320.7099914550781,320.7099914550781,320.55999755859375,320.6449890136719,35765
2026-07-23 13:11:00-04:00,320.6499938964844,320.6499938964844,320.7300109863281,320.6099853515625,320.70001220703125,27346
2026-07-23 13:12:00-04:00,320.6300048828125,320.6300048828125,320.7300109863281,320.6199951171875,320.6700134277344,34130
2026-07-23 13:13:00-04:00,320.6300048828125,320.6300048828125,320.6549987792969,320.5799865722656,320.62060546875,31337
2026-07-23 13:14:00-04:00,320.6300048828125,320.6300048828125,320.69500732421875,320.6000061035156,320.6600036621094,26515
2026-07-23 13:15:00-04:00,320.55999755859375,320.55999755859375,320.6700134277344,320.45001220703125,320.635009765625,32996
2026-07-23 13:16:00-04:00,320.510009765625,320.510009765625,320.6700134277344,320.4800109863281,320.5657958984375,26897
2026-07-23 13:17:00-04:00,320.4700012207031,320.4700012207031,320.6099853515625,320.4700012207031,320.54998779296875,31888
2026-07-23 13:18:00-04:00,320.29998779296875,320.29998779296875,320.45001220703125,320.29998779296875,320.45001220703125,24095
2026-07-23 13:19:00-04:00,320.3900146484375,320.3900146484375,320.4100036621094,320.29998779296875,320.3299865722656,36014
2026-07-23 13:20:00-04:00,320.4800109863281,320.4800109863281,320.5400085449219,320.3500061035156,320.3999938964844,26781
2026-07-23 13:21:00-04:00,320.5,320.5,320.54998779296875,320.4700012207031,320.5,23761
2026-07-23 13:22:00-04:00,320.4949951171875,320.4949951171875,320.6300048828125,320.4599914550781,320.510009765625,27656
2026-07-23 13:23:00-04:00,320.5950012207031,320.5950012207031,320.6000061035156,320.4200134277344,320.4949951171875,19011
2026-07-23 13:24:00-04:00,320.80999755859375,320.80999755859375,320.80999755859375,320.54998779296875,320.6000061035156,27922
2026-07-23 13:25:00-04:00,320.8450012207031,320.8450012207031,320.8999938964844,320.80999755859375,320.82000732421875,42510
2026-07-23 13:26:00-04:00,320.989990234375,320.989990234375,321.04998779296875,320.82000732421875,320.8599853515625,30914
2026-07-23 13:27:00-04:00,320.8699951171875,320.8699951171875,321.0,320.8299865722656,321.0,23728
2026-07-23 13:28:00-04:00,320.9800109863281,320.9800109863281,320.9999084472656,320.8599853515625,320.8599853515625,15289
2026-07-23 13:29:00-04:00,320.8699951171875,320.8699951171875,321.0,320.8500061035156,320.9849853515625,23282
2026-07-23 13:30:00-04:00,320.94000244140625,320.94000244140625,320.9700012207031,320.75,320.8700866699219,24042
2026-07-23 13:31:00-04:00,320.8900146484375,320.8900146484375,321.04998779296875,320.8699951171875,320.95001220703125,32145
2026-07-23 13:32:00-04:00,320.80499267578125,320.80499267578125,320.9200134277344,320.7799987792969,320.9200134277344,36295
2026-07-23 13:33:00-04:00,320.885009765625,320.885009765625,320.8900146484375,320.7900085449219,320.82000732421875,33619
2026-07-23 13:34:00-04:00,320.7449951171875,320.7449951171875,320.8900146484375,320.6700134277344,320.8900146484375,21870
2026-07-23 13:35:00-04:00,320.7049865722656,320.7049865722656,320.7799987792969,320.6600036621094,320.7449951171875,39286
2026-07-23 13:36:00-04:00,320.55999755859375,320.55999755859375,320.6910095214844,320.55999755859375,320.6910095214844,34157
2026-07-23 13:37:00-04:00,320.4849853515625,320.4849853515625,320.5574951171875,320.3599853515625,320.5574951171875,48882
2026-07-23 13:38:00-04:00,320.4750061035156,320.4750061035156,320.6600036621094,320.44000244140625,320.5,31929
2026-07-23 13:39:00-04:00,320.5299987792969,320.5299987792969,320.6400146484375,320.4200134277344,320.4750061035156,36844
2026-07-23 13:40:00-04:00,320.5,320.5,320.67999267578125,320.45001220703125,320.5299987792969,42073
2026-07-23 13:41:00-04:00,320.5799865722656,320.5799865722656,320.6099853515625,320.44000244140625,320.5050048828125,36365
2026-07-23 13:42:00-04:00,320.5799865722656,320.5799865722656,320.6300048828125,320.510009765625,320.5899963378906,30996
2026-07-23 13:43:00-04:00,320.67999267578125,320.67999267578125,320.7099914550781,320.5849914550781,320.5849914550781,33260
2026-07-23 13:44:00-04:00,320.6600036621094,320.6600036621094,320.739990234375,320.6000061035156,320.69000244140625,43034
2026-07-23 13:45:00-04:00,320.875,320.875,320.95001220703125,320.54998779296875,320.6400146484375,50008
2026-07-23 13:46:00-04:00,320.9901123046875,320.9901123046875,321.0400085449219,320.8699951171875,320.875,24338
2026-07-23 13:47:00-04:00,320.9700012207031,320.9700012207031,321.0299072265625,320.9200134277344,321.0,23198
2026-07-23 13:48:00-04:00,321.0400085449219,321.0400085449219,321.05999755859375,320.8999938964844,320.9700012207031,30614
2026-07-23 13:49:00-04:00,321.1706848144531,321.1706848144531,321.20001220703125,321.0,321.04998779296875,42626
2026-07-23 13:50:00-04:00,321.3800048828125,321.3800048828125,321.39898681640625,321.1600036621094,321.1700134277344,39942
2026-07-23 13:51:00-04:00,321.2699890136719,321.2699890136719,321.3900146484375,321.239990234375,321.385009765625,55560
2026-07-23 13:52:00-04:00,321.1000061035156,321.1000061035156,321.2950134277344,321.1000061035156,321.2749938964844,21787
2026-07-23 13:53:00-04:00,321.04998779296875,321.04998779296875,321.1400146484375,321.0299987792969,321.0899963378906,41454
2026-07-23 13:54:00-04:00,320.885009765625,320.885009765625,321.0799865722656,320.8699951171875,321.0299987792969,35938
2026-07-23 13:55:00-04:00,320.8599853515625,320.8599853515625,320.9150085449219,320.67999267578125,320.8699951171875,37081
2026-07-23 13:56:00-04:00,320.7099914550781,320.7099914550781,320.92999267578125,320.7099914550781,320.8500061035156,31297
2026-07-23 13:57:00-04:00,320.5299987792969,320.5299987792969,320.7699890136719,320.5199890136719,320.7300109863281,46744
2026-07-23 13:58:00-04:00,320.3900146484375,320.3900146484375,320.55010986328125,320.3800964355469,320.5472106933594,40073
2026-07-23 13:59:00-04:00,320.51239013671875,320.51239013671875,320.57000732421875,320.3800048828125,320.393798828125,44522
2026-07-23 14:00:00-04:00,320.5849914550781,320.5849914550781,320.61480712890625,320.4599914550781,320.510009765625,38911
2026-07-23 14:01:00-04:00,320.4100036621094,320.4100036621094,320.5899963378906,320.3599853515625,320.57501220703125,38653
2026-07-23 14:02:00-04:00,320.5199890136719,320.5199890136719,320.5400085449219,320.3949890136719,320.3999938964844,32588
2026-07-23 14:03:00-04:00,320.4649963378906,320.4649963378906,320.64801025390625,320.4200134277344,320.5299987792969,54074
2026-07-23 14:04:00-04:00,320.4549865722656,320.4549865722656,320.52069091796875,320.3500061035156,320.4649963378906,61761
2026-07-23 14:05:00-04:00,320.3902893066406,320.3902893066406,320.44000244140625,320.2650146484375,320.44000244140625,68810
2026-07-23 14:06:00-04:00,320.3500061035156,320.3500061035156,320.4100036621094,320.2699890136719,320.3898010253906,49683
2026-07-23 14:07:00-04:00,320.1000061035156,320.1000061035156,320.35009765625,320.0849914550781,320.35009765625,90787
2026-07-23 14:08:00-04:00,320.1600036621094,320.1600036621094,320.2611999511719,320.0,320.0799865722656,225963
2026-07-23 14:09:00-04:00,320.0799865722656,320.0799865722656,320.2099914550781,320.0,320.1409912109375,72507
2026-07-23 14:10:00-04:00,320.17999267578125,320.17999267578125,320.19000244140625,320.0299987792969,320.0849914550781,39661
2026-07-23 14:11:00-04:00,320.18499755859375,320.18499755859375,320.2099914550781,320.0899963378906,320.1600036621094,28825
2026-07-23 14:12:00-04:00,320.1400146484375,320.1400146484375,320.19000244140625,320.0400085449219,320.18499755859375,48516
2026-07-23 14:13:00-04:00,320.1900939941406,320.1900939941406,320.2300109863281,320.1199951171875,320.1499938964844,44702
2026-07-23 14:14:00-04:00,320.1499938964844,320.1499938964844,320.239990234375,320.1099853515625,320.17999267578125,31923
2026-07-23 14:15:00-04:00,320.29998779296875,320.29998779296875,320.3299865722656,320.1300048828125,320.1400146484375,47122
2026-07-23 14:16:00-04:00,320.32000732421875,320.32000732421875,320.3599853515625,320.2250061035156,320.2900085449219,43623
2026-07-23 14:17:00-04:00,320.25,320.25,320.3900146484375,320.2301025390625,320.29998779296875,28180
2026-07-23 14:18:00-04:00,320.1199951171875,320.1199951171875,320.28009033203125,320.1000061035156,320.2300109863281,24926
2026-07-23 14:19:00-04:00,320.1680908203125,320.1680908203125,320.19000244140625,320.1000061035156,320.139892578125,25343
2026-07-23 14:20:00-04:00,320.2300109863281,320.2300109863281,320.25,320.1600036621094,320.1700134277344,29566
2026-07-23 14:21:00-04:00,320.30999755859375,320.30999755859375,320.3299865722656,320.17999267578125,320.2200012207031,26709
2026-07-23 14:22:00-04:00,320.3699951171875,320.3699951171875,320.3999938964844,320.29998779296875,320.32000732421875,42906
2026-07-23 14:23:00-04:00,320.3699951171875,320.3699951171875,320.3900146484375,320.2799987792969,320.3599853515625,36234
2026-07-23 14:24:00-04:00,320.3992004394531,320.3992004394531,320.44000244140625,320.3399963378906,320.3699951171875,30197
2026-07-23 14:25:00-04:00,320.3299865722656,320.3299865722656,320.4200134277344,320.32000732421875,320.3949890136719,29983
2026-07-23 14:26:00-04:00,320.05499267578125,320.05499267578125,320.3500061035156,320.0299987792969,320.3399963378906,55832
2026-07-23 14:27:00-04:00,320.1700134277344,320.1700134277344,320.2300109863281,320.04998779296875,320.04998779296875,44373
2026-07-23 14:28:00-04:00,320.2200012207031,320.2200012207031,320.260009765625,320.1600036621094,320.17999267578125,41855
2026-07-23 14:29:00-04:00,320.2699890136719,320.2699890136719,320.2950134277344,320.2099914550781,320.2149963378906,26857
2026-07-23 14:30:00-04:00,320.45001220703125,320.45001220703125,320.45001220703125,320.260009765625,320.2749938964844,35053
2026-07-23 14:31:00-04:00,320.42999267578125,320.42999267578125,320.494384765625,320.3301086425781,320.4599914550781,37715
2026-07-23 14:32:00-04:00,320.2900085449219,320.2900085449219,320.46990966796875,320.2850036621094,320.44989013671875,35101
2026-07-23 14:33:00-04:00,320.20001220703125,320.20001220703125,320.2998962402344,320.1600036621094,320.2799987792969,34923
2026-07-23 14:34:00-04:00,320.1300048828125,320.1300048828125,320.29998779296875,320.1300048828125,320.19000244140625,35800
2026-07-23 14:35:00-04:00,320.1400146484375,320.1400146484375,320.17999267578125,320.04998779296875,320.1300048828125,793206
2026-07-23 14:36:00-04:00,320.0741882324219,320.0741882324219,320.15509033203125,320.05999755859375,320.1199951171875,26654
2026-07-23 14:37:00-04:00,320.1199951171875,320.1199951171875,320.1499938964844,320.0,320.05999755859375,138453
2026-07-23 14:38:00-04:00,320.07000732421875,320.07000732421875,320.1549987792969,320.04998779296875,320.1300048828125,33231
2026-07-23 14:39:00-04:00,319.875,319.875,320.0751037597656,319.80999755859375,320.0751037597656,88598
2026-07-23 14:40:00-04:00,320.0838928222656,320.0838928222656,320.0838928222656,319.760009765625,319.8699951171875,73820
2026-07-23 14:41:00-04:00,319.92498779296875,319.92498779296875,320.1000061035156,319.86871337890625,320.1000061035156,47343
2026-07-23 14:42:00-04:00,319.92999267578125,319.92999267578125,319.9649963378906,319.8699951171875,319.92950439453125,40361
2026-07-23 14:43:00-04:00,319.9700012207031,319.9700012207031,320.0299987792969,319.8949890136719,319.92999267578125,35697
2026-07-23 14:44:00-04:00,320.0050048828125,320.0050048828125,320.0150146484375,319.91900634765625,319.9700012207031,37180
2026-07-23 14:45:00-04:00,320.2099914550781,320.2099914550781,320.27520751953125,320.0199890136719,320.0199890136719,42747
2026-07-23 14:46:00-04:00,320.2900085449219,320.2900085449219,320.32501220703125,320.20001220703125,320.2099914550781,35466
2026-07-23 14:47:00-04:00,320.3500061035156,320.3500061035156,320.4039001464844,320.2799987792969,320.2799987792969,29705
2026-07-23 14:48:00-04:00,320.3699951171875,320.3699951171875,320.4200134277344,320.2300109863281,320.3599853515625,44083
2026-07-23 14:49:00-04:00,320.4100036621094,320.4100036621094,320.42999267578125,320.2900085449219,320.364990234375,48338
2026-07-23 14:50:00-04:00,320.1600036621094,320.1600036621094,320.4150085449219,320.1499938964844,320.3999938964844,27595
2026-07-23 14:51:00-04:00,320.18499755859375,320.18499755859375,320.2300109863281,320.1199951171875,320.125,28291
2026-07-23 14:52:00-04:00,320.2049865722656,320.2049865722656,320.25,320.1600036621094,320.17999267578125,33021
2026-07-23 14:53:00-04:00,320.1700134277344,320.1700134277344,320.25,320.1499938964844,320.1908874511719,36535
2026-07-23 14:54:00-04:00,320.1400146484375,320.1400146484375,320.20001220703125,320.0899963378906,320.1700134277344,35608
2026-07-23 14:55:00-04:00,320.2250061035156,320.2250061035156,320.2650146484375,320.1300048828125,320.1549987792969,36097
2026-07-23 14:56:00-04:00,320.375,320.375,320.3799133300781,320.19000244140625,320.2099914550781,40040
2026-07-23 14:57:00-04:00,320.340087890625,320.340087890625,320.375,320.2699890136719,320.375,31044
2026-07-23 14:58:00-04:00,320.489990234375,320.489990234375,320.489990234375,320.3399963378906,320.3500061035156,37277
2026-07-23 14:59:00-04:00,320.7200012207031,320.7200012207031,320.7200012207031,320.4200134277344,320.4999084472656,43387
2026-07-23 15:00:00-04:00,320.9200134277344,320.9200134277344,321.0150146484375,320.7099914550781,320.7099914550781,53013
2026-07-23 15:01:00-04:00,320.82000732421875,320.82000732421875,320.92498779296875,320.82000732421875,320.9200134277344,22792
2026-07-23 15:02:00-04:00,320.8450012207031,320.8450012207031,320.864990234375,320.7900085449219,320.79998779296875,22594
2026-07-23 15:03:00-04:00,320.8299865722656,320.8299865722656,320.8699951171875,320.79998779296875,320.8599853515625,24553
2026-07-23 15:04:00-04:00,320.7799987792969,320.7799987792969,320.8699951171875,320.7099914550781,320.82000732421875,55446
2026-07-23 15:05:00-04:00,320.79010009765625,320.79010009765625,320.80499267578125,320.7099914550781,320.7799987792969,35884
2026-07-23 15:06:00-04:00,320.9599914550781,320.9599914550781,321.010009765625,320.739990234375,320.7900085449219,86813
2026-07-23 15:07:00-04:00,320.9100036621094,320.9100036621094,321.010009765625,320.8999938964844,320.9569091796875,72076
2026-07-23 15:08:00-04:00,320.6700134277344,320.6700134277344,320.9150085449219,320.6499938964844,320.8999938964844,79538
2026-07-23 15:09:00-04:00,320.7900085449219,320.7900085449219,320.79998779296875,320.6600036621094,320.6700134277344,63722
2026-07-23 15:10:00-04:00,320.64990234375,320.64990234375,320.80999755859375,320.6000061035156,320.7799987792969,66100
2026-07-23 15:11:00-04:00,320.45001220703125,320.45001220703125,320.6499938964844,320.3500061035156,320.635009765625,88649
2026-07-23 15:12:00-04:00,320.80999755859375,320.80999755859375,320.82830810546875,320.4700012207031,320.4700012207031,47152
2026-07-23 15:13:00-04:00,320.6650085449219,320.6650085449219,320.79998779296875,320.6000061035156,320.79998779296875,73146
2026-07-23 15:14:00-04:00,320.7200012207031,320.7200012207031,320.7449951171875,320.6300048828125,320.6650085449219,47358
2026-07-23 15:15:00-04:00,320.80999755859375,320.80999755859375,320.8900146484375,320.7200012207031,320.7250061035156,50421
2026-07-23 15:16:00-04:00,320.7349853515625,320.7349853515625,320.82000732421875,320.7099914550781,320.80499267578125,39464
2026-07-23 15:17:00-04:00,320.7500915527344,320.7500915527344,320.7950134277344,320.67999267578125,320.7349853515625,56055
2026-07-23 15:18:00-04:00,320.69500732421875,320.69500732421875,320.7799987792969,320.57000732421875,320.760009765625,38657
2026-07-23 15:19:00-04:00,320.7699890136719,320.7699890136719,320.7900085449219,320.69000244140625,320.69500732421875,41994
2026-07-23 15:20:00-04:00,320.9549865722656,320.9549865722656,321.0400085449219,320.79998779296875,320.80499267578125,55326
2026-07-23 15:21:00-04:00,321.1000061035156,321.1000061035156,321.1600036621094,320.9100036621094,320.9549865722656,77522
2026-07-23 15:22:00-04:00,321.1300048828125,321.1300048828125,321.20001220703125,321.0899963378906,321.1199951171875,71158
2026-07-23 15:23:00-04:00,320.989990234375,320.989990234375,321.1300048828125,320.9200134277344,321.1300048828125,48916
2026-07-23 15:24:00-04:00,321.010009765625,321.010009765625,321.0199890136719,320.8299865722656,320.97808837890625,52610
2026-07-23 15:25:00-04:00,321.010009765625,321.010009765625,321.1000061035156,320.989990234375,321.0,48631
2026-07-23 15:26:00-04:00,320.9599914550781,320.9599914550781,321.05999755859375,320.92999267578125,321.010009765625,44148
2026-07-23 15:27:00-04:00,320.9949951171875,320.9949951171875,321.07000732421875,320.9599914550781,320.9700927734375,48083
2026-07-23 15:28:00-04:00,320.7850036621094,320.7850036621094,321.0,320.7699890136719,320.9949951171875,145673
2026-07-23 15:29:00-04:00,320.4198913574219,320.4198913574219,320.7699890136719,320.3299865722656,320.7699890136719,57929
2026-07-23 15:30:00-04:00,320.3999938964844,320.3999938964844,320.43951416015625,320.2099914550781,320.3800048828125,59842
2026-07-23 15:31:00-04:00,320.17498779296875,320.17498779296875,320.4100036621094,320.0400085449219,320.3999938964844,53852
2026-07-23 15:32:00-04:00,320.2099914550781,320.2099914550781,320.3699951171875,320.1300048828125,320.17498779296875,59070
2026-07-23 15:33:00-04:00,320.44000244140625,320.44000244140625,320.44000244140625,320.2099914550781,320.2250061035156,68716
2026-07-23 15:34:00-04:00,320.32000732421875,320.32000732421875,320.4800109863281,320.32000732421875,320.4100036621094,56713
2026-07-23 15:35:00-04:00,320.260009765625,320.260009765625,320.3299865722656,320.17999267578125,320.32000732421875,57648
2026-07-23 15:36:00-04:00,320.3110046386719,320.3110046386719,320.364990234375,320.25,320.25,59583
2026-07-23 15:37:00-04:00,320.2900085449219,320.2900085449219,320.375,320.2300109863281,320.3299865722656,43983
2026-07-23 15:38:00-04:00,320.32501220703125,320.32501220703125,320.3900146484375,320.2300109863281,320.2900085449219,55795
2026-07-23 15:39:00-04:00,320.6700134277344,320.6700134277344,320.69000244140625,320.32000732421875,320.3299865722656,79885
2026-07-23 15:40:00-04:00,321.07000732421875,321.07000732421875,321.0799865722656,320.6700134277344,320.6700134277344,120819
2026-07-23 15:41:00-04:00,321.114990234375,321.114990234375,321.1400146484375,320.9599914550781,321.07000732421875,70103
2026-07-23 15:42:00-04:00,321.0299987792969,321.0299987792969,321.2250061035156,321.0199890136719,321.1199951171875,73566
2026-07-23 15:43:00-04:00,321.0849914550781,321.0849914550781,321.1099853515625,320.92498779296875,321.0400085449219,88780
2026-07-23 15:44:00-04:00,321.1199951171875,321.1199951171875,321.20001220703125,321.0199890136719,321.0899963378906,93699
2026-07-23 15:45:00-04:00,321.0,321.0,321.2300109863281,320.989990234375,321.1099853515625,87140
2026-07-23 15:46:00-04:00,320.92999267578125,320.92999267578125,321.0899963378906,320.8800048828125,320.989990234375,52452
2026-07-23 15:47:00-04:00,320.9599914550781,320.9599914550781,321.0599060058594,320.8901062011719,320.947509765625,58991
2026-07-23 15:48:00-04:00,320.8500061035156,320.8500061035156,321.0199890136719,320.79998779296875,320.95001220703125,59580
2026-07-23 15:49:00-04:00,320.7300109863281,320.7300109863281,320.9100036621094,320.6499938964844,320.875,75699
2026-07-23 15:50:00-04:00,321.260009765625,321.260009765625,321.30999755859375,320.45001220703125,320.7699890136719,188463
2026-07-23 15:51:00-04:00,321.2200012207031,321.2200012207031,321.2749938964844,321.0,321.239990234375,98720
2026-07-23 15:52:00-04:00,321.17999267578125,321.17999267578125,321.2799987792969,321.05999755859375,321.2099914550781,115890
2026-07-23 15:53:00-04:00,321.010009765625,321.010009765625,321.2200012207031,320.989990234375,321.19000244140625,119113
2026-07-23 15:54:00-04:00,320.9599914550781,320.9599914550781,321.1000061035156,320.7699890136719,321.0150146484375,249213
2026-07-23 15:55:00-04:00,321.6099853515625,321.6099853515625,321.6099853515625,321.0098876953125,321.0299987792969,290230
2026-07-23 15:56:00-04:00,321.6199951171875,321.6199951171875,321.6700134277344,321.44000244140625,321.6099853515625,201746
2026-07-23 15:57:00-04:00,321.7200012207031,321.7200012207031,321.7200012207031,321.4200134277344,321.6199951171875,281877
2026-07-23 15:58:00-04:00,321.760009765625,321.760009765625,321.9800109863281,321.70001220703125,321.7200012207031,367030
2026-07-23 15:59:00-04:00,321.6099853515625,321.6099853515625,321.9700012207031,321.3299865722656,321.760009765625,993521
2026-07-24 09:30:00-04:00,324.239990234375,324.239990234375,324.75,321.6199951171875,322.0400085449219,858048
2026-07-24 09:31:00-04:00,323.8999938964844,323.8999938964844,324.5199890136719,323.2300109863281,324.2099914550781,158335
2026-07-24 09:32:00-04:00,324.9100036621094,324.9100036621094,324.9800109863281,323.6700134277344,323.92999267578125,130578
2026-07-24 09:33:00-04:00,325.1499938964844,325.1499938964844,325.3500061035156,324.5451965332031,324.8599853515625,163922
2026-07-24 09:34:00-04:00,324.67999267578125,324.67999267578125,325.20001220703125,324.3500061035156,325.1600036621094,109273
2026-07-24 09:35:00-04:00,325.1300048828125,325.1300048828125,325.3023986816406,324.5899963378906,324.7099914550781,103213
2026-07-24 09:36:00-04:00,325.33990478515625,325.33990478515625,325.7900085449219,325.07000732421875,325.1451110839844,173999
2026-07-24 09:37:00-04:00,325.5400085449219,325.5400085449219,325.56500244140625,325.1700134277344,325.29998779296875,119917
2026-07-24 09:38:00-04:00,325.7550048828125,325.7550048828125,325.8399963378906,325.0400085449219,325.55999755859375,121645
2026-07-24 09:39:00-04:00,325.20001220703125,325.20001220703125,325.8699035644531,325.15008544921875,325.7699890136719,96519
2026-07-24 09:40:00-04:00,325.760009765625,325.760009765625,325.7893981933594,324.92999267578125,325.18499755859375,158283
2026-07-24 09:41:00-04:00,325.739990234375,325.739990234375,325.989990234375,325.6099853515625,325.7650146484375,141101
2026-07-24 09:42:00-04:00,325.6650085449219,325.6650085449219,325.889892578125,325.3500061035156,325.75,92496
2026-07-24 09:43:00-04:00,325.6300048828125,325.6300048828125,325.9200134277344,325.55999755859375,325.68499755859375,96681
2026-07-24 09:44:00-04:00,325.6700134277344,325.6700134277344,325.9382019042969,325.57000732421875,325.57000732421875,134341
2026-07-24 09:45:00-04:00,326.2200012207031,326.2200012207031,326.260009765625,325.5,325.6099853515625,168043
2026-07-24 09:46:00-04:00,326.4200134277344,326.4200134277344,326.48748779296875,326.0,326.2200012207031,194245
2026-07-24 09:47:00-04:00,326.8299865722656,326.8299865722656,326.8599853515625,326.4200134277344,326.4200134277344,216183
2026-07-24 09:48:00-04:00,327.010009765625,327.010009765625,327.1199951171875,326.70001220703125,326.8399963378906,244132
2026-07-24 09:49:00-04:00,326.80999755859375,326.80999755859375,327.510009765625,326.7699890136719,327.010009765625,245232
2026-07-24 09:50:00-04:00,327.1700134277344,327.1700134277344,327.25,326.1199951171875,326.79998779296875,160191
2026-07-24 09:51:00-04:00,326.8800964355469,326.8800964355469,327.260009765625,326.7701110839844,327.1600036621094,128722
2026-07-24 09:52:00-04:00,326.9100036621094,326.9100036621094,327.260009765625,326.8299865722656,326.8974914550781,95483
2026-07-24 09:53:00-04:00,327.239990234375,327.239990234375,327.2699890136719,326.82501220703125,326.9100036621094,117554
2026-07-24 09:54:00-04:00,327.3800048828125,327.3800048828125,327.3900146484375,327.1050109863281,327.2349853515625,99706
2026-07-24 09:55:00-04:00,327.7049865722656,327.7049865722656,327.739990234375,327.260009765625,327.3800048828125,136330
2026-07-24 09:56:00-04:00,327.4200134277344,327.4200134277344,327.760009765625,327.2300109863281,327.7250061035156,153880
2026-07-24 09:57:00-04:00,327.2200012207031,327.2200012207031,327.489013671875,327.2099914550781,327.4200134277344,112222
2026-07-24 09:58:00-04:00,327.07000732421875,327.07000732421875,327.4150085449219,326.989990234375,327.239990234375,123743
2026-07-24 09:59:00-04:00,326.864990234375,326.864990234375,327.2300109863281,326.7300109863281,327.07000732421875,102574
2026-07-24 10:00:00-04:00,327.1099853515625,327.1099853515625,327.2900085449219,326.7860107421875,326.8599853515625,127752
2026-07-24 10:01:00-04:00,327.2349853515625,327.2349853515625,327.3399963378906,326.92999267578125,327.1000061035156,108438
2026-07-24 10:02:00-04:00,327.4800109863281,327.4800109863281,327.7349853515625,327.135009765625,327.260009765625,118233
2026-07-24 10:03:00-04:00,327.5450134277344,327.5450134277344,327.69000244140625,327.4205017089844,327.4599914550781,116520
2026-07-24 10:04:00-04:00,327.3800048828125,327.3800048828125,327.6698913574219,327.1499938964844,327.5450134277344,162979
2026-07-24 10:05:00-04:00,327.614990234375,327.614990234375,327.7699890136719,327.3699951171875,327.3699951171875,151497
2026-07-24 10:06:00-04:00,327.7298889160156,327.7298889160156,327.739990234375,327.3100891113281,327.614990234375,75509
2026-07-24 10:07:00-04:00,327.739990234375,327.739990234375,327.7699890136719,327.5199890136719,327.7099914550781,63985
2026-07-24 10:08:00-04:00,327.9599914550781,327.9599914550781,327.9599914550781,327.385009765625,327.739990234375,189695
2026-07-24 10:09:00-04:00,328.1300048828125,328.1300048828125,328.2398986816406,327.93499755859375,327.9549865722656,149878
2026-07-24 10:10:00-04:00,328.5249938964844,328.5249938964844,328.57000732421875,328.1199951171875,328.1199951171875,155408
2026-07-24 10:11:00-04:00,328.2799987792969,328.2799987792969,328.6499938964844,328.1000061035156,328.5299987792969,171048
2026-07-24 10:12:00-04:00,328.2099914550781,328.2099914550781,328.4200134277344,328.0,328.2799987792969,160640
2026-07-24 10:13:00-04:00,328.239990234375,328.239990234375,328.3550109863281,328.0199890136719,328.17999267578125,75192
2026-07-24 10:14:00-04:00,328.0199890136719,328.0199890136719,328.6400146484375,328.0,328.2323913574219,214009
2026-07-24 10:15:00-04:00,327.94500732421875,327.94500732421875,328.2200012207031,327.8500061035156,328.0299987792969,87536
2026-07-24 10:16:00-04:00,328.3200988769531,328.3200988769531,328.4552001953125,327.79998779296875,327.9324035644531,133990
2026-07-24 10:17:00-04:00,328.260009765625,328.260009765625,328.5,328.135009765625,328.3500061035156,72250
2026-07-24 10:18:00-04:00,328.3399963378906,328.3399963378906,328.57000732421875,328.2300109863281,328.239990234375,86083
2026-07-24 10:19:00-04:00,328.2099914550781,328.2099914550781,328.3599853515625,328.0400085449219,328.32000732421875,63994
2026-07-24 10:20:00-04:00,328.3800048828125,328.3800048828125,328.3800048828125,328.1099853515625,328.2001037597656,65139
2026-07-24 10:21:00-04:00,328.739990234375,328.739990234375,328.7699890136719,328.2232971191406,328.364990234375,118841
2026-07-24 10:22:00-04:00,329.1231994628906,329.1231994628906,329.1600036621094,328.7200012207031,328.7200012207031,197567
2026-07-24 10:23:00-04:00,329.2300109863281,329.2300109863281,329.3399963378906,329.0299987792969,329.1400146484375,115612
2026-07-24 10:24:00-04:00,329.29998779296875,329.29998779296875,329.3999938964844,329.19000244140625,329.25,107987
2026-07-24 10:25:00-04:00,328.9800109863281,328.9800109863281,329.4389953613281,328.9100036621094,329.2850036621094,141888
2026-07-24 10:26:00-04:00,329.19000244140625,329.19000244140625,329.29998779296875,328.9800109863281,328.9800109863281,109378
2026-07-24 10:27:00-04:00,328.68499755859375,328.68499755859375,329.2200012207031,328.5899963378906,329.18499755859375,91964
2026-07-24 10:28:00-04:00,328.7951965332031,328.7951965332031,328.94000244140625,328.55999755859375,328.69000244140625,98284
2026-07-24 10:29:00-04:00,328.79998779296875,328.79998779296875,329.0799865722656,328.7300109863281,328.8399963378906,83172
2026-07-24 10:30:00-04:00,328.9599914550781,328.9599914550781,329.03948974609375,328.7300109863281,328.7950134277344,79438
2026-07-24 10:31:00-04:00,328.8800048828125,328.8800048828125,329.0199890136719,328.7900085449219,328.95001220703125,76614
2026-07-24 10:32:00-04:00,328.7799987792969,328.7799987792969,328.9200134277344,328.7099914550781,328.875,74695
2026-07-24 10:33:00-04:00,329.05499267578125,329.05499267578125,329.0799865722656,328.739990234375,328.7699890136719,87719
2026-07-24 10:34:00-04:00,329.2099914550781,329.2099914550781,329.3699951171875,328.9599914550781,329.05499267578125,138676
2026-07-24 10:35:00-04:00,329.3800048828125,329.3800048828125,329.4219970703125,329.17999267578125,329.2170104980469,83050
2026-07-24 10:36:00-04:00,329.3399963378906,329.3399963378906,329.45001220703125,329.1400146484375,329.3699951171875,69690
2026-07-24 10:37:00-04:00,329.29998779296875,329.29998779296875,329.4700012207031,329.29998779296875,329.3599853515625,81563
2026-07-24 10:38:00-04:00,329.4800109863281,329.4800109863281,329.5400085449219,329.2265930175781,329.32501220703125,110445
2026-07-24 10:39:00-04:00,329.30999755859375,329.30999755859375,329.6482849121094,329.2099914550781,329.45001220703125,103554
2026-07-24 10:40:00-04:00,329.5400085449219,329.5400085449219,329.7300109863281,329.3132019042969,329.32000732421875,135381
2026-07-24 10:41:00-04:00,329.6700134277344,329.6700134277344,329.7799987792969,329.4901123046875,329.5426940917969,112226
2026-07-24 10:42:00-04:00,329.69000244140625,329.69000244140625,329.7900085449219,329.510009765625,329.70001220703125,160169
2026-07-24 10:43:00-04:00,329.5849914550781,329.5849914550781,329.70001220703125,329.44000244140625,329.6499938964844,89666
2026-07-24 10:44:00-04:00,329.4049987792969,329.4049987792969,329.6499938964844,329.3550109863281,329.5799865722656,93334
2026-07-24 10:45:00-04:00,329.42999267578125,329.42999267578125,329.489990234375,329.2099914550781,329.4100036621094,110937
2026-07-24 10:46:00-04:00,329.57000732421875,329.57000732421875,329.6099853515625,329.3699951171875,329.4100036621094,126194
2026-07-24 10:47:00-04:00,329.4100036621094,329.4100036621094,329.6400146484375,329.31048583984375,329.6099853515625,78639
2026-07-24 10:48:00-04:00,329.4800109863281,329.4800109863281,329.6199951171875,329.4100036621094,329.4200134277344,69069
2026-07-24 10:49:00-04:00,329.4150085449219,329.4150085449219,329.55999755859375,329.2699890136719,329.4599914550781,68128
2026-07-24 10:50:00-04:00,329.75,329.75,329.75,329.18011474609375,329.4049987792969,187532
2026-07-24 10:51:00-04:00,330.0799865722656,330.0799865722656,330.1300048828125,329.7200012207031,329.73651123046875,269673
2026-07-24 10:52:00-04:00,329.8800048828125,329.8800048828125,330.1899108886719,329.8399963378906,330.0849914550781,127291
2026-07-24 10:53:00-04:00,330.0400085449219,330.0400085449219,330.0799865722656,329.8800048828125,329.8900146484375,61405
2026-07-24 10:54:00-04:00,329.70001220703125,329.70001220703125,330.07000732421875,329.6191101074219,330.07000732421875,86082
2026-07-24 10:55:00-04:00,329.68499755859375,329.68499755859375,329.7799987792969,329.510009765625,329.67999267578125,101808
2026-07-24 10:56:00-04:00,329.80999755859375,329.80999755859375,329.8900146484375,329.6400146484375,329.69000244140625,74466
2026-07-24 10:57:00-04:00,329.92498779296875,329.92498779296875,329.95001220703125,329.7099914550781,329.82000732421875,115598
2026-07-24 10:58:00-04:00,330.1401062011719,330.1401062011719,330.2200012207031,329.8699951171875,329.9200134277344,135535
2026-07-24 10:59:00-04:00,329.9649963378906,329.9649963378906,330.2300109863281,329.79998779296875,330.17498779296875,122575
2026-07-24 11:00:00-04:00,330.0950012207031,330.0950012207031,330.1600036621094,329.9100036621094,329.9599914550781,77928
2026-07-24 11:01:00-04:00,329.8299865722656,329.8299865722656,330.1099853515625,329.7099914550781,330.09991455078125,93150
2026-07-24 11:02:00-04:00,329.8599853515625,329.8599853515625,329.989990234375,329.7300109863281,329.8900146484375,56008
2026-07-24 11:03:00-04:00,330.2349853515625,330.2349853515625,330.2694091796875,329.8349914550781,329.8599853515625,82456
2026-07-24 11:04:00-04:00,330.4100036621094,330.4100036621094,330.4800109863281,330.1000061035156,330.2492980957031,110765
2026-07-24 11:05:00-04:00,330.4750061035156,330.4750061035156,330.57000732421875,330.2799987792969,330.3999938964844,109763
2026-07-24 11:06:00-04:00,330.42999267578125,330.42999267578125,330.6400146484375,330.3399963378906,330.4736022949219,89377
2026-07-24 11:07:00-04:00,330.2900085449219,330.2900085449219,330.45001220703125,330.1099853515625,330.4180908203125,61230
2026-07-24 11:08:00-04:00,330.2250061035156,330.2250061035156,330.44000244140625,330.114990234375,330.260009765625,74389
2026-07-24 11:09:00-04:00,330.3550109863281,330.3550109863281,330.4700012207031,330.19000244140625,330.239990234375,92089
2026-07-24 11:10:00-04:00,330.42999267578125,330.42999267578125,330.54998779296875,330.1400146484375,330.3550109863281,99014
2026-07-24 11:11:00-04:00,330.69000244140625,330.69000244140625,330.739990234375,330.42999267578125,330.44000244140625,143957
2026-07-24 11:12:00-04:00,330.7200012207031,330.7200012207031,330.8699951171875,330.6700134277344,330.70001220703125,132666
2026-07-24 11:13:00-04:00,330.7300109863281,330.7300109863281,330.79998779296875,330.6099853515625,330.7099914550781,76485
2026-07-24 11:14:00-04:00,331.2699890136719,331.2699890136719,331.3999938964844,330.7149963378906,330.7200012207031,247509
2026-07-24 11:15:00-04:00,331.4544982910156,331.4544982910156,331.54998779296875,331.1700134277344,331.28460693359375,260484
2026-07-24 11:16:00-04:00,331.20001220703125,331.20001220703125,331.6199951171875,331.1600036621094,331.45001220703125,105502
2026-07-24 11:17:00-04:00,331.19000244140625,331.19000244140625,331.3349914550781,331.04998779296875,331.18121337890625,128974
2026-07-24 11:18:00-04:00,331.0799865722656,331.0799865722656,331.29998779296875,331.0400085449219,331.16290283203125,100257
2026-07-24 11:19:00-04:00,331.1400146484375,331.1400146484375,331.260009765625,331.0199890136719,331.0799865722656,72207
2026-07-24 11:20:00-04:00,331.2799987792969,331.2799987792969,331.3960876464844,331.0899963378906,331.1650085449219,76054
2026-07-24 11:21:00-04:00,331.3500061035156,331.3500061035156,331.4800109863281,331.2401123046875,331.2900085449219,81131
2026-07-24 11:22:00-04:00,331.32501220703125,331.32501220703125,331.42999267578125,331.2099914550781,331.3500061035156,90786
2026-07-24 11:23:00-04:00,331.2478942871094,331.2478942871094,331.489990234375,331.19000244140625,331.32501220703125,52731
2026-07-24 11:24:00-04:00,331.4100036621094,331.4100036621094,331.5199890136719,331.2900085449219,331.2900085449219,70919
2026-07-24 11:25:00-04:00,331.5199890136719,331.5199890136719,331.5199890136719,331.3299865722656,331.4150085449219,66774
2026-07-24 11:26:00-04:00,331.7207946777344,331.7207946777344,331.75,331.4200134277344,331.489990234375,82525
2026-07-24 11:27:00-04:00,331.7749938964844,331.7749938964844,331.92999267578125,331.67999267578125,331.7318115234375,176492
2026-07-24 11:28:00-04:00,331.65008544921875,331.65008544921875,331.8599853515625,331.6400146484375,331.7900085449219,68636
2026-07-24 11:29:00-04:00,331.7650146484375,331.7650146484375,331.7900085449219,331.54949951171875,331.6600036621094,60315
2026-07-24 11:30:00-04:00,331.8299865722656,331.8299865722656,331.8999938964844,331.6700134277344,331.7749938964844,75491
2026-07-24 11:31:00-04:00,331.94000244140625,331.94000244140625,331.95001220703125,331.7850036621094,331.8299865722656,68865
2026-07-24 11:32:00-04:00,331.8699951171875,331.8699951171875,331.9800109863281,331.79998779296875,331.92498779296875,67138
2026-07-24 11:33:00-04:00,332.0450134277344,332.0450134277344,332.1300048828125,331.760009765625,331.8699951171875,102671
2026-07-24 11:34:00-04:00,332.260009765625,332.260009765625,332.29998779296875,331.9100036621094,332.0205078125,167515
2026-07-24 11:35:00-04:00,332.56500244140625,332.56500244140625,332.56500244140625,332.2200012207031,332.2598876953125,176558
2026-07-24 11:36:00-04:00,332.5150146484375,332.5150146484375,332.5849914550781,332.3900146484375,332.57501220703125,143970
2026-07-24 11:37:00-04:00,332.42498779296875,332.42498779296875,332.6000061035156,332.3800048828125,332.510009765625,103016
2026-07-24 11:38:00-04:00,332.3599853515625,332.3599853515625,332.46990966796875,332.26690673828125,332.4200134277344,126581
2026-07-24 11:39:00-04:00,332.6499938964844,332.6499938964844,332.67999267578125,332.25,332.3500061035156,100876
2026-07-24 11:40:00-04:00,332.8800048828125,332.8800048828125,332.9100036621094,332.6300048828125,332.6499938964844,148124
2026-07-24 11:41:00-04:00,332.875,332.875,333.0799865722656,332.82000732421875,332.8699951171875,209070
2026-07-24 11:42:00-04:00,333.2101135253906,333.2101135253906,333.260986328125,332.8349914550781,332.8800048828125,135260
2026-07-24 11:43:00-04:00,332.9750061035156,332.9750061035156,333.2300109863281,332.9100036621094,333.2300109863281,159619
2026-07-24 11:44:00-04:00,332.80999755859375,332.80999755859375,333.0668029785156,332.7799987792969,332.9700012207031,77407
2026-07-24 11:45:00-04:00,332.989501953125,332.989501953125,332.9949951171875,332.7200012207031,332.80999755859375,70850
2026-07-24 11:46:00-04:00,332.9801025390625,332.9801025390625,333.05999755859375,332.8900146484375,332.989990234375,83925
2026-07-24 11:47:00-04:00,333.0090026855469,333.0090026855469,333.05999755859375,332.92999267578125,333.010009765625,66634
2026-07-24 11:48:00-04:00,333.1502990722656,333.1502990722656,333.159912109375,332.82000732421875,333.0,104528
2026-07-24 11:49:00-04:00,332.9150085449219,332.9150085449219,333.1600036621094,332.8500061035156,333.1400146484375,84278
2026-07-24 11:50:00-04:00,333.32000732421875,333.32000732421875,333.3500061035156,332.9200134277344,332.9200134277344,120677
2026-07-24 11:51:00-04:00,333.20001220703125,333.20001220703125,333.375,333.17999267578125,333.30499267578125,97328
2026-07-24 11:52:00-04:00,333.32501220703125,333.32501220703125,333.3349914550781,333.125,333.19000244140625,108322
2026-07-24 11:53:00-04:00,333.3800048828125,333.3800048828125,333.3894958496094,333.18499755859375,333.3299865722656,86745
2026-07-24 11:54:00-04:00,333.3598937988281,333.3598937988281,333.6400146484375,333.3299865722656,333.375,183674
2026-07-24 11:55:00-04:00,333.0899963378906,333.0899963378906,333.3999938964844,332.9400939941406,333.3299865722656,173418
2026-07-24 11:56:00-04:00,333.2300109863281,333.2300109863281,333.25,332.9800109863281,333.07000732421875,83634
2026-07-24 11:57:00-04:00,333.1600036621094,333.1600036621094,333.343505859375,333.0,333.2200012207031,279063
2026-07-24 11:58:00-04:00,333.1000061035156,333.1000061035156,333.16668701171875,332.8599853515625,333.1600036621094,75316
2026-07-24 11:59:00-04:00,333.04998779296875,333.04998779296875,333.1700134277344,332.9599914550781,333.1000061035156,67374
2026-07-24 12:00:00-04:00,333.29998779296875,333.29998779296875,333.31500244140625,333.0,333.0400085449219,99923
2026-07-24 12:01:00-04:00,333.2200012207031,333.2200012207031,333.3900146484375,333.2099914550781,333.2900085449219,88314
2026-07-24 12:02:00-04:00,333.56109619140625,333.56109619140625,333.5899963378906,333.2200012207031,333.2200012207031,119143
2026-07-24 12:03:00-04:00,333.69500732421875,333.69500732421875,333.80999755859375,333.568115234375,333.57000732421875,137614
2026-07-24 12:04:00-04:00,333.7449951171875,333.7449951171875,333.80999755859375,333.6600036621094,333.69500732421875,74929
2026-07-24 12:05:00-04:00,334.0098876953125,334.0098876953125,334.1000061035156,333.67999267578125,333.760009765625,158388
2026-07-24 12:06:00-04:00,334.05999755859375,334.05999755859375,334.0899963378906,333.8299865722656,333.989990234375,101741
2026-07-24 12:07:00-04:00,333.5199890136719,333.5199890136719,334.0820007324219,333.4419860839844,334.07000732421875,206599
2026-07-24 12:08:00-04:00,333.3999938964844,333.3999938964844,333.69000244140625,333.3500061035156,333.5299987792969,108488
2026-07-24 12:09:00-04:00,333.07000732421875,333.07000732421875,333.3800048828125,333.0304870605469,333.3800048828125,185250
2026-07-24 12:10:00-04:00,332.8800048828125,332.8800048828125,333.0899963378906,332.7099914550781,333.0799865722656,156342
2026-07-24 12:11:00-04:00,332.8599853515625,332.8599853515625,333.0299987792969,332.8009948730469,332.8699951171875,94024
2026-07-24 12:12:00-04:00,332.7349853515625,332.7349853515625,332.8900146484375,332.6600036621094,332.84051513671875,83640
2026-07-24 12:13:00-04:00,332.80999755859375,332.80999755859375,333.1000061035156,332.7349853515625,332.75,64679
2026-07-24 12:14:00-04:00,333.2101135253906,333.2101135253906,333.2799987792969,332.760009765625,332.7900085449219,88785
2026-07-24 12:15:00-04:00,333.1700134277344,333.1700134277344,333.25,332.9599914550781,333.2200012207031,67324
2026-07-24 12:16:00-04:00,333.3349914550781,333.3349914550781,333.3999938964844,333.1600036621094,333.1969909667969,78473
2026-07-24 12:17:00-04:00,333.3800048828125,333.3800048828125,333.4549865722656,333.25,333.3500061035156,73772
2026-07-24 12:18:00-04:00,333.625,333.625,333.75,333.3399963378906,333.3999938964844,131032
2026-07-24 12:19:00-04:00,333.6700134277344,333.6700134277344,333.7401123046875,333.53009033203125,333.6200866699219,86912
2026-07-24 12:20:00-04:00,333.85400390625,333.85400390625,333.8800048828125,333.6000061035156,333.6600036621094,111123
2026-07-24 12:21:00-04:00,334.0899963378906,334.0899963378906,334.3699951171875,333.82000732421875,333.8299865722656,209736
2026-07-24 12:22:00-04:00,333.8699951171875,333.8699951171875,334.0950012207031,333.760009765625,334.0950012207031,79268
2026-07-24 12:23:00-04:00,333.8399963378906,333.8399963378906,333.989990234375,333.760009765625,333.8900146484375,73285
2026-07-24 12:24:00-04:00,333.94000244140625,333.94000244140625,333.9718933105469,333.7900085449219,333.8599853515625,48566
2026-07-24 12:25:00-04:00,333.94000244140625,333.94000244140625,333.9700012207031,333.80999755859375,333.94000244140625,35807
2026-07-24 12:26:00-04:00,334.1300048828125,334.1300048828125,334.19000244140625,333.93499755859375,333.93499755859375,79181
2026-07-24 12:27:00-04:00,334.0498962402344,334.0498962402344,334.2300109863281,334.0,334.1449890136719,86342
2026-07-24 12:28:00-04:00,333.7200927734375,333.7200927734375,334.05999755859375,333.7099914550781,334.0299987792969,76969
2026-07-24 12:29:00-04:00,333.7200012207031,333.7200012207031,333.8500061035156,333.6300048828125,333.70001220703125,68122
2026-07-24 12:30:00-04:00,333.6000061035156,333.6000061035156,333.8294982910156,333.5,333.69500732421875,82338
2026-07-24 12:31:00-04:00,333.5,333.5,333.6300048828125,333.3599853515625,333.5867004394531,89104
2026-07-24 12:32:00-04:00,333.45001220703125,333.45001220703125,333.510009765625,333.402587890625,333.4800109863281,62962
2026-07-24 12:33:00-04:00,333.3900146484375,333.3900146484375,333.54998779296875,333.3599853515625,333.4364013671875,59456
2026-07-24 12:34:00-04:00,333.5249938964844,333.5249938964844,333.57000732421875,333.3599853515625,333.3599853515625,55321
2026-07-24 12:35:00-04:00,333.79010009765625,333.79010009765625,333.8599853515625,333.5,333.5350036621094,88261
2026-07-24 12:36:00-04:00,333.7200012207031,333.7200012207031,333.889892578125,333.7200012207031,333.79058837890625,54277
2026-07-24 12:37:00-04:00,333.8500061035156,333.8500061035156,333.9075012207031,333.57000732421875,333.7250061035156,60269
2026-07-24 12:38:00-04:00,333.7200012207031,333.7200012207031,333.8699951171875,333.6400146484375,333.8599853515625,38009
2026-07-24 12:39:00-04:00,333.760009765625,333.760009765625,333.82000732421875,333.6499938964844,333.7300109863281,47420
2026-07-24 12:40:00-04:00,333.8371887207031,333.8371887207031,333.8500061035156,333.6400146484375,333.7304992675781,63530
2026-07-24 12:41:00-04:00,333.6400146484375,333.6400146484375,333.92999267578125,333.57501220703125,333.82000732421875,73398
2026-07-24 12:42:00-04:00,333.70001220703125,333.70001220703125,333.70001220703125,333.4599914550781,333.6449890136719,76426
2026-07-24 12:43:00-04:00,333.6199951171875,333.6199951171875,333.7099914550781,333.56048583984375,333.70001220703125,34127
2026-07-24 12:44:00-04:00,333.5799865722656,333.5799865722656,333.70001220703125,333.510009765625,333.6300048828125,47882
2026-07-24 12:45:00-04:00,333.5849914550781,333.5849914550781,333.7200012207031,333.4800109863281,333.5299987792969,77724
2026-07-24 12:46:00-04:00,333.3475036621094,333.3475036621094,333.6278076171875,333.2950134277344,333.5805969238281,47104
2026-07-24 12:47:00-04:00,333.07000732421875,333.07000732421875,333.42999267578125,333.05999755859375,333.3500061035156,63958
2026-07-24 12:48:00-04:00,333.1499938964844,333.1499938964844,333.25,333.010009765625,333.05999755859375,58695
2026-07-24 12:49:00-04:00,333.0450134277344,333.0450134277344,333.1700134277344,332.94000244140625,333.1700134277344,59691
2026-07-24 12:50:00-04:00,332.95001220703125,332.95001220703125,333.09320068359375,332.8699951171875,333.0199890136719,78099
2026-07-24 12:51:00-04:00,333.0400085449219,333.0400085449219,333.1499938964844,332.94281005859375,332.9599914550781,47932
2026-07-24 12:52:00-04:00,332.8619079589844,332.8619079589844,333.04998779296875,332.8100891113281,333.04998779296875,53054
2026-07-24 12:53:00-04:00,332.7699890136719,332.7699890136719,332.9700012207031,332.6820068359375,332.8550109863281,59003
2026-07-24 12:54:00-04:00,332.95001220703125,332.95001220703125,333.0299987792969,332.75,332.7601013183594,43987
2026-07-24 12:55:00-04:00,333.05499267578125,333.05499267578125,333.17999267578125,332.92999267578125,332.95001220703125,53457
2026-07-24 12:56:00-04:00,332.9100036621094,332.9100036621094,333.05999755859375,332.8100891113281,333.04010009765625,56849
2026-07-24 12:57:00-04:00,332.9700012207031,332.9700012207031,332.9700012207031,332.8800048828125,332.8900146484375,28002
2026-07-24 12:58:00-04:00,333.0238037109375,333.0238037109375,333.0799865722656,332.8999938964844,332.9700012207031,50838
2026-07-24 12:59:00-04:00,333.1820068359375,333.1820068359375,333.20001220703125,332.9700927734375,333.0400085449219,50135
2026-07-24 13:00:00-04:00,333.3500061035156,333.3500061035156,333.3900146484375,333.1839904785156,333.19000244140625,84022
2026-07-24 13:01:00-04:00,333.4599914550781,333.4599914550781,333.5400085449219,333.277099609375,333.3500061035156,102732
2026-07-24 13:02:00-04:00,333.30999755859375,333.30999755859375,333.4599914550781,333.25,333.4599914550781,49469
2026-07-24 13:03:00-04:00,332.989990234375,332.989990234375,333.3399963378906,332.9703063964844,333.30999755859375,59553
2026-07-24 13:04:00-04:00,332.8949890136719,332.8949890136719,333.0350036621094,332.8700866699219,332.9700012207031,39731
2026-07-24 13:05:00-04:00,332.9200134277344,332.9200134277344,333.0249938964844,332.9100036621094,332.9200134277344,38084
2026-07-24 13:06:00-04:00,332.6116027832031,332.6116027832031,334.2200012207031,332.5,332.92498779296875,319233
2026-07-24 13:07:00-04:00,332.7300109863281,332.7300109863281,332.7799987792969,332.55999755859375,332.6300048828125,128888
2026-07-24 13:08:00-04:00,332.7781982421875,332.7781982421875,332.81988525390625,332.6000061035156,332.71038818359375,51221
2026-07-24 13:09:00-04:00,332.6549987792969,332.6549987792969,332.79998779296875,332.6199951171875,332.7699890136719,40103
2026-07-24 13:10:00-04:00,332.760009765625,332.760009765625,332.760009765625,332.6000061035156,332.6549987792969,39689
2026-07-24 13:11:00-04:00,332.68499755859375,332.68499755859375,332.7699890136719,332.5799865722656,332.75,37628
2026-07-24 13:12:00-04:00,332.6099853515625,332.6099853515625,332.8800048828125,332.6003112792969,332.7099914550781,55164
2026-07-24 13:13:00-04:00,332.6099853515625,332.6099853515625,332.69000244140625,332.5299987792969,332.6099853515625,42610
2026-07-24 13:14:00-04:00,332.5,332.5,332.6700134277344,332.3800048828125,332.625,96681
2026-07-24 13:15:00-04:00,332.4100036621094,332.4100036621094,332.55999755859375,332.3999938964844,332.5400085449219,42265
2026-07-24 13:16:00-04:00,332.5849914550781,332.5849914550781,332.6700134277344,332.4200134277344,332.42999267578125,50917
2026-07-24 13:17:00-04:00,332.6050109863281,332.6050109863281,332.7699890136719,332.5199890136719,332.5899963378906,75902
2026-07-24 13:18:00-04:00,332.44000244140625,332.44000244140625,332.67999267578125,332.42498779296875,332.6099853515625,60912
2026-07-24 13:19:00-04:00,332.4601135253906,332.4601135253906,332.5,332.30999755859375,332.44000244140625,75406
2026-07-24 13:20:00-04:00,332.5400085449219,332.5400085449219,332.6000061035156,332.2300109863281,332.489990234375,75895
2026-07-24 13:21:00-04:00,332.44500732421875,332.44500732421875,332.70001220703125,332.3800048828125,332.55999755859375,96457
2026-07-24 13:22:00-04:00,332.239990234375,332.239990234375,332.4599914550781,332.1617126464844,332.42999267578125,82195
2026-07-24 13:23:00-04:00,332.3485107421875,332.3485107421875,332.54998779296875,332.2300109863281,332.2460021972656,59743
2026-07-24 13:24:00-04:00,332.2799987792969,332.2799987792969,332.42999267578125,332.2284851074219,332.3699951171875,50776
2026-07-24 13:25:00-04:00,332.3299865722656,332.3299865722656,332.3599853515625,332.1505126953125,332.25048828125,56249
2026-07-24 13:26:00-04:00,332.32000732421875,332.32000732421875,332.3500061035156,332.19000244140625,332.3399963378906,38602
2026-07-24 13:27:00-04:00,332.3200988769531,332.3200988769531,332.3999938964844,332.2699890136719,332.3399963378906,49081
2026-07-24 13:28:00-04:00,332.3500061035156,332.3500061035156,332.3900146484375,332.2699890136719,332.3399963378906,36627
2026-07-24 13:29:00-04:00,332.3999938964844,332.3999938964844,332.4599914550781,332.3699951171875,332.3800048828125,49604
2026-07-24 13:30:00-04:00,332.67999267578125,332.67999267578125,332.739501953125,332.3599853515625,332.3949890136719,109233
2026-07-24 13:31:00-04:00,333.12188720703125,333.12188720703125,333.19000244140625,332.55999755859375,332.6549987792969,95110
2026-07-24 13:32:00-04:00,332.9800109863281,332.9800109863281,333.1299133300781,332.7900085449219,333.1099853515625,94114
2026-07-24 13:33:00-04:00,332.8349914550781,332.8349914550781,332.9800109863281,332.80999755859375,332.9800109863281,49873
2026-07-24 13:34:00-04:00,332.8599853515625,332.8599853515625,332.8999938964844,332.7799987792969,332.8299865722656,51787
2026-07-24 13:35:00-04:00,332.9949951171875,332.9949951171875,333.010009765625,332.82000732421875,332.8599853515625,39077
2026-07-24 13:36:00-04:00,332.94549560546875,332.94549560546875,333.0299987792969,332.9200134277344,332.9999084472656,56794
2026-07-24 13:37:00-04:00,332.8800048828125,332.8800048828125,332.9700012207031,332.79998779296875,332.94000244140625,53585
2026-07-24 13:38:00-04:00,332.8800048828125,332.8800048828125,332.9700012207031,332.8517150878906,332.8999938964844,31535
2026-07-24 13:39:00-04:00,332.8500061035156,332.8500061035156,332.9100036621094,332.6000061035156,332.885009765625,49600
2026-07-24 13:40:00-04:00,332.7974853515625,332.7974853515625,332.8999938964844,332.6942138671875,332.8900146484375,35378
2026-07-24 13:41:00-04:00,332.92498779296875,332.92498779296875,332.94000244140625,332.70001220703125,332.79998779296875,42154
2026-07-24 13:42:00-04:00,332.92498779296875,332.92498779296875,332.9599914550781,332.877197265625,332.9150085449219,33448
2026-07-24 13:43:00-04:00,332.94000244140625,332.94000244140625,332.989990234375,332.8699951171875,332.9150085449219,27280
2026-07-24 13:44:00-04:00,332.9200134277344,332.9200134277344,333.07989501953125,332.8999938964844,332.9700012207031,44587
2026-07-24 13:45:00-04:00,332.9100036621094,332.9100036621094,333.0450134277344,332.79998779296875,332.9200134277344,67664
2026-07-24 13:46:00-04:00,332.9200134277344,332.9200134277344,333.04998779296875,332.8880920410156,332.8999938964844,59366
2026-07-24 13:47:00-04:00,333.0199890136719,333.0199890136719,333.1000061035156,332.9200134277344,332.9200134277344,45078
2026-07-24 13:48:00-04:00,332.94000244140625,332.94000244140625,333.0299987792969,332.8900146484375,333.0150146484375,28759
2026-07-24 13:49:00-04:00,332.9949951171875,332.9949951171875,333.03900146484375,332.9200134277344,332.94781494140625,28895
2026-07-24 13:50:00-04:00,332.95001220703125,332.95001220703125,333.0,332.8399963378906,333.0,28644
2026-07-24 13:51:00-04:00,332.8599853515625,332.8599853515625,333.0400085449219,332.8500061035156,332.9599914550781,40048
2026-07-24 13:52:00-04:00,332.8699951171875,332.8699951171875,332.94500732421875,332.83349609375,332.8599853515625,38419
2026-07-24 13:53:00-04:00,332.7900085449219,332.7900085449219,332.8500061035156,332.75,332.8500061035156,24574
2026-07-24 13:54:00-04:00,332.9150085449219,332.9150085449219,332.93499755859375,332.79998779296875,332.79998779296875,24182
2026-07-24 13:55:00-04:00,332.7449951171875,332.7449951171875,332.94500732421875,332.7449951171875,332.9200134277344,32907
2026-07-24 13:56:00-04:00,332.864990234375,332.864990234375,332.8999938964844,332.7099914550781,332.7650146484375,33896
2026-07-24 13:57:00-04:00,332.8349914550781,332.8349914550781,332.92999267578125,332.739990234375,332.864990234375,39523
2026-07-24 13:58:00-04:00,332.80999755859375,332.80999755859375,332.95001220703125,332.80499267578125,332.8399963378906,28519
2026-07-24 13:59:00-04:00,332.6499938964844,332.6499938964844,332.8598937988281,332.6300048828125,332.82000732421875,51309
2026-07-24 14:00:00-04:00,332.7200012207031,332.7200012207031,332.739990234375,332.6300048828125,332.6449890136719,34857
2026-07-24 14:01:00-04:00,332.80999755859375,332.80999755859375,332.8500061035156,332.7200012207031,332.7250061035156,33497
2026-07-24 14:02:00-04:00,332.7799987792969,332.7799987792969,332.8013916015625,332.6600036621094,332.78009033203125,48880
2026-07-24 14:03:00-04:00,332.7298889160156,332.7298889160156,332.7699890136719,332.6600036621094,332.760009765625,37155
2026-07-24 14:04:00-04:00,332.7550048828125,332.7550048828125,332.7550048828125,332.6600036621094,332.7200012207031,45059
2026-07-24 14:05:00-04:00,332.90130615234375,332.90130615234375,332.9198913574219,332.760009765625,332.7699890136719,36987
2026-07-24 14:06:00-04:00,332.9599914550781,332.9599914550781,333.0,332.8900146484375,332.8999938964844,34491
2026-07-24 14:07:00-04:00,333.1050109863281,333.1050109863281,333.1698913574219,332.9200134277344,332.9599914550781,79897
2026-07-24 14:08:00-04:00,332.8900146484375,332.8900146484375,333.135009765625,332.8500061035156,333.1098937988281,48758
2026-07-24 14:09:00-04:00,332.7601013183594,332.7601013183594,332.9549865722656,332.75,332.8599853515625,34628
2026-07-24 14:10:00-04:00,332.7799987792969,332.7799987792969,332.8550109863281,332.7699890136719,332.7799987792969,30803
2026-07-24 14:11:00-04:00,332.79998779296875,332.79998779296875,332.8782958984375,332.7300109863281,332.7850036621094,27593
2026-07-24 14:12:00-04:00,332.6000061035156,332.6000061035156,332.7699890136719,332.54010009765625,332.7699890136719,46572
2026-07-24 14:13:00-04:00,332.6300048828125,332.6300048828125,332.7200012207031,332.6000061035156,332.6000061035156,30515
2026-07-24 14:14:00-04:00,332.44000244140625,332.44000244140625,332.6499938964844,332.42999267578125,332.6400146484375,56693
2026-07-24 14:15:00-04:00,332.5,332.5,332.510009765625,332.3699951171875,332.44000244140625,49040
2026-07-24 14:16:00-04:00,332.55999755859375,332.55999755859375,332.6099853515625,332.4200134277344,332.5,45963
2026-07-24 14:17:00-04:00,332.67999267578125,332.67999267578125,332.75,332.55999755859375,332.55999755859375,39987
2026-07-24 14:18:00-04:00,332.67999267578125,332.67999267578125,332.7099914550781,332.55999755859375,332.67999267578125,44818
2026-07-24 14:19:00-04:00,332.5899963378906,332.5899963378906,332.715087890625,332.5150146484375,332.70001220703125,30243
2026-07-24 14:20:00-04:00,332.4549865722656,332.4549865722656,332.6300048828125,332.4403076171875,332.57501220703125,35605
2026-07-24 14:21:00-04:00,332.364990234375,332.364990234375,332.5199890136719,332.3599853515625,332.4501037597656,43300
2026-07-24 14:22:00-04:00,332.4100036621094,332.4100036621094,332.4100036621094,332.2900085449219,332.3500061035156,53344
2026-07-24 14:23:00-04:00,332.3999938964844,332.3999938964844,332.45001220703125,332.29998779296875,332.4100036621094,44226
2026-07-24 14:24:00-04:00,332.3999938964844,332.3999938964844,332.4800109863281,332.35009765625,332.385498046875,28979
2026-07-24 14:25:00-04:00,332.3399963378906,332.3399963378906,332.4549865722656,332.260009765625,332.4150085449219,47776
2026-07-24 14:26:00-04:00,332.2799987792969,332.2799987792969,332.3955078125,332.2099914550781,332.3500061035156,43715
2026-07-24 14:27:00-04:00,332.2099914550781,332.2099914550781,332.3900146484375,332.1400146484375,332.30999755859375,119778
2026-07-24 14:28:00-04:00,332.2799987792969,332.2799987792969,332.3800048828125,332.17999267578125,332.19000244140625,83116
2026-07-24 14:29:00-04:00,332.2650146484375,332.2650146484375,332.3900146484375,332.2001037597656,332.2900085449219,58968
2026-07-24 14:30:00-04:00,332.4200134277344,332.4200134277344,332.4200134277344,332.26031494140625,332.2650146484375,60716
2026-07-24 14:31:00-04:00,332.3299865722656,332.3299865722656,332.42498779296875,332.2850036621094,332.400390625,48621
2026-07-24 14:32:00-04:00,332.4198913574219,332.4198913574219,332.42999267578125,332.2749938964844,332.32989501953125,49244
2026-07-24 14:33:00-04:00,332.2702941894531,332.2702941894531,332.4800109863281,332.239990234375,332.4200134277344,81033
2026-07-24 14:34:00-04:00,332.19000244140625,332.19000244140625,332.2799987792969,332.05999755859375,332.260009765625,83948
2026-07-24 14:35:00-04:00,332.4549865722656,332.4549865722656,332.4800109863281,332.1099853515625,332.20001220703125,62715
2026-07-24 14:36:00-04:00,332.4775085449219,332.4775085449219,332.5799865722656,332.3999938964844,332.4700012207031,116168
2026-07-24 14:37:00-04:00,332.3599853515625,332.3599853515625,332.5199890136719,332.3550109863281,332.4750061035156,56993
2026-07-24 14:38:00-04:00,332.4150085449219,332.4150085449219,332.4200134277344,332.2900085449219,332.364990234375,71380
2026-07-24 14:39:00-04:00,332.5299987792969,332.5299987792969,332.6199951171875,332.3900146484375,332.4100036621094,152535
2026-07-24 14:40:00-04:00,332.2699890136719,332.2699890136719,332.5400085449219,332.1099853515625,332.5299987792969,76447
2026-07-24 14:41:00-04:00,332.239990234375,332.239990234375,332.3599853515625,332.19000244140625,332.25,69523
2026-07-24 14:42:00-04:00,332.32000732421875,332.32000732421875,332.32000732421875,332.05999755859375,332.2099914550781,95242
2026-07-24 14:43:00-04:00,332.4588928222656,332.4588928222656,332.5,332.29998779296875,332.3299865722656,49680
2026-07-24 14:44:00-04:00,332.2300109863281,332.2300109863281,332.489990234375,332.2200927734375,332.4590148925781,50766
2026-07-24 14:45:00-04:00,332.3900146484375,332.3900146484375,332.4100036621094,332.20001220703125,332.2099914550781,60881
2026-07-24 14:46:00-04:00,332.5,332.5,332.510009765625,332.2699890136719,332.3699951171875,33713
2026-07-24 14:47:00-04:00,332.360107421875,332.360107421875,332.5249938964844,332.3500061035156,332.4800109863281,35658
2026-07-24 14:48:00-04:00,332.5,332.5,332.6400146484375,332.3800048828125,332.3800048828125,79037
2026-07-24 14:49:00-04:00,332.67999267578125,332.67999267578125,332.68499755859375,332.44500732421875,332.5,35431
2026-07-24 14:50:00-04:00,332.95001220703125,332.95001220703125,332.9599914550781,332.69000244140625,332.69000244140625,57033
2026-07-24 14:51:00-04:00,333.0,333.0,333.04998779296875,332.8900146484375,332.92999267578125,66569
2026-07-24 14:52:00-04:00,332.9800109863281,332.9800109863281,333.07000732421875,332.70001220703125,333.010009765625,95840
2026-07-24 14:53:00-04:00,333.0899963378906,333.0899963378906,333.1099853515625,332.92999267578125,332.9800109863281,64243
2026-07-24 14:54:00-04:00,332.9800109863281,332.9800109863281,333.1000061035156,332.81048583984375,333.1000061035156,42923
2026-07-24 14:55:00-04:00,332.92999267578125,332.92999267578125,333.0050048828125,332.8901062011719,332.9849853515625,50165
2026-07-24 14:56:00-04:00,333.05999755859375,333.05999755859375,333.06988525390625,332.91009521484375,332.92999267578125,28263
2026-07-24 14:57:00-04:00,333.0299987792969,333.0299987792969,333.1700134277344,333.010009765625,333.05499267578125,93802
2026-07-24 14:58:00-04:00,332.8500061035156,332.8500061035156,333.0299987792969,332.8500061035156,333.010009765625,50831
2026-07-24 14:59:00-04:00,332.92999267578125,332.92999267578125,333.0299987792969,332.8399963378906,332.8599853515625,43718
2026-07-24 15:00:00-04:00,333.0451965332031,333.0451965332031,333.1000061035156,332.9100036621094,332.9599914550781,69498
2026-07-24 15:01:00-04:00,333.1600036621094,333.1600036621094,333.1700134277344,332.9599914550781,333.06988525390625,83730
2026-07-24 15:02:00-04:00,333.19000244140625,333.19000244140625,333.2200012207031,333.0849914550781,333.16290283203125,1644519
2026-07-24 15:03:00-04:00,333.0150146484375,333.0150146484375,333.2131042480469,332.989990234375,333.19500732421875,50803
2026-07-24 15:04:00-04:00,333.0799865722656,333.0799865722656,333.1199951171875,333.010009765625,333.0299987792969,41329
2026-07-24 15:05:00-04:00,333.1099853515625,333.1099853515625,333.2099914550781,333.04998779296875,333.0899963378906,55643
2026-07-24 15:06:00-04:00,333.1449890136719,333.1449890136719,333.2300109863281,333.0899963378906,333.1300048828125,82358
2026-07-24 15:07:00-04:00,332.82000732421875,332.82000732421875,333.1499938964844,332.760009765625,333.1401062011719,89846
2026-07-24 15:08:00-04:00,332.67999267578125,332.67999267578125,332.8399963378906,332.6199951171875,332.80999755859375,115844
2026-07-24 15:09:00-04:00,332.6099853515625,332.6099853515625,332.69000244140625,332.5400085449219,332.6700134277344,578681
2026-07-24 15:10:00-04:00,332.6300048828125,332.6300048828125,332.7300109863281,332.57000732421875,332.5899963378906,82307
2026-07-24 15:11:00-04:00,332.7749938964844,332.7749938964844,332.7749938964844,332.5799865722656,332.6300048828125,80881
2026-07-24 15:12:00-04:00,332.8999938964844,332.8999938964844,333.0299987792969,332.7449951171875,332.760009765625,99836
2026-07-24 15:13:00-04:00,332.9100036621094,332.9100036621094,333.010009765625,332.8503112792969,332.8999938964844,114306
2026-07-24 15:14:00-04:00,332.760009765625,332.760009765625,332.9200134277344,332.739990234375,332.9100036621094,53563
2026-07-24 15:15:00-04:00,332.7300109863281,332.7300109863281,332.80999755859375,332.71148681640625,332.739990234375,70883
2026-07-24 15:16:00-04:00,332.75,332.75,332.7799987792969,332.69000244140625,332.7099914550781,57337
2026-07-24 15:17:00-04:00,332.55499267578125,332.55499267578125,332.75,332.53009033203125,332.739990234375,109231
2026-07-24 15:18:00-04:00,332.8500061035156,332.8500061035156,332.8699951171875,332.4800109863281,332.5299987792969,101049
2026-07-24 15:19:00-04:00,333.07000732421875,333.07000732421875,333.0899963378906,332.760009765625,332.8500061035156,85890
2026-07-24 15:20:00-04:00,332.88861083984375,332.88861083984375,333.1000061035156,332.8599853515625,333.05499267578125,76274
2026-07-24 15:21:00-04:00,332.94000244140625,332.94000244140625,333.0367126464844,332.864990234375,332.8900146484375,62807
2026-07-24 15:22:00-04:00,332.9200134277344,332.9200134277344,332.9599914550781,332.7799987792969,332.92999267578125,50449
2026-07-24 15:23:00-04:00,332.8699951171875,332.8699951171875,332.9400939941406,332.8399963378906,332.9200134277344,45482
2026-07-24 15:24:00-04:00,332.79998779296875,332.79998779296875,332.88189697265625,332.6199951171875,332.864990234375,53203
2026-07-24 15:25:00-04:00,332.73370361328125,332.73370361328125,332.8399963378906,332.7200012207031,332.80499267578125,57613
2026-07-24 15:26:00-04:00,332.7550048828125,332.7550048828125,332.82000732421875,332.7099914550781,332.7300109863281,67261
2026-07-24 15:27:00-04:00,332.70001220703125,332.70001220703125,332.80999755859375,332.69000244140625,332.760009765625,57316
2026-07-24 15:28:00-04:00,332.6099853515625,332.6099853515625,332.7099914550781,332.5199890136719,332.69000244140625,53983
2026-07-24 15:29:00-04:00,332.489990234375,332.489990234375,332.6400146484375,332.4599914550781,332.614990234375,93012
2026-07-24 15:30:00-04:00,332.4599914550781,332.4599914550781,332.55999755859375,332.4100036621094,332.4800109863281,104576
2026-07-24 15:31:00-04:00,332.4800109863281,332.4800109863281,332.489990234375,332.3599853515625,332.4549865722656,71057
2026-07-24 15:32:00-04:00,332.5,332.5,332.5599060058594,332.44000244140625,332.4800109863281,67771
2026-07-24 15:33:00-04:00,332.4540100097656,332.4540100097656,332.5400085449219,332.375,332.5050048828125,81624
2026-07-24 15:34:00-04:00,332.3800048828125,332.3800048828125,332.4700012207031,332.3599853515625,332.4599914550781,82802
2026-07-24 15:35:00-04:00,332.5325012207031,332.5325012207031,332.6600036621094,332.34368896484375,332.3800048828125,101970
2026-07-24 15:36:00-04:00,332.5199890136719,332.5199890136719,332.70001220703125,332.5199890136719,332.5400085449219,79948
2026-07-24 15:37:00-04:00,332.5899963378906,332.5899963378906,332.7200012207031,332.4800109863281,332.5249938964844,93619
2026-07-24 15:38:00-04:00,332.3200988769531,332.3200988769531,332.58990478515625,332.3200988769531,332.58990478515625,80382
2026-07-24 15:39:00-04:00,332.3399963378906,332.3399963378906,332.46990966796875,332.260009765625,332.3399963378906,91734
2026-07-24 15:40:00-04:00,332.5450134277344,332.5450134277344,332.6099853515625,332.32000732421875,332.3399963378906,91493
2026-07-24 15:41:00-04:00,332.6400146484375,332.6400146484375,332.7300109863281,332.4700012207031,332.5299987792969,82205
2026-07-24 15:42:00-04:00,332.6099853515625,332.6099853515625,332.6499938964844,332.510009765625,332.614990234375,86991
2026-07-24 15:43:00-04:00,332.55999755859375,332.55999755859375,332.6499938964844,332.44000244140625,332.625,83140
2026-07-24 15:44:00-04:00,332.7650146484375,332.7650146484375,332.7699890136719,332.489990234375,332.57000732421875,80382
2026-07-24 15:45:00-04:00,332.5703125,332.5703125,332.8599853515625,332.5205078125,332.7550048828125,113883
2026-07-24 15:46:00-04:00,332.4200134277344,332.4200134277344,332.57818603515625,332.29998779296875,332.5600891113281,117128
2026-07-24 15:47:00-04:00,332.25,332.25,332.4599914550781,332.2200012207031,332.4200134277344,131475
2026-07-24 15:48:00-04:00,332.0,332.0,332.2799987792969,331.989990234375,332.25,130254
2026-07-24 15:49:00-04:00,331.9800109863281,331.9800109863281,332.0199890136719,331.8500061035156,332.010009765625,110634
2026-07-24 15:50:00-04:00,332.68499755859375,332.68499755859375,332.75,331.9501037597656,331.9700012207031,202920
2026-07-24 15:51:00-04:00,333.1700134277344,333.1700134277344,333.260009765625,332.6051940917969,332.67999267578125,280824
2026-07-24 15:52:00-04:00,333.0299987792969,333.0299987792969,333.139892578125,332.7099914550781,333.139892578125,186987
2026-07-24 15:53:00-04:00,333.3450012207031,333.3450012207031,333.3999938964844,333.0299987792969,333.0299987792969,184890
2026-07-24 15:54:00-04:00,333.239990234375,333.239990234375,333.45001220703125,333.1300048828125,333.3399963378906,185210
2026-07-24 15:55:00-04:00,333.1600036621094,333.1600036621094,333.42999267578125,332.7950134277344,333.260009765625,240351
2026-07-24 15:56:00-04:00,333.2300109863281,333.2300109863281,333.2900085449219,333.05999755859375,333.1700134277344,163247
2026-07-24 15:57:00-04:00,333.19000244140625,333.19000244140625,333.30999755859375,333.07000732421875,333.2099914550781,207304
2026-07-24 15:58:00-04:00,332.9750061035156,332.9750061035156,333.2200012207031,332.9200134277344,333.19000244140625,414674
2026-07-24 15:59:00-04:00,333.07000732421875,333.07000732421875,333.25,332.75,332.9700012207031,770248
2026-07-27 09:30:00-04:00,335.3349914550781,335.3349914550781,336.70001220703125,334.1000061035156,334.8999938964844,1876287
2026-07-27 09:31:00-04:00,335.5,335.5,336.3800048828125,335.1199951171875,335.4200134277344,271943
2026-07-27 09:32:00-04:00,336.73968505859375,336.73968505859375,336.947998046875,335.510009765625,335.510009765625,236166
2026-07-27 09:33:00-04:00,336.68499755859375,336.68499755859375,337.1199951171875,336.477294921875,336.70001220703125,250700
2026-07-27 09:34:00-04:00,335.5450134277344,335.5450134277344,337.0400085449219,335.3504943847656,336.75,292933
2026-07-27 09:35:00-04:00,335.6600036621094,335.6600036621094,335.8699951171875,335.1805114746094,335.5400085449219,174967
2026-07-27 09:36:00-04:00,336.19500732421875,336.19500732421875,336.510009765625,335.70098876953125,335.760009765625,170292
2026-07-27 09:37:00-04:00,334.3500061035156,334.3500061035156,336.32000732421875,334.2799987792969,336.239990234375,232690
2026-07-27 09:38:00-04:00,335.760009765625,335.760009765625,335.8999938964844,334.32000732421875,334.3900146484375,170116
2026-07-27 09:39:00-04:00,335.7349853515625,335.7349853515625,335.8349914550781,335.1499938964844,335.82000732421875,101324
2026-07-27 09:40:00-04:00,335.6099853515625,335.6099853515625,336.05950927734375,335.5439147949219,335.760009765625,111124
2026-07-27 09:41:00-04:00,335.3999938964844,335.3999938964844,335.9200134277344,335.3200988769531,335.69000244140625,124258
2026-07-27 09:42:00-04:00,335.3800048828125,335.3800048828125,335.7699890136719,335.29998779296875,335.3999938964844,114474
2026-07-27 09:43:00-04:00,335.3999938964844,335.3999938964844,335.6300048828125,335.2799987792969,335.3500061035156,108463
2026-07-27 09:44:00-04:00,335.05999755859375,335.05999755859375,335.4700012207031,334.9200134277344,335.42999267578125,181434
2026-07-27 09:45:00-04:00,335.5899963378906,335.5899963378906,335.6499938964844,334.8999938964844,335.0199890136719,127255
2026-07-27 09:46:00-04:00,335.57000732421875,335.57000732421875,335.79998779296875,335.4700012207031,335.5899963378906,107680
2026-07-27 09:47:00-04:00,336.2250061035156,336.2250061035156,336.3999938964844,335.5,335.5979919433594,203985
2026-07-27 09:48:00-04:00,336.5150146484375,336.5150146484375,336.7799987792969,336.1400146484375,336.2699890136719,254187
2026-07-27 09:49:00-04:00,335.35009765625,335.35009765625,336.5715026855469,335.2300109863281,336.5199890136719,121345
2026-07-27 09:50:00-04:00,335.1300048828125,335.1300048828125,335.44000244140625,335.0,335.3999938964844,127980
2026-07-27 09:51:00-04:00,334.94500732421875,334.94500732421875,335.3599853515625,334.760009765625,335.1050109863281,163977
2026-07-27 09:52:00-04:00,334.9750061035156,334.9750061035156,335.19000244140625,334.6300048828125,334.9549865722656,104398
2026-07-27 09:53:00-04:00,335.0199890136719,335.0199890136719,335.1099853515625,334.55999755859375,334.9599914550781,124514
2026-07-27 09:54:00-04:00,334.7850036621094,334.7850036621094,335.1299133300781,334.6499938964844,335.0498962402344,195910
2026-07-27 09:55:00-04:00,334.2200012207031,334.2200012207031,334.79998779296875,334.0199890136719,334.7799987792969,157254
2026-07-27 09:56:00-04:00,334.8599853515625,334.8599853515625,334.94000244140625,334.1900939941406,334.1900939941406,136498
2026-07-27 09:57:00-04:00,335.1700134277344,335.1700134277344,335.3599853515625,334.82000732421875,334.8399963378906,126730
2026-07-27 09:58:00-04:00,335.07000732421875,335.07000732421875,335.5799865722656,334.9599914550781,335.1650085449219,163124
2026-07-27 09:59:00-04:00,335.5849914550781,335.5849914550781,335.6600036621094,335.06048583984375,335.0799865722656,129531
2026-07-27 10:00:00-04:00,336.0299987792969,336.0299987792969,336.05999755859375,335.260009765625,335.6199951171875,183187
2026-07-27 10:01:00-04:00,336.6449890136719,336.6449890136719,336.7799987792969,335.9700012207031,336.05499267578125,282870
2026-07-27 10:02:00-04:00,336.6700134277344,336.6700134277344,336.8900146484375,336.3900146484375,336.6400146484375,136188
2026-07-27 10:03:00-04:00,336.69500732421875,336.69500732421875,336.8999938964844,336.5600891113281,336.6700134277344,109568
2026-07-27 10:04:00-04:00,335.7300109863281,335.7300109863281,336.69000244140625,335.55999755859375,336.69000244140625,232232
2026-07-27 10:05:00-04:00,335.7300109863281,335.7300109863281,335.989990234375,335.6499938964844,335.7651062011719,103574
2026-07-27 10:06:00-04:00,336.31500244140625,336.31500244140625,336.4175109863281,335.70001220703125,335.715087890625,116034
2026-07-27 10:07:00-04:00,336.19500732421875,336.19500732421875,336.45001220703125,335.95001220703125,336.3049011230469,78411
2026-07-27 10:08:00-04:00,336.5199890136719,336.5199890136719,336.789794921875,336.1700134277344,336.18499755859375,95908
2026-07-27 10:09:00-04:00,336.3500061035156,336.3500061035156,336.6099853515625,336.2300109863281,336.5299072265625,60872
2026-07-27 10:10:00-04:00,336.0350036621094,336.0350036621094,336.3699951171875,336.0,336.3515930175781,84661
2026-07-27 10:11:00-04:00,336.3699951171875,336.3699951171875,336.45001220703125,335.9599914550781,336.0299987792969,116203
2026-07-27 10:12:00-04:00,336.68951416015625,336.68951416015625,336.693603515625,335.8999938964844,336.3949890136719,255072
2026-07-27 10:13:00-04:00,336.54901123046875,336.54901123046875,336.70001220703125,336.3349914550781,336.6700134277344,98134
2026-07-27 10:14:00-04:00,336.6000061035156,336.6000061035156,336.7799987792969,336.3699951171875,336.55999755859375,127409
2026-07-27 10:15:00-04:00,337.0098876953125,337.0098876953125,337.0199890136719,336.57000732421875,336.6000061035156,167159
2026-07-27 10:16:00-04:00,337.44000244140625,337.44000244140625,337.45989990234375,336.9700012207031,337.01971435546875,167727
2026-07-27 10:17:00-04:00,337.80499267578125,337.80499267578125,337.8399963378906,337.43011474609375,337.46099853515625,204829
2026-07-27 10:18:00-04:00,337.5950012207031,337.5950012207031,337.8699951171875,337.4100036621094,337.80010986328125,137312
2026-07-27 10:19:00-04:00,337.6300048828125,337.6300048828125,337.80999755859375,337.5299987792969,337.6199951171875,170557
2026-07-27 10:20:00-04:00,337.45001220703125,337.45001220703125,337.67999267578125,337.1217041015625,337.6300048828125,100905
2026-07-27 10:21:00-04:00,337.8500061035156,337.8500061035156,337.9200134277344,337.4800109863281,337.4800109863281,160230
2026-07-27 10:22:00-04:00,337.8900146484375,337.8900146484375,338.1000061035156,337.75,337.8800048828125,265231
2026-07-27 10:23:00-04:00,337.95001220703125,337.95001220703125,338.09991455078125,337.760009765625,337.8699951171875,187255
2026-07-27 10:24:00-04:00,337.7300109863281,337.7300109863281,338.1400146484375,337.6300048828125,337.9617004394531,224444
2026-07-27 10:25:00-04:00,337.489990234375,337.489990234375,337.739990234375,337.04998779296875,337.739990234375,196982
2026-07-27 10:26:00-04:00,337.75,337.75,337.8999938964844,337.47259521484375,337.47259521484375,167938
2026-07-27 10:27:00-04:00,337.6000061035156,337.6000061035156,337.8500061035156,337.5663146972656,337.7699890136719,106042
2026-07-27 10:28:00-04:00,337.81500244140625,337.81500244140625,337.85400390625,337.4599914550781,337.6300048828125,130390
2026-07-27 10:29:00-04:00,337.69000244140625,337.69000244140625,337.92999267578125,337.6199951171875,337.80999755859375,141941
2026-07-27 10:30:00-04:00,337.46990966796875,337.46990966796875,337.8500061035156,337.04998779296875,337.70001220703125,216957
2026-07-27 10:31:00-04:00,337.2080078125,337.2080078125,337.6300048828125,337.1000061035156,337.44000244140625,141432
2026-07-27 10:32:00-04:00,337.2900085449219,337.2900085449219,337.2900085449219,336.79998779296875,337.239990234375,258140
2026-07-27 10:33:00-04:00,337.3599853515625,337.3599853515625,337.4800109863281,337.2300109863281,337.2699890136719,106612
2026-07-27 10:34:00-04:00,337.3500061035156,337.3500061035156,337.6099853515625,337.1700134277344,337.3699951171875,208495
2026-07-27 10:35:00-04:00,337.32000732421875,337.32000732421875,337.32000732421875,336.9599914550781,337.2900085449219,141270
2026-07-27 10:36:00-04:00,337.1199951171875,337.1199951171875,337.614990234375,337.0799865722656,337.30999755859375,159972
2026-07-27 10:37:00-04:00,337.3900146484375,337.3900146484375,337.69000244140625,337.07000732421875,337.10009765625,165111
2026-07-27 10:38:00-04:00,337.5199890136719,337.5199890136719,337.57000732421875,337.04998779296875,337.3900146484375,171098
2026-07-27 10:39:00-04:00,337.6700134277344,337.6700134277344,337.7200012207031,337.3299865722656,337.510009765625,166606
2026-07-27 10:40:00-04:00,337.6600036621094,337.6600036621094,337.90899658203125,337.4599914550781,337.7300109863281,193394
2026-07-27 10:41:00-04:00,337.0299987792969,337.0299987792969,337.67498779296875,336.5299987792969,337.6700134277344,227985
2026-07-27 10:42:00-04:00,337.010009765625,337.010009765625,337.1285095214844,336.7499084472656,337.05999755859375,171991
2026-07-27 10:43:00-04:00,336.6499938964844,336.6499938964844,337.09991455078125,336.57000732421875,337.0400085449219,158238
2026-07-27 10:44:00-04:00,336.32501220703125,336.32501220703125,336.8500061035156,336.2300109863281,336.6700134277344,169014
2026-07-27 10:45:00-04:00,336.5199890136719,336.5199890136719,336.8800048828125,336.31500244140625,336.32501220703125,140811
2026-07-27 10:46:00-04:00,336.3999938964844,336.3999938964844,336.69989013671875,336.1199951171875,336.5,168490
2026-07-27 10:47:00-04:00,336.70989990234375,336.70989990234375,336.70989990234375,336.2900085449219,336.3901062011719,115022
2026-07-27 10:48:00-04:00,337.33990478515625,337.33990478515625,337.5,336.5799865722656,336.7200012207031,157691
2026-07-27 10:49:00-04:00,337.3699951171875,337.3699951171875,337.5799865722656,337.17498779296875,337.29998779296875,133108
2026-07-27 10:50:00-04:00,337.4200134277344,337.4200134277344,337.510009765625,337.20001220703125,337.3900146484375,86229
2026-07-27 10:51:00-04:00,337.3450012207031,337.3450012207031,337.5,337.2601013183594,337.3999938964844,93890
2026-07-27 10:52:00-04:00,336.8999938964844,336.8999938964844,337.4200134277344,336.7799987792969,337.3100891113281,125439
2026-07-27 10:53:00-04:00,336.69000244140625,336.69000244140625,336.989990234375,336.6400146484375,336.8815002441406,89996
2026-07-27 10:54:00-04:00,336.9700012207031,336.9700012207031,336.9849853515625,336.61749267578125,336.7200012207031,67426
2026-07-27 10:55:00-04:00,337.3999938964844,337.3999938964844,337.989990234375,336.94000244140625,336.9700012207031,178831
2026-07-27 10:56:00-04:00,337.239990234375,337.239990234375,337.409912109375,337.20001220703125,337.385009765625,78083
2026-07-27 10:57:00-04:00,337.7799987792969,337.7799987792969,337.8999938964844,337.2200012207031,337.2699890136719,166757
2026-07-27 10:58:00-04:00,338.1700134277344,338.1700134277344,338.2200012207031,337.6700134277344,337.7879943847656,191463
2026-07-27 10:59:00-04:00,338.20001220703125,338.20001220703125,338.33990478515625,338.0199890136719,338.17999267578125,165277
2026-07-27 11:00:00-04:00,338.6700134277344,338.6700134277344,338.760009765625,338.17999267578125,338.25,218506
2026-07-27 11:01:00-04:00,339.3334045410156,339.3334045410156,339.3789978027344,338.67999267578125,338.67999267578125,306744
2026-07-27 11:02:00-04:00,339.2099914550781,339.2099914550781,339.5,338.9403076171875,339.3299865722656,253610
2026-07-27 11:03:00-04:00,339.1650085449219,339.1650085449219,339.4590148925781,339.0804138183594,339.17999267578125,147604
2026-07-27 11:04:00-04:00,339.1000061035156,339.1000061035156,339.2101135253906,338.8203125,339.14801025390625,137859
2026-07-27 11:05:00-04:00,339.17999267578125,339.17999267578125,339.19000244140625,338.8999938964844,339.1099853515625,102754
2026-07-27 11:06:00-04:00,339.239990234375,339.239990234375,339.4200134277344,339.04998779296875,339.1700134277344,165219
2026-07-27 11:07:00-04:00,339.0400085449219,339.0400085449219,339.3299865722656,338.9241027832031,339.2200927734375,137054
2026-07-27 11:08:00-04:00,338.7699890136719,338.7699890136719,339.0400085449219,338.6400146484375,339.0400085449219,114844
2026-07-27 11:09:00-04:00,338.5899963378906,338.5899963378906,338.8799133300781,338.57000732421875,338.7650146484375,109970
2026-07-27 11:10:00-04:00,338.6499938964844,338.6499938964844,338.80999755859375,338.5899963378906,338.6300048828125,79080
2026-07-27 11:11:00-04:00,338.82000732421875,338.82000732421875,338.8800048828125,338.55999755859375,338.6400146484375,87998
2026-07-27 11:12:00-04:00,338.7850036621094,338.7850036621094,338.94989013671875,338.75,338.82000732421875,52924
2026-07-27 11:13:00-04:00,338.9599914550781,338.9599914550781,339.0299987792969,338.7850036621094,338.7900085449219,76892
2026-07-27 11:14:00-04:00,339.04998779296875,339.04998779296875,339.20001220703125,338.94000244140625,338.9800109863281,69852
2026-07-27 11:15:00-04:00,339.08599853515625,339.08599853515625,339.2099914550781,338.9800109863281,339.04998779296875,68632
2026-07-27 11:16:00-04:00,339.1000061035156,339.1000061035156,339.20001220703125,339.0299987792969,339.0849914550781,73605
2026-07-27 11:17:00-04:00,338.9150085449219,338.9150085449219,339.20001220703125,338.8699951171875,339.0849914550781,70445
2026-07-27 11:18:00-04:00,338.8599853515625,338.8599853515625,338.9200134277344,338.6099853515625,338.8999938964844,118925
2026-07-27 11:19:00-04:00,338.8399963378906,338.8399963378906,338.95001220703125,338.6600036621094,338.8699951171875,65170
2026-07-27 11:20:00-04:00,338.7300109863281,338.7300109863281,338.9695129394531,338.70098876953125,338.864990234375,66954
2026-07-27 11:21:00-04:00,338.6000061035156,338.6000061035156,338.8399963378906,338.6000061035156,338.7349853515625,76959
2026-07-27 11:22:00-04:00,338.6700134277344,338.6700134277344,338.80999755859375,338.53009033203125,338.614990234375,103497
2026-07-27 11:23:00-04:00,338.614990234375,338.614990234375,338.79998779296875,338.4599914550781,338.6499938964844,72462
2026-07-27 11:24:00-04:00,338.5801086425781,338.5801086425781,338.6199951171875,338.260498046875,338.6000061035156,82092
2026-07-27 11:25:00-04:00,338.625,338.625,338.7200012207031,338.510009765625,338.5950927734375,64320
2026-07-27 11:26:00-04:00,338.80999755859375,338.80999755859375,338.80999755859375,338.44000244140625,338.6099853515625,57368
2026-07-27 11:27:00-04:00,338.6400146484375,338.6400146484375,338.8999938964844,338.635986328125,338.789306640625,63260
2026-07-27 11:28:00-04:00,338.6000061035156,338.6000061035156,338.7099914550781,338.5299987792969,338.66009521484375,43120
2026-07-27 11:29:00-04:00,338.739990234375,338.739990234375,338.7499084472656,338.6000061035156,338.6000061035156,60195
2026-07-27 11:30:00-04:00,338.8500061035156,338.8500061035156,338.8500061035156,338.5723876953125,338.7300109863281,51542
2026-07-27 11:31:00-04:00,338.93499755859375,338.93499755859375,338.968994140625,338.6700134277344,338.8599853515625,93731
2026-07-27 11:32:00-04:00,339.05999755859375,339.05999755859375,339.20001220703125,338.8999938964844,338.92498779296875,130403
2026-07-27 11:33:00-04:00,339.4100036621094,339.4100036621094,339.4599914550781,339.0299987792969,339.05999755859375,133905
2026-07-27 11:34:00-04:00,339.3699951171875,339.3699951171875,339.57000732421875,339.29998779296875,339.4049987792969,126120
2026-07-27 11:35:00-04:00,339.04998779296875,339.04998779296875,339.3500061035156,338.9800109863281,339.3500061035156,112513
2026-07-27 11:36:00-04:00,338.44500732421875,338.44500732421875,339.0400085449219,338.3999938964844,339.0400085449219,164423
2026-07-27 11:37:00-04:00,338.2200927734375,338.2200927734375,338.6199951171875,338.2200012207031,338.44500732421875,106853
2026-07-27 11:38:00-04:00,337.82000732421875,337.82000732421875,338.25,337.70001220703125,338.25,182273
2026-07-27 11:39:00-04:00,337.4700012207031,337.4700012207031,337.9200134277344,337.3800048828125,337.80999755859375,1399600
2026-07-27 11:40:00-04:00,337.43499755859375,337.43499755859375,337.6000061035156,337.0899963378906,337.5,122077
2026-07-27 11:41:00-04:00,337.57000732421875,337.57000732421875,337.6499938964844,337.4200134277344,337.45001220703125,89584
2026-07-27 11:42:00-04:00,337.80999755859375,337.80999755859375,337.82000732421875,337.54998779296875,337.5799865722656,95469
2026-07-27 11:43:00-04:00,337.93499755859375,337.93499755859375,337.9800109863281,337.7250061035156,337.8299865722656,83834
2026-07-27 11:44:00-04:00,338.260009765625,338.260009765625,338.3320007324219,337.9200134277344,337.95001220703125,90437
2026-07-27 11:45:00-04:00,338.0150146484375,338.0150146484375,338.29998779296875,337.8500061035156,338.2898864746094,80727
2026-07-27 11:46:00-04:00,338.20001220703125,338.20001220703125,338.2900085449219,337.9700012207031,337.9700012207031,52411
2026-07-27 11:47:00-04:00,338.30499267578125,338.30499267578125,338.3599853515625,338.1199951171875,338.20001220703125,70247
2026-07-27 11:48:00-04:00,338.1050109863281,338.1050109863281,338.55999755859375,338.0899963378906,338.3299865722656,74421
2026-07-27 11:49:00-04:00,338.2300109863281,338.2300109863281,338.2799987792969,338.0899963378906,338.1400146484375,43076
2026-07-27 11:50:00-04:00,338.2200012207031,338.2200012207031,338.30999755859375,338.1202087402344,338.30999755859375,39954
2026-07-27 11:51:00-04:00,338.2850036621094,338.2850036621094,338.42498779296875,338.1650085449219,338.2149963378906,38667
2026-07-27 11:52:00-04:00,337.90008544921875,337.90008544921875,338.3399963378906,337.8800048828125,338.2799987792969,107268
2026-07-27 11:53:00-04:00,337.760009765625,337.760009765625,337.9700012207031,337.7099914550781,337.8999938964844,63207
2026-07-27 11:54:00-04:00,337.9399108886719,337.9399108886719,337.9800109863281,337.6700134277344,337.7650146484375,60686
2026-07-27 11:55:00-04:00,337.7799987792969,337.7799987792969,337.9549865722656,337.635986328125,337.92999267578125,49588
2026-07-27 11:56:00-04:00,337.7449951171875,337.7449951171875,337.8794860839844,337.6300048828125,337.79998779296875,33905
2026-07-27 11:57:00-04:00,337.6400146484375,337.6400146484375,337.80999755859375,337.625,337.739990234375,1093038
2026-07-27 11:58:00-04:00,336.79998779296875,336.79998779296875,337.6300048828125,336.760986328125,337.6199951171875,95025
2026-07-27 11:59:00-04:00,337.06500244140625,337.06500244140625,337.1099853515625,336.75,336.7799987792969,90812
2026-07-27 12:00:00-04:00,337.2099914550781,337.2099914550781,337.3900146484375,336.95001220703125,337.0400085449219,54211
2026-07-27 12:01:00-04:00,337.16009521484375,337.16009521484375,337.2900085449219,337.010009765625,337.260009765625,76616
2026-07-27 12:02:00-04:00,337.45001220703125,337.45001220703125,337.45001220703125,337.1400146484375,337.1400146484375,141530
2026-07-27 12:03:00-04:00,337.17999267578125,337.17999267578125,337.4599914550781,337.1650085449219,337.44000244140625,48157
2026-07-27 12:04:00-04:00,337.2301025390625,337.2301025390625,337.260009765625,337.04998779296875,337.19000244140625,47369
2026-07-27 12:05:00-04:00,337.04998779296875,337.04998779296875,337.2799987792969,337.0299987792969,337.2650146484375,43039
2026-07-27 12:06:00-04:00,337.1700134277344,337.1700134277344,337.1700134277344,337.0299987792969,337.04998779296875,41219
2026-07-27 12:07:00-04:00,337.2049865722656,337.2049865722656,337.2799987792969,337.1099853515625,337.1700134277344,28555
2026-07-27 12:08:00-04:00,337.1449890136719,337.1449890136719,337.2300109863281,337.1000061035156,337.2049865722656,25732
2026-07-27 12:09:00-04:00,337.20001220703125,337.20001220703125,337.2300109863281,337.0299987792969,337.1300048828125,33789
2026-07-27 12:10:00-04:00,337.43499755859375,337.43499755859375,337.44000244140625,337.10009765625,337.1900939941406,80306
2026-07-27 12:11:00-04:00,337.3299865722656,337.3299865722656,337.4399108886719,337.30999755859375,337.42999267578125,36399
2026-07-27 12:12:00-04:00,337.44000244140625,337.44000244140625,337.5299987792969,337.32501220703125,337.3500061035156,43026
2026-07-27 12:13:00-04:00,337.25,337.25,337.42999267578125,337.17498779296875,337.4200134277344,32576
2026-07-27 12:14:00-04:00,337.30999755859375,337.30999755859375,337.3550109863281,337.1600036621094,337.239990234375,35228
2026-07-27 12:15:00-04:00,337.2049865722656,337.2049865722656,337.58990478515625,337.2049865722656,337.3299865722656,42325
2026-07-27 12:16:00-04:00,337.29998779296875,337.29998779296875,337.3399963378906,337.19500732421875,337.2099914550781,33291
2026-07-27 12:17:00-04:00,337.45001220703125,337.45001220703125,337.5751037597656,337.2699890136719,337.30999755859375,45858
2026-07-27 12:18:00-04:00,337.69000244140625,337.69000244140625,337.8800048828125,337.4200134277344,337.45001220703125,73024
2026-07-27 12:19:00-04:00,337.4800109863281,337.4800109863281,337.7099914550781,337.3399963378906,337.69000244140625,37895
2026-07-27 12:20:00-04:00,337.5,337.5,337.6199951171875,337.42059326171875,337.4849853515625,49378
2026-07-27 12:21:00-04:00,337.55499267578125,337.55499267578125,337.6499938964844,337.45001220703125,337.4801025390625,43388
2026-07-27 12:22:00-04:00,337.6449890136719,337.6449890136719,337.69000244140625,337.4800109863281,337.5299987792969,36340
2026-07-27 12:23:00-04:00,337.4599914550781,337.4599914550781,337.6449890136719,337.29998779296875,337.6449890136719,76478
2026-07-27 12:24:00-04:00,337.489990234375,337.489990234375,337.5400085449219,337.32000732421875,337.43499755859375,32791
2026-07-27 12:25:00-04:00,337.9649963378906,337.9649963378906,338.0,337.42498779296875,337.510009765625,132431
2026-07-27 12:26:00-04:00,337.7699890136719,337.7699890136719,337.9700012207031,337.6400146484375,337.9700012207031,52259
2026-07-27 12:27:00-04:00,337.82000732421875,337.82000732421875,337.8699951171875,337.67999267578125,337.7099914550781,46190
2026-07-27 12:28:00-04:00,337.5299987792969,337.5299987792969,337.8599853515625,337.4949951171875,337.80999755859375,53759
2026-07-27 12:29:00-04:00,337.4501037597656,337.4501037597656,337.57000732421875,337.32000732421875,337.5350036621094,55402
2026-07-27 12:30:00-04:00,337.5450134277344,337.5450134277344,337.6000061035156,337.42999267578125,337.4599914550781,53074
2026-07-27 12:31:00-04:00,337.5450134277344,337.5450134277344,337.6300048828125,337.4800109863281,337.5450134277344,33898
2026-07-27 12:32:00-04:00,337.6400146484375,337.6400146484375,337.7398986816406,337.5450134277344,337.5450134277344,38323
2026-07-27 12:33:00-04:00,337.5,337.5,337.6700134277344,337.4150085449219,337.6549987792969,27845
2026-07-27 12:34:00-04:00,337.7200012207031,337.7200012207031,337.75,337.5,337.5,39460
2026-07-27 12:35:00-04:00,337.6549987792969,337.6549987792969,337.7699890136719,337.5799865722656,337.7200012207031,43122
2026-07-27 12:36:00-04:00,338.1300048828125,338.1300048828125,338.1300048828125,337.57000732421875,337.6549987792969,68955
2026-07-27 12:37:00-04:00,337.8800048828125,337.8800048828125,338.1300048828125,337.8599853515625,338.1099853515625,39542
2026-07-27 12:38:00-04:00,337.6549987792969,337.6549987792969,337.8999938964844,337.6300048828125,337.8800048828125,30336
2026-07-27 12:39:00-04:00,337.43499755859375,337.43499755859375,337.7099914550781,337.385009765625,337.6700134277344,45453
2026-07-27 12:40:00-04:00,337.4800109863281,337.4800109863281,337.5299987792969,337.2200012207031,337.45001220703125,71469
2026-07-27 12:41:00-04:00,337.1600036621094,337.1600036621094,337.476806640625,337.1499938964844,337.4599914550781,37469
2026-07-27 12:42:00-04:00,337.07000732421875,337.07000732421875,337.17999267578125,337.010009765625,337.1499938964844,58692
2026-07-27 12:43:00-04:00,336.625,336.625,337.0799865722656,336.57000732421875,337.05999755859375,135256
2026-07-27 12:44:00-04:00,336.7349853515625,336.7349853515625,336.8194885253906,336.610107421875,336.6400146484375,53487
2026-07-27 12:45:00-04:00,336.6549987792969,336.6549987792969,336.7900085449219,336.6099853515625,336.739990234375,54388
2026-07-27 12:46:00-04:00,336.6650085449219,336.6650085449219,336.79998779296875,336.5400085449219,336.6401062011719,58080
2026-07-27 12:47:00-04:00,336.5899963378906,336.5899963378906,336.7300109863281,336.54998779296875,336.67498779296875,61968
2026-07-27 12:48:00-04:00,336.54998779296875,336.54998779296875,336.7900085449219,336.5002136230469,336.5899963378906,48720
2026-07-27 12:49:00-04:00,336.45001220703125,336.45001220703125,336.55999755859375,336.3999938964844,336.54998779296875,41341
2026-07-27 12:50:00-04:00,336.5,336.5,336.6000061035156,336.3800048828125,336.4552917480469,56406
2026-07-27 12:51:00-04:00,336.239990234375,336.239990234375,336.55499267578125,336.2189025878906,336.5199890136719,55088
2026-07-27 12:52:00-04:00,336.18499755859375,336.18499755859375,336.3099060058594,336.1400146484375,336.2200012207031,62478
2026-07-27 12:53:00-04:00,336.20330810546875,336.20330810546875,336.2749938964844,336.1300048828125,336.2200012207031,33497
2026-07-27 12:54:00-04:00,336.37298583984375,336.37298583984375,336.3900146484375,336.2033996582031,336.239990234375,33196
2026-07-27 12:55:00-04:00,336.2300109863281,336.2300109863281,336.4200134277344,336.0199890136719,336.3800048828125,197456
2026-07-27 12:56:00-04:00,336.44500732421875,336.44500732421875,336.5400085449219,336.20001220703125,336.25,82819
2026-07-27 12:57:00-04:00,336.45001220703125,336.45001220703125,336.57989501953125,336.3699951171875,336.4599914550781,43833
2026-07-27 12:58:00-04:00,336.56201171875,336.56201171875,336.6300048828125,336.42498779296875,336.43011474609375,51137
2026-07-27 12:59:00-04:00,336.6600036621094,336.6600036621094,336.7200012207031,336.5400085449219,336.57000732421875,30946
2026-07-27 13:00:00-04:00,336.6549987792969,336.6549987792969,336.7850036621094,336.6199951171875,336.67999267578125,40659
2026-07-27 13:01:00-04:00,336.5199890136719,336.5199890136719,336.68499755859375,336.5000915527344,336.6549987792969,25589
2026-07-27 13:02:00-04:00,336.25048828125,336.25048828125,336.5199890136719,336.17999267578125,336.5199890136719,38692
2026-07-27 13:03:00-04:00,336.20001220703125,336.20001220703125,336.2601013183594,336.0899963378906,336.25,71818
2026-07-27 13:04:00-04:00,336.07501220703125,336.07501220703125,336.2900085449219,336.0400085449219,336.2099914550781,37295
2026-07-27 13:05:00-04:00,336.125,336.125,336.1400146484375,336.010498046875,336.1099853515625,36718
2026-07-27 13:06:00-04:00,336.1199951171875,336.1199951171875,336.19000244140625,336.031005859375,336.1099853515625,36380
2026-07-27 13:07:00-04:00,336.1000061035156,336.1000061035156,336.2099914550781,336.010009765625,336.1099853515625,43439
2026-07-27 13:08:00-04:00,336.0199890136719,336.0199890136719,336.1199951171875,335.91070556640625,336.0899963378906,81360
2026-07-27 13:09:00-04:00,336.260009765625,336.260009765625,336.2799987792969,335.9849853515625,336.02679443359375,60760
2026-07-27 13:10:00-04:00,336.239990234375,336.239990234375,336.45989990234375,336.17999267578125,336.2850036621094,90342
2026-07-27 13:11:00-04:00,336.29998779296875,336.29998779296875,336.3550109863281,336.1419982910156,336.2001037597656,53192
2026-07-27 13:12:00-04:00,336.1885986328125,336.1885986328125,336.3399963378906,336.1700134277344,336.2900085449219,27936
2026-07-27 13:13:00-04:00,336.2900085449219,336.2900085449219,336.30999755859375,336.17010498046875,336.2300109863281,16994
2026-07-27 13:14:00-04:00,336.3392028808594,336.3392028808594,336.3392028808594,336.1000061035156,336.2900085449219,196436
2026-07-27 13:15:00-04:00,336.1300048828125,336.1300048828125,336.3851013183594,336.1199951171875,336.3299865722656,38795
2026-07-27 13:16:00-04:00,335.95001220703125,335.95001220703125,336.1600036621094,335.93499755859375,336.1449890136719,47114
2026-07-27 13:17:00-04:00,335.7550048828125,335.7550048828125,336.010009765625,335.6820068359375,336.010009765625,51660
2026-07-27 13:18:00-04:00,335.7749938964844,335.7749938964844,335.8599853515625,335.67999267578125,335.7699890136719,41411
2026-07-27 13:19:00-04:00,335.9200134277344,335.9200134277344,335.95001220703125,335.7349853515625,335.7699890136719,65611
2026-07-27 13:20:00-04:00,336.1700134277344,336.1700134277344,336.19500732421875,335.79998779296875,335.94500732421875,63364
2026-07-27 13:21:00-04:00,336.1499938964844,336.1499938964844,336.25,336.1199951171875,336.1600036621094,45733
2026-07-27 13:22:00-04:00,336.25,336.25,336.3399963378906,336.06500244140625,336.114990234375,35017
2026-07-27 13:23:00-04:00,336.18499755859375,336.18499755859375,336.301513671875,336.17999267578125,336.25,30723
2026-07-27 13:24:00-04:00,336.4200134277344,336.4200134277344,336.44000244140625,336.1174011230469,336.2099914550781,38138
2026-07-27 13:25:00-04:00,336.45001220703125,336.45001220703125,336.56500244140625,336.239990234375,336.44989013671875,58033
2026-07-27 13:26:00-04:00,336.7300109863281,336.7300109863281,336.7300109863281,336.45001220703125,336.4549865722656,64000
2026-07-27 13:27:00-04:00,336.3949890136719,336.3949890136719,336.75,336.3399963378906,336.70001220703125,80853
2026-07-27 13:28:00-04:00,336.3999938964844,336.3999938964844,336.5899963378906,336.34039306640625,336.4200134277344,39453
2026-07-27 13:29:00-04:00,336.04998779296875,336.04998779296875,336.3999938964844,336.0199890136719,336.3999938964844,69379
2026-07-27 13:30:00-04:00,336.1099853515625,336.1099853515625,336.16009521484375,336.04998779296875,336.07000732421875,41739
2026-07-27 13:31:00-04:00,336.14990234375,336.14990234375,336.2300109863281,336.0600891113281,336.1099853515625,36860
2026-07-27 13:32:00-04:00,336.260009765625,336.260009765625,336.32000732421875,336.0,336.1300048828125,62424
2026-07-27 13:33:00-04:00,336.3399963378906,336.3399963378906,336.3800048828125,336.25,336.25,34643
2026-07-27 13:34:00-04:00,336.4200134277344,336.4200134277344,336.439697265625,336.30999755859375,336.3699951171875,35115
2026-07-27 13:35:00-04:00,336.4049987792969,336.4049987792969,336.4599914550781,336.3013000488281,336.42498779296875,51073
2026-07-27 13:36:00-04:00,336.4150085449219,336.4150085449219,336.5,336.340087890625,336.37200927734375,23043
2026-07-27 13:37:00-04:00,336.49249267578125,336.49249267578125,336.57000732421875,336.3500061035156,336.3999938964844,39841
2026-07-27 13:38:00-04:00,336.6600036621094,336.6600036621094,336.77911376953125,336.4599914550781,336.4800109863281,44758
2026-07-27 13:39:00-04:00,336.5299987792969,336.5299987792969,336.79998779296875,336.5299987792969,336.6700134277344,35522
2026-07-27 13:40:00-04:00,336.32000732421875,336.32000732421875,336.55999755859375,336.2699890136719,336.5299987792969,53219
2026-07-27 13:41:00-04:00,336.3800048828125,336.3800048828125,336.3999938964844,336.29998779296875,336.3299865722656,33715
2026-07-27 13:42:00-04:00,336.20001220703125,336.20001220703125,336.3900146484375,336.1400146484375,336.38958740234375,32866
2026-07-27 13:43:00-04:00,336.260009765625,336.260009765625,336.30999755859375,336.1099853515625,336.2099914550781,38799
2026-07-27 13:44:00-04:00,336.260009765625,336.260009765625,336.32000732421875,336.17999267578125,336.2699890136719,25127
2026-07-27 13:45:00-04:00,336.19500732421875,336.19500732421875,336.29998779296875,336.1300048828125,336.2699890136719,31419
2026-07-27 13:46:00-04:00,336.20001220703125,336.20001220703125,336.2799987792969,336.1650085449219,336.19000244140625,28178
2026-07-27 13:47:00-04:00,336.2300109863281,336.2300109863281,336.29998779296875,336.1719970703125,336.19000244140625,37291
2026-07-27 13:48:00-04:00,335.9043884277344,335.9043884277344,336.2900085449219,335.8900146484375,336.239990234375,71062
2026-07-27 13:49:00-04:00,335.8500061035156,335.8500061035156,335.9649963378906,335.8200988769531,335.9150085449219,40621
2026-07-27 13:50:00-04:00,335.7950134277344,335.7950134277344,335.95001220703125,335.72021484375,335.864990234375,60277
2026-07-27 13:51:00-04:00,335.4305114746094,335.4305114746094,335.8299865722656,335.36199951171875,335.7900085449219,158830
2026-07-27 13:52:00-04:00,335.4700012207031,335.4700012207031,335.489990234375,335.3699951171875,335.4649963378906,45090
2026-07-27 13:53:00-04:00,335.510009765625,335.510009765625,335.6700134277344,335.44000244140625,335.4700012207031,118069
2026-07-27 13:54:00-04:00,336.0400085449219,336.0400085449219,336.0400085449219,335.45001220703125,335.45001220703125,135539
2026-07-27 13:55:00-04:00,335.4150085449219,335.4150085449219,336.1098937988281,335.30999755859375,336.0400085449219,117148
2026-07-27 13:56:00-04:00,335.5199890136719,335.5199890136719,335.57000732421875,335.3819885253906,335.4200134277344,87628
2026-07-27 13:57:00-04:00,335.3817138671875,335.3817138671875,335.5400085449219,335.3212890625,335.5199890136719,58935
2026-07-27 13:58:00-04:00,335.3699035644531,335.3699035644531,335.5799865722656,335.3349914550781,335.3999938964844,53582
2026-07-27 13:59:00-04:00,335.5174865722656,335.5174865722656,335.54998779296875,335.340087890625,335.3500061035156,51485
2026-07-27 14:00:00-04:00,335.3699035644531,335.3699035644531,335.5799865722656,335.2300109863281,335.5400085449219,48888
2026-07-27 14:01:00-04:00,335.1600036621094,335.1600036621094,335.4100036621094,335.1600036621094,335.33990478515625,43210
2026-07-27 14:02:00-04:00,335.3999938964844,335.3999938964844,335.5050048828125,335.04998779296875,335.1700134277344,57075
2026-07-27 14:03:00-04:00,335.4700012207031,335.4700012207031,335.4849853515625,335.2799987792969,335.3399963378906,28997
2026-07-27 14:04:00-04:00,335.4132080078125,335.4132080078125,335.47900390625,335.2799987792969,335.4700012207031,30687
2026-07-27 14:05:00-04:00,335.6099853515625,335.6099853515625,335.6650085449219,335.3500061035156,335.4049987792969,148660
2026-07-27 14:06:00-04:00,335.5799865722656,335.5799865722656,335.6600036621094,335.4700012207031,335.6000061035156,82311
2026-07-27 14:07:00-04:00,335.7149963378906,335.7149963378906,335.7300109863281,335.55999755859375,335.5799865722656,45341
2026-07-27 14:08:00-04:00,335.7900085449219,335.7900085449219,335.7900085449219,335.6499938964844,335.7149963378906,58749
2026-07-27 14:09:00-04:00,335.739990234375,335.739990234375,335.8599853515625,335.6400146484375,335.80999755859375,42515
2026-07-27 14:10:00-04:00,335.80389404296875,335.80389404296875,335.82000732421875,335.6400146484375,335.760009765625,44719
2026-07-27 14:11:00-04:00,335.7250061035156,335.7250061035156,335.8299865722656,335.70001220703125,335.79998779296875,36745
2026-07-27 14:12:00-04:00,335.7799987792969,335.7799987792969,335.864990234375,335.7300109863281,335.7300109863281,38191
2026-07-27 14:13:00-04:00,335.8399963378906,335.8399963378906,335.875,335.739990234375,335.760009765625,39921
2026-07-27 14:14:00-04:00,335.63299560546875,335.63299560546875,335.8800048828125,335.63299560546875,335.8500061035156,38072
2026-07-27 14:15:00-04:00,335.55999755859375,335.55999755859375,335.7099914550781,335.4601135253906,335.6300048828125,52993
2026-07-27 14:16:00-04:00,335.67999267578125,335.67999267578125,335.7099914550781,335.510009765625,335.5799865722656,52709
2026-07-27 14:17:00-04:00,335.8340148925781,335.8340148925781,336.0,335.6600036621094,335.67999267578125,98919
2026-07-27 14:18:00-04:00,335.760009765625,335.760009765625,335.8599853515625,335.6300048828125,335.8500061035156,31092
2026-07-27 14:19:00-04:00,335.6199951171875,335.6199951171875,335.7699890136719,335.6099853515625,335.75,25440
2026-07-27 14:20:00-04:00,335.7099914550781,335.7099914550781,335.7550048828125,335.6000061035156,335.6199951171875,30030
2026-07-27 14:21:00-04:00,335.6700134277344,335.6700134277344,335.82000732421875,335.5799865722656,335.7200012207031,43052
2026-07-27 14:22:00-04:00,335.614990234375,335.614990234375,335.739990234375,335.59100341796875,335.6601867675781,28260
2026-07-27 14:23:00-04:00,335.6499938964844,335.6499938964844,335.7699890136719,335.60009765625,335.6299133300781,31773
2026-07-27 14:24:00-04:00,335.6449890136719,335.6449890136719,335.7699890136719,335.6400146484375,335.6600036621094,49613
2026-07-27 14:25:00-04:00,335.5950012207031,335.5950012207031,335.7200012207031,335.5899963378906,335.6300048828125,30896
2026-07-27 14:26:00-04:00,335.489990234375,335.489990234375,335.6600036621094,335.4620056152344,335.5799865722656,35364
2026-07-27 14:27:00-04:00,335.1799011230469,335.1799011230469,335.5299987792969,335.1499938964844,335.510009765625,83659
2026-07-27 14:28:00-04:00,335.125,335.125,335.2200012207031,335.0754089355469,335.1600036621094,41160
2026-07-27 14:29:00-04:00,335.1499938964844,335.1499938964844,335.1841125488281,335.1000061035156,335.125,37968
2026-07-27 14:30:00-04:00,335.0849914550781,335.0849914550781,335.1700134277344,335.010009765625,335.1499938964844,61373
2026-07-27 14:31:00-04:00,334.8420104980469,334.8420104980469,335.1199951171875,334.7699890136719,335.07000732421875,110628
2026-07-27 14:32:00-04:00,334.93499755859375,334.93499755859375,334.95989990234375,334.7900085449219,334.8599853515625,36434
2026-07-27 14:33:00-04:00,334.8800048828125,334.8800048828125,335.0400085449219,334.8800048828125,334.92999267578125,75306
2026-07-27 14:34:00-04:00,334.8598937988281,334.8598937988281,334.94000244140625,334.7699890136719,334.8800048828125,38232
2026-07-27 14:35:00-04:00,334.8800048828125,334.8800048828125,334.8999938964844,334.7099914550781,334.8399963378906,47661
2026-07-27 14:36:00-04:00,334.8999938964844,334.8999938964844,334.9700012207031,334.7900085449219,334.8800048828125,32778
2026-07-27 14:37:00-04:00,334.9649963378906,334.9649963378906,335.010009765625,334.8500061035156,334.8900146484375,34099
2026-07-27 14:38:00-04:00,334.9849853515625,334.9849853515625,334.9849853515625,334.8475036621094,334.952392578125,35472
2026-07-27 14:39:00-04:00,335.0,335.0,335.05999755859375,334.9100036621094,334.9700012207031,63559
2026-07-27 14:40:00-04:00,334.8500061035156,334.8500061035156,335.0199890136719,334.840087890625,334.9949951171875,43589
2026-07-27 14:41:00-04:00,334.8399963378906,334.8399963378906,335.19000244140625,334.7900085449219,334.8399963378906,141492
2026-07-27 14:42:00-04:00,334.8299865722656,334.8299865722656,334.8734130859375,334.70001220703125,334.864990234375,51207
2026-07-27 14:43:00-04:00,334.989990234375,334.989990234375,335.07000732421875,334.7699890136719,334.82000732421875,54240
2026-07-27 14:44:00-04:00,335.0400085449219,335.0400085449219,335.1514892578125,334.9800109863281,334.9800109863281,116097
2026-07-27 14:45:00-04:00,335.260009765625,335.260009765625,335.28509521484375,335.0050048828125,335.0400085449219,56812
2026-07-27 14:46:00-04:00,335.30499267578125,335.30499267578125,335.30499267578125,335.1980895996094,335.2650146484375,33506
2026-07-27 14:47:00-04:00,335.3299865722656,335.3299865722656,335.39990234375,335.260009765625,335.30999755859375,51660
2026-07-27 14:48:00-04:00,335.30999755859375,335.30999755859375,335.4599914550781,335.2900085449219,335.3210144042969,52873
2026-07-27 14:49:00-04:00,335.090087890625,335.090087890625,335.3197937011719,335.0400085449219,335.30999755859375,37093
2026-07-27 14:50:00-04:00,335.2699890136719,335.2699890136719,335.33990478515625,335.1000061035156,335.1000061035156,28152
2026-07-27 14:51:00-04:00,335.19500732421875,335.19500732421875,335.2699890136719,335.1499938964844,335.2699890136719,25155
2026-07-27 14:52:00-04:00,335.5899963378906,335.5899963378906,335.6549987792969,335.1600036621094,335.17999267578125,54436
2026-07-27 14:53:00-04:00,335.7098083496094,335.7098083496094,335.84228515625,335.5899963378906,335.6099853515625,70219
2026-07-27 14:54:00-04:00,335.75,335.75,335.7998962402344,335.6199951171875,335.69000244140625,36844
2026-07-27 14:55:00-04:00,336.1700134277344,336.1700134277344,336.239990234375,335.75,335.79998779296875,73575
2026-07-27 14:56:00-04:00,335.8500061035156,335.8500061035156,336.1700134277344,335.7900085449219,336.1700134277344,38582
2026-07-27 14:57:00-04:00,335.7950134277344,335.7950134277344,335.9299011230469,335.7580871582031,335.8550109863281,35082
2026-07-27 14:58:00-04:00,335.8550109863281,335.8550109863281,335.8699951171875,335.664794921875,335.7799987792969,33171
2026-07-27 14:59:00-04:00,335.8500061035156,335.8500061035156,335.885009765625,335.7300109863281,335.8299865722656,34731
2026-07-27 15:00:00-04:00,335.6600036621094,335.6600036621094,335.8500061035156,335.6351013183594,335.8500061035156,35094
2026-07-27 15:01:00-04:00,335.5899963378906,335.5899963378906,335.760009765625,335.5849914550781,335.67498779296875,35244
2026-07-27 15:02:00-04:00,335.55999755859375,335.55999755859375,335.75,335.55999755859375,335.625,43848
2026-07-27 15:03:00-04:00,335.5199890136719,335.5199890136719,335.6400146484375,335.5,335.55999755859375,40532
2026-07-27 15:04:00-04:00,335.3031005859375,335.3031005859375,335.5400085449219,335.2799987792969,335.510009765625,49050
2026-07-27 15:05:00-04:00,335.4382019042969,335.4382019042969,335.45001220703125,335.25,335.29998779296875,33120
2026-07-27 15:06:00-04:00,335.4700012207031,335.4700012207031,335.6199951171875,335.3699951171875,335.46990966796875,44818
2026-07-27 15:07:00-04:00,335.4504089355469,335.4504089355469,335.56500244140625,335.44000244140625,335.4700012207031,42265
2026-07-27 15:08:00-04:00,335.5799865722656,335.5799865722656,335.5950012207031,335.4649963378906,335.4649963378906,26687
2026-07-27 15:09:00-04:00,335.5350036621094,335.5350036621094,335.6600036621094,335.45001220703125,335.54998779296875,42482
2026-07-27 15:10:00-04:00,335.7200012207031,335.7200012207031,335.7200012207031,335.5849914550781,335.6000061035156,42216
2026-07-27 15:11:00-04:00,335.7250061035156,335.7250061035156,335.79998779296875,335.57000732421875,335.7200012207031,46364
2026-07-27 15:12:00-04:00,335.7300109863281,335.7300109863281,335.82000732421875,335.6050109863281,335.7250061035156,40154
2026-07-27 15:13:00-04:00,335.7799987792969,335.7799987792969,335.8299865722656,335.6600036621094,335.7300109863281,33544
2026-07-27 15:14:00-04:00,335.6000061035156,335.6000061035156,335.80999755859375,335.5,335.7900085449219,102762
2026-07-27 15:15:00-04:00,335.7049865722656,335.7049865722656,335.7550048828125,335.5799865722656,335.5799865722656,44485
2026-07-27 15:16:00-04:00,335.7300109863281,335.7300109863281,335.760009765625,335.6400146484375,335.7049865722656,42069
2026-07-27 15:17:00-04:00,335.6600036621094,335.6600036621094,335.7897033691406,335.6300048828125,335.7300109863281,39669
2026-07-27 15:18:00-04:00,335.6300048828125,335.6300048828125,335.7099914550781,335.54998779296875,335.6600036621094,35924
2026-07-27 15:19:00-04:00,335.6000061035156,335.6000061035156,335.6400146484375,335.54168701171875,335.614990234375,47657
2026-07-27 15:20:00-04:00,335.5589904785156,335.5589904785156,335.6400146484375,335.5249938964844,335.6199951171875,53775
2026-07-27 15:21:00-04:00,335.7300109863281,335.7300109863281,335.92999267578125,335.5199890136719,335.5450134277344,91204
2026-07-27 15:22:00-04:00,335.8900146484375,335.8900146484375,335.95001220703125,335.75,335.75,76334
2026-07-27 15:23:00-04:00,335.739990234375,335.739990234375,335.9100036621094,335.7300109863281,335.8900146484375,51016
2026-07-27 15:24:00-04:00,335.8500061035156,335.8500061035156,335.8500061035156,335.5899963378906,335.7499084472656,34855
2026-07-27 15:25:00-04:00,335.8399963378906,335.8399963378906,335.9100036621094,335.7601013183594,335.8550109863281,39405
2026-07-27 15:26:00-04:00,335.75,335.75,335.8399963378906,335.6700134277344,335.8399963378906,531365
2026-07-27 15:27:00-04:00,335.8290100097656,335.8290100097656,335.8699951171875,335.739013671875,335.7550048828125,33950
2026-07-27 15:28:00-04:00,335.8699951171875,335.8699951171875,335.92999267578125,335.79998779296875,335.82000732421875,46839
2026-07-27 15:29:00-04:00,335.7200012207031,335.7200012207031,335.8800048828125,335.67999267578125,335.8599853515625,55888
2026-07-27 15:30:00-04:00,335.9100036621094,335.9100036621094,336.010009765625,335.6499938964844,335.7200012207031,89466
2026-07-27 15:31:00-04:00,335.92498779296875,335.92498779296875,336.0,335.9049987792969,335.9049987792969,60216
2026-07-27 15:32:00-04:00,335.8599853515625,335.8599853515625,335.92498779296875,335.7699890136719,335.92498779296875,61197
2026-07-27 15:33:00-04:00,336.0299987792969,336.0299987792969,336.07000732421875,335.7900085449219,335.8599853515625,73379
2026-07-27 15:34:00-04:00,336.01031494140625,336.01031494140625,336.114990234375,336.0,336.0400085449219,59320
2026-07-27 15:35:00-04:00,335.9849853515625,335.9849853515625,336.1050109863281,335.94500732421875,336.010009765625,70011
2026-07-27 15:36:00-04:00,336.2998962402344,336.2998962402344,336.29998779296875,335.9800109863281,335.9800109863281,49902
2026-07-27 15:37:00-04:00,336.3500061035156,336.3500061035156,336.3599853515625,336.2099914550781,336.29998779296875,75312
2026-07-27 15:38:00-04:00,336.3500061035156,336.3500061035156,336.3799133300781,336.239990234375,336.3500061035156,62678
2026-07-27 15:39:00-04:00,336.2900085449219,336.2900085449219,336.44000244140625,336.214599609375,336.3500061035156,75180
2026-07-27 15:40:00-04:00,336.3450012207031,336.3450012207031,336.3500061035156,336.2294006347656,336.2900085449219,51942
2026-07-27 15:41:00-04:00,336.2900085449219,336.2900085449219,336.3599853515625,336.2699890136719,336.3500061035156,60310
2026-07-27 15:42:00-04:00,336.2950134277344,336.2950134277344,336.3800048828125,336.19000244140625,336.2900085449219,70003
2026-07-27 15:43:00-04:00,336.2699890136719,336.2699890136719,336.3800048828125,336.2200012207031,336.2950134277344,68371
2026-07-27 15:44:00-04:00,336.2300109863281,336.2300109863281,336.2699890136719,336.114990234375,336.2699890136719,75623
2026-07-27 15:45:00-04:00,335.9800109863281,335.9800109863281,336.2699890136719,335.8500061035156,336.2349853515625,112125
2026-07-27 15:46:00-04:00,335.8800048828125,335.8800048828125,336.2900085449219,335.8800048828125,335.989990234375,121818
2026-07-27 15:47:00-04:00,336.1000061035156,336.1000061035156,336.1099853515625,335.7200012207031,335.875,106200
2026-07-27 15:48:00-04:00,336.17999267578125,336.17999267578125,336.2799987792969,336.04998779296875,336.0899963378906,55269
2026-07-27 15:49:00-04:00,336.3500061035156,336.3500061035156,336.36199951171875,336.19000244140625,336.2049865722656,74818
2026-07-27 15:50:00-04:00,336.57000732421875,336.57000732421875,336.6300048828125,336.3500061035156,336.3500061035156,126525
2026-07-27 15:51:00-04:00,336.58990478515625,336.58990478515625,336.6400146484375,336.4472961425781,336.55999755859375,99204
2026-07-27 15:52:00-04:00,336.5,336.5,336.6300048828125,336.4750061035156,336.5799865722656,112760
2026-07-27 15:53:00-04:00,336.6400146484375,336.6400146484375,336.6400146484375,336.4256896972656,336.510009765625,124141
2026-07-27 15:54:00-04:00,337.1199951171875,337.1199951171875,337.1300048828125,336.5899963378906,336.6400146484375,169498
2026-07-27 15:55:00-04:00,337.07000732421875,337.07000732421875,337.2200012207031,336.69000244140625,337.1300048828125,248840
2026-07-27 15:56:00-04:00,337.0,337.0,337.1099853515625,336.8900146484375,337.07000732421875,186554
2026-07-27 15:57:00-04:00,337.0,337.0,337.0799865722656,336.7850036621094,337.0050048828125,195051
2026-07-27 15:58:00-04:00,336.9800109863281,336.9800109863281,337.0899963378906,336.875,337.010009765625,300117
2026-07-27 15:59:00-04:00,336.9200134277344,336.9200134277344,337.0400085449219,336.69000244140625,336.9700012207031,578680
2026-07-28 09:30:00-04:00,341.1300048828125,341.1300048828125,342.8900146484375,339.69000244140625,340.0299987792969,2567995
2026-07-28 09:31:00-04:00,338.3299865722656,338.3299865722656,341.5,337.8999938964844,341.2099914550781,687343
2026-07-28 09:32:00-04:00,338.8299865722656,338.8299865722656,338.8844909667969,337.7099914550781,338.2300109863281,380368
2026-07-28 09:33:00-04:00,338.8900146484375,338.8900146484375,339.9100036621094,338.4700012207031,338.8299865722656,355529
2026-07-28 09:34:00-04:00,339.4700012207031,339.4700012207031,339.8599853515625,338.9849853515625,339.0199890136719,306564
2026-07-28 09:35:00-04:00,339.94500732421875,339.94500732421875,340.010009765625,339.3599853515625,339.4700012207031,325632
2026-07-28 09:36:00-04:00,339.8299865722656,339.8299865722656,340.4200134277344,339.6499938964844,339.947509765625,329121
2026-07-28 09:37:00-04:00,339.340087890625,339.340087890625,339.8900146484375,338.6000061035156,339.8349914550781,342284
2026-07-28 09:38:00-04:00,339.489990234375,339.489990234375,339.8900146484375,339.3299865722656,339.3900146484375,210567
2026-07-28 09:39:00-04:00,338.75,338.75,339.5299987792969,338.6000061035156,339.4200134277344,225563
2026-07-28 09:40:00-04:00,338.80999755859375,338.80999755859375,339.2799987792969,338.6700134277344,338.69000244140625,332883
2026-07-28 09:41:00-04:00,338.7449951171875,338.7449951171875,339.0799865722656,338.5400085449219,338.79998779296875,183337
2026-07-28 09:42:00-04:00,338.92999267578125,338.92999267578125,339.04339599609375,338.6000061035156,338.7200012207031,191408
2026-07-28 09:43:00-04:00,338.2900085449219,338.2900085449219,339.4150085449219,338.1199951171875,338.8999938964844,297679
2026-07-28 09:44:00-04:00,338.42999267578125,338.42999267578125,338.8799133300781,338.2799987792969,338.2799987792969,181077
2026-07-28 09:45:00-04:00,338.55999755859375,338.55999755859375,338.8550109863281,338.2799987792969,338.4200134277344,179886
2026-07-28 09:46:00-04:00,338.2699890136719,338.2699890136719,338.6000061035156,338.2349853515625,338.55999755859375,144593
2026-07-28 09:47:00-04:00,338.45001220703125,338.45001220703125,338.5,337.9200134277344,338.260009765625,260057
2026-07-28 09:48:00-04:00,337.8500061035156,337.8500061035156,338.55999755859375,337.80999755859375,338.489990234375,183938
2026-07-28 09:49:00-04:00,337.93499755859375,337.93499755859375,337.9800109863281,337.5299987792969,337.864990234375,189002
2026-07-28 09:50:00-04:00,338.3299865722656,338.3299865722656,338.489990234375,337.8349914550781,337.9150085449219,203840
2026-07-28 09:51:00-04:00,339.42999267578125,339.42999267578125,339.57000732421875,338.3399963378906,338.3399963378906,304479
2026-07-28 09:52:00-04:00,338.739501953125,338.739501953125,339.6011047363281,338.4601135253906,339.45001220703125,224493
2026-07-28 09:53:00-04:00,338.1499938964844,338.1499938964844,338.9599914550781,337.8900146484375,338.7049865722656,279266
2026-07-28 09:54:00-04:00,338.25,338.25,338.4700012207031,337.9400939941406,338.19000244140625,169968
2026-07-28 09:55:00-04:00,337.6700134277344,337.6700134277344,338.74920654296875,337.6099853515625,338.239990234375,162175
2026-07-28 09:56:00-04:00,337.55999755859375,337.55999755859375,337.70001220703125,337.1499938964844,337.6600036621094,189406
2026-07-28 09:57:00-04:00,337.7200012207031,337.7200012207031,337.82000732421875,337.3999938964844,337.5299987792969,109445
2026-07-28 09:58:00-04:00,337.622314453125,337.622314453125,337.7699890136719,337.2200012207031,337.7300109863281,140514
2026-07-28 09:59:00-04:00,337.5,337.5,337.80999755859375,337.3900146484375,337.6099853515625,107432
2026-07-28 10:00:00-04:00,337.8999938964844,337.8999938964844,338.1199951171875,337.510009765625,337.5799865722656,127774
2026-07-28 10:01:00-04:00,337.6156005859375,337.6156005859375,338.1199951171875,337.6000061035156,337.8900146484375,81664
2026-07-28 10:02:00-04:00,337.5299987792969,337.5299987792969,337.9200134277344,337.42279052734375,337.625,91039
2026-07-28 10:03:00-04:00,336.635009765625,336.635009765625,337.5799865722656,336.5799865722656,337.5299987792969,204213
2026-07-28 10:04:00-04:00,336.3500061035156,336.3500061035156,336.6986083984375,336.0400085449219,336.6600036621094,209351
2026-07-28 10:05:00-04:00,336.0150146484375,336.0150146484375,336.3900146484375,335.6000061035156,336.3500061035156,191427
2026-07-28 10:06:00-04:00,336.5950012207031,336.5950012207031,336.625,335.8399963378906,336.05999755859375,130284
2026-07-28 10:07:00-04:00,336.8052062988281,336.8052062988281,336.9599914550781,336.57000732421875,336.5799865722656,124810
2026-07-28 10:08:00-04:00,337.3999938964844,337.3999938964844,337.5599060058594,336.739990234375,336.760009765625,160257
2026-07-28 10:09:00-04:00,336.635009765625,336.635009765625,337.4211120605469,336.6099853515625,337.4211120605469,133126
2026-07-28 10:10:00-04:00,336.2650146484375,336.2650146484375,336.6650085449219,336.1600036621094,336.6449890136719,157067
2026-07-28 10:11:00-04:00,336.23980712890625,336.23980712890625,336.4200134277344,336.07000732421875,336.2850036621094,69709
2026-07-28 10:12:00-04:00,336.32000732421875,336.32000732421875,336.3399963378906,336.0,336.19000244140625,114111
2026-07-28 10:13:00-04:00,336.6400146484375,336.6400146484375,336.80999755859375,336.2300109863281,336.32000732421875,88952
2026-07-28 10:14:00-04:00,336.8800048828125,336.8800048828125,336.9700012207031,336.5299987792969,336.625,130467
2026-07-28 10:15:00-04:00,337.3450012207031,337.3450012207031,337.489990234375,336.95001220703125,336.96990966796875,200015
2026-07-28 10:16:00-04:00,337.4200134277344,337.4200134277344,337.5299987792969,337.0199890136719,337.3699951171875,114134
2026-07-28 10:17:00-04:00,337.29998779296875,337.29998779296875,337.5,337.0199890136719,337.4100036621094,137298
2026-07-28 10:18:00-04:00,337.625,337.625,337.6300048828125,337.0899963378906,337.2699890136719,173121
2026-07-28 10:19:00-04:00,337.4150085449219,337.4150085449219,337.7950134277344,337.3800048828125,337.6300048828125,106730
2026-07-28 10:20:00-04:00,337.4549865722656,337.4549865722656,337.6890869140625,337.3299865722656,337.44000244140625,89277
2026-07-28 10:21:00-04:00,337.80499267578125,337.80499267578125,337.89990234375,337.3999938964844,337.44000244140625,122315
2026-07-28 10:22:00-04:00,337.6300048828125,337.6300048828125,338.0899963378906,337.6000061035156,337.82501220703125,164086
2026-07-28 10:23:00-04:00,338.25,338.25,338.260009765625,337.6199951171875,337.625,177958
2026-07-28 10:24:00-04:00,337.7200012207031,337.7200012207031,338.2699890136719,337.6499938964844,338.2449951171875,102231
2026-07-28 10:25:00-04:00,337.9549865722656,337.9549865722656,338.05999755859375,337.67999267578125,337.70001220703125,88764
2026-07-28 10:26:00-04:00,337.489990234375,337.489990234375,337.9989929199219,337.4100036621094,337.9700012207031,100336
2026-07-28 10:27:00-04:00,337.6499938964844,337.6499938964844,337.739990234375,337.4100036621094,337.4750061035156,73046
2026-07-28 10:28:00-04:00,337.7799987792969,337.7799987792969,337.8699951171875,337.5400085449219,337.6499938964844,70378
2026-07-28 10:29:00-04:00,337.9599914550781,337.9599914550781,338.065185546875,337.75,337.7799987792969,75263
2026-07-28 10:30:00-04:00,338.05499267578125,338.05499267578125,338.1600036621094,337.9150085449219,337.9800109863281,111324
2026-07-28 10:31:00-04:00,338.3299865722656,338.3299865722656,338.3500061035156,337.9100036621094,338.0751037597656,75616
2026-07-28 10:32:00-04:00,338.4800109863281,338.4800109863281,338.5199890136719,338.19000244140625,338.3349914550781,178489
2026-07-28 10:33:00-04:00,338.635009765625,338.635009765625,338.6700134277344,338.3699951171875,338.4800109863281,107798
2026-07-28 10:34:00-04:00,338.6000061035156,338.6000061035156,338.7900085449219,338.375,338.635009765625,120343
2026-07-28 10:35:00-04:00,338.2626037597656,338.2626037597656,338.6000061035156,338.0199890136719,338.5799865722656,115148
2026-07-28 10:36:00-04:00,338.360107421875,338.360107421875,338.3900146484375,338.0899963378906,338.30999755859375,90248
2026-07-28 10:37:00-04:00,338.1099853515625,338.1099853515625,338.489990234375,337.92999267578125,338.3599853515625,125470
2026-07-28 10:38:00-04:00,337.70001220703125,337.70001220703125,338.1600036621094,337.6300048828125,338.1199951171875,109804
2026-07-28 10:39:00-04:00,337.4364929199219,337.4364929199219,337.739990234375,337.3999938964844,337.70001220703125,72886
2026-07-28 10:40:00-04:00,337.4700012207031,337.4700012207031,337.5,337.2099914550781,337.45001220703125,99277
2026-07-28 10:41:00-04:00,337.82000732421875,337.82000732421875,337.8699951171875,337.3599853515625,337.4700012207031,94016
2026-07-28 10:42:00-04:00,337.8493957519531,337.8493957519531,338.23370361328125,337.7699890136719,337.82000732421875,101414
2026-07-28 10:43:00-04:00,337.9200134277344,337.9200134277344,338.04998779296875,337.6000061035156,337.8699951171875,92409
2026-07-28 10:44:00-04:00,338.1650085449219,338.1650085449219,338.30499267578125,337.760009765625,337.9200134277344,78870
2026-07-28 10:45:00-04:00,338.3399963378906,338.3399963378906,338.3949890136719,338.1199951171875,338.1700134277344,126684
2026-07-28 10:46:00-04:00,338.2300109863281,338.2300109863281,338.3949890136719,338.13031005859375,338.32000732421875,112444
2026-07-28 10:47:00-04:00,338.1600036621094,338.1600036621094,338.364990234375,338.010009765625,338.2149963378906,83076
2026-07-28 10:48:00-04:00,338.2099914550781,338.2099914550781,338.32000732421875,338.08160400390625,338.1549987792969,66403
2026-07-28 10:49:00-04:00,338.0899963378906,338.0899963378906,338.239990234375,337.95001220703125,338.2099914550781,112772
2026-07-28 10:50:00-04:00,338.32000732421875,338.32000732421875,338.3800048828125,338.04998779296875,338.0899963378906,68966
2026-07-28 10:51:00-04:00,338.1549987792969,338.1549987792969,338.32000732421875,338.07000732421875,338.30999755859375,69482
2026-07-28 10:52:00-04:00,337.8999938964844,337.8999938964844,338.1600036621094,337.80999755859375,338.1600036621094,111890
2026-07-28 10:53:00-04:00,337.3699951171875,337.3699951171875,337.989990234375,337.2250061035156,337.8999938964844,172939
2026-07-28 10:54:00-04:00,337.2250061035156,337.2250061035156,337.3900146484375,337.1400146484375,337.3599853515625,105046
2026-07-28 10:55:00-04:00,337.21319580078125,337.21319580078125,337.2799987792969,336.92999267578125,337.2200927734375,93476
2026-07-28 10:56:00-04:00,337.1549987792969,337.1549987792969,337.2980041503906,337.0199890136719,337.2300109863281,72203
2026-07-28 10:57:00-04:00,337.215087890625,337.215087890625,337.25,336.989990234375,337.1499938964844,72175
2026-07-28 10:58:00-04:00,337.44000244140625,337.44000244140625,337.5799865722656,337.2149963378906,337.2300109863281,60968
2026-07-28 10:59:00-04:00,337.05499267578125,337.05499267578125,337.5050048828125,337.0,337.4599914550781,115847
2026-07-28 11:00:00-04:00,336.81500244140625,336.81500244140625,337.1099853515625,336.6000061035156,337.0404968261719,89057
2026-07-28 11:01:00-04:00,336.885009765625,336.885009765625,336.9700012207031,336.7799987792969,336.8699951171875,66983
2026-07-28 11:02:00-04:00,336.80999755859375,336.80999755859375,336.8900146484375,336.6400146484375,336.8900146484375,60982
2026-07-28 11:03:00-04:00,337.57000732421875,337.57000732421875,337.57501220703125,336.6549987792969,336.79998779296875,116943
2026-07-28 11:04:00-04:00,337.7650146484375,337.7650146484375,337.7900085449219,337.5400085449219,337.5899963378906,74559
2026-07-28 11:05:00-04:00,338.05999755859375,338.05999755859375,338.2300109863281,337.73199462890625,337.7513122558594,112731
2026-07-28 11:06:00-04:00,338.010009765625,338.010009765625,338.0799865722656,337.8399963378906,338.0799865722656,48930
2026-07-28 11:07:00-04:00,338.260009765625,338.260009765625,338.3399963378906,337.8900146484375,338.0199890136719,179172
2026-07-28 11:08:00-04:00,338.2900085449219,338.2900085449219,338.32000732421875,338.1000061035156,338.260009765625,66462
2026-07-28 11:09:00-04:00,338.8399963378906,338.8399963378906,338.8800048828125,338.25,338.2850036621094,140000
2026-07-28 11:10:00-04:00,339.2900085449219,339.2900085449219,339.3999938964844,338.8299865722656,338.8500061035156,213942
2026-07-28 11:11:00-04:00,339.3349914550781,339.3349914550781,339.4599914550781,338.9700012207031,339.2749938964844,154551
2026-07-28 11:12:00-04:00,339.31500244140625,339.31500244140625,339.4800109863281,339.1600036621094,339.3299865722656,114387
2026-07-28 11:13:00-04:00,339.3500061035156,339.3500061035156,339.4299011230469,339.2200012207031,339.3299865722656,61232
2026-07-28 11:14:00-04:00,339.0899963378906,339.0899963378906,339.44000244140625,339.0400085449219,339.35009765625,95764
2026-07-28 11:15:00-04:00,339.125,339.125,339.239990234375,338.9599914550781,339.0899963378906,100301
2026-07-28 11:16:00-04:00,339.3399963378906,339.3399963378906,339.4200134277344,339.1000061035156,339.1400146484375,59648
2026-07-28 11:17:00-04:00,339.364990234375,339.364990234375,339.4700012207031,339.1600036621094,339.3399963378906,90232
2026-07-28 11:18:00-04:00,339.5150146484375,339.5150146484375,339.5150146484375,339.2699890136719,339.3699951171875,176261
2026-07-28 11:19:00-04:00,339.3500061035156,339.3500061035156,339.6687927246094,339.30999755859375,339.5299987792969,67092
2026-07-28 11:20:00-04:00,339.2900085449219,339.2900085449219,339.4800109863281,339.260009765625,339.3500061035156,72727
2026-07-28 11:21:00-04:00,338.95001220703125,338.95001220703125,339.32000732421875,338.87200927734375,339.2850036621094,88969
2026-07-28 11:22:00-04:00,338.760986328125,338.760986328125,339.1781921386719,338.7099914550781,338.95001220703125,75234
2026-07-28 11:23:00-04:00,338.7500915527344,338.7500915527344,338.8299865722656,338.6099853515625,338.79998779296875,61260
2026-07-28 11:24:00-04:00,338.80999755859375,338.80999755859375,338.9200134277344,338.7099914550781,338.7500915527344,81451
2026-07-28 11:25:00-04:00,338.8299865722656,338.8299865722656,338.8500061035156,338.67999267578125,338.80999755859375,64406
2026-07-28 11:26:00-04:00,339.2850036621094,339.2850036621094,339.3099060058594,338.8399963378906,338.8399963378906,65997
2026-07-28 11:27:00-04:00,339.2674865722656,339.2674865722656,339.3699951171875,339.1499938964844,339.29998779296875,61211
2026-07-28 11:28:00-04:00,339.4599914550781,339.4599914550781,339.4599914550781,339.2099914550781,339.2799987792969,52853
2026-07-28 11:29:00-04:00,339.2699890136719,339.2699890136719,339.5,339.2699890136719,339.4599914550781,66609
2026-07-28 11:30:00-04:00,339.57501220703125,339.57501220703125,339.6499938964844,339.17999267578125,339.2401123046875,110929
2026-07-28 11:31:00-04:00,339.30499267578125,339.30499267578125,339.5899963378906,339.2601013183594,339.5899963378906,69102
2026-07-28 11:32:00-04:00,339.3500061035156,339.3500061035156,339.4287109375,339.2699890136719,339.2950134277344,54829
2026-07-28 11:33:00-04:00,339.239990234375,339.239990234375,339.3599853515625,339.2099914550781,339.3500061035156,495431
2026-07-28 11:34:00-04:00,339.19000244140625,339.19000244140625,339.2795104980469,339.0,339.2699890136719,144293
2026-07-28 11:35:00-04:00,339.19500732421875,339.19500732421875,339.3500061035156,339.1600036621094,339.19000244140625,40073
2026-07-28 11:36:00-04:00,339.4999084472656,339.4999084472656,339.4999084472656,339.1300048828125,339.20001220703125,56688
2026-07-28 11:37:00-04:00,339.44000244140625,339.44000244140625,339.54998779296875,339.3100891113281,339.489990234375,68895
2026-07-28 11:38:00-04:00,339.2650146484375,339.2650146484375,339.45001220703125,339.239990234375,339.44000244140625,74871
2026-07-28 11:39:00-04:00,339.44000244140625,339.44000244140625,339.4700012207031,339.25,339.2799987792969,38470
2026-07-28 11:40:00-04:00,339.5199890136719,339.5199890136719,339.6300048828125,339.3999938964844,339.43499755859375,66707
2026-07-28 11:41:00-04:00,339.5899963378906,339.5899963378906,339.7900085449219,339.5,339.5115051269531,83702
2026-07-28 11:42:00-04:00,339.875,339.875,339.8900146484375,339.5849914550781,339.5849914550781,52866
2026-07-28 11:43:00-04:00,339.67999267578125,339.67999267578125,339.8949890136719,339.6199951171875,339.8887023925781,67012
2026-07-28 11:44:00-04:00,339.6700134277344,339.6700134277344,339.7950134277344,339.6099853515625,339.7300109863281,47007
2026-07-28 11:45:00-04:00,339.56500244140625,339.56500244140625,339.7149963378906,339.5,339.7099914550781,46062
2026-07-28 11:46:00-04:00,339.4100036621094,339.4100036621094,339.5899963378906,339.3900146484375,339.55999755859375,42466
2026-07-28 11:47:00-04:00,339.2699890136719,339.2699890136719,339.489990234375,339.2650146484375,339.4100036621094,44163
2026-07-28 11:48:00-04:00,339.3500061035156,339.3500061035156,339.4100036621094,339.260009765625,339.2749938964844,47920
2026-07-28 11:49:00-04:00,339.3005065917969,339.3005065917969,339.489990234375,339.23980712890625,339.3399963378906,57140
2026-07-28 11:50:00-04:00,339.2099914550781,339.2099914550781,339.3599853515625,339.0299987792969,339.3299865722656,66024
2026-07-28 11:51:00-04:00,339.5249938964844,339.5249938964844,339.54998779296875,339.1499938964844,339.2099914550781,46727
2026-07-28 11:52:00-04:00,339.70001220703125,339.70001220703125,339.760009765625,339.510009765625,339.5299987792969,52767
2026-07-28 11:53:00-04:00,339.5400085449219,339.5400085449219,339.6824951171875,339.4700012207031,339.6700134277344,76739
2026-07-28 11:54:00-04:00,339.55999755859375,339.55999755859375,339.57000732421875,339.4200134277344,339.5199890136719,34679
2026-07-28 11:55:00-04:00,339.6300048828125,339.6300048828125,339.7601013183594,339.54998779296875,339.54998779296875,38988
2026-07-28 11:56:00-04:00,339.7550048828125,339.7550048828125,339.82000732421875,339.6300048828125,339.6449890136719,38348
2026-07-28 11:57:00-04:00,339.7699890136719,339.7699890136719,339.8689880371094,339.69000244140625,339.760009765625,61397
2026-07-28 11:58:00-04:00,339.7099914550781,339.7099914550781,339.7598876953125,339.6600036621094,339.75,35988
2026-07-28 11:59:00-04:00,339.6600036621094,339.6600036621094,339.79998779296875,339.6099853515625,339.7099914550781,48430
2026-07-28 12:00:00-04:00,339.5639953613281,339.5639953613281,339.6824951171875,339.5050048828125,339.6600036621094,64536
2026-07-28 12:01:00-04:00,339.54998779296875,339.54998779296875,339.6000061035156,339.4599914550781,339.5400085449219,43031
2026-07-28 12:02:00-04:00,339.5,339.5,339.56988525390625,339.4612121582031,339.5450134277344,47564
2026-07-28 12:03:00-04:00,339.67999267578125,339.67999267578125,339.69000244140625,339.5050048828125,339.5050048828125,37541
2026-07-28 12:04:00-04:00,339.6600036621094,339.6600036621094,339.75,339.5899963378906,339.68499755859375,54168
2026-07-28 12:05:00-04:00,339.5849914550781,339.5849914550781,339.68499755859375,339.4700012207031,339.6700134277344,32998
2026-07-28 12:06:00-04:00,339.79998779296875,339.79998779296875,339.84991455078125,339.5899963378906,339.5899963378906,55935
2026-07-28 12:07:00-04:00,339.6499938964844,339.6499938964844,339.8900146484375,339.6300048828125,339.79998779296875,60427
2026-07-28 12:08:00-04:00,339.8599853515625,339.8599853515625,339.92999267578125,339.5299987792969,339.6300048828125,72251
2026-07-28 12:09:00-04:00,339.9100036621094,339.9100036621094,339.94000244140625,339.8399963378906,339.8699951171875,43060
2026-07-28 12:10:00-04:00,339.8550109863281,339.8550109863281,339.989990234375,339.82049560546875,339.9200134277344,65759
2026-07-28 12:11:00-04:00,339.8900146484375,339.8900146484375,339.8900146484375,339.760009765625,339.8699951171875,59201
2026-07-28 12:12:00-04:00,339.7799987792969,339.7799987792969,339.8999938964844,339.7200927734375,339.8800048828125,44475
2026-07-28 12:13:00-04:00,339.8299865722656,339.8299865722656,339.8999938964844,339.7650146484375,339.7850036621094,58640
2026-07-28 12:14:00-04:00,339.82000732421875,339.82000732421875,339.8699951171875,339.75,339.8500061035156,39841
2026-07-28 12:15:00-04:00,339.81500244140625,339.81500244140625,339.8900146484375,339.739990234375,339.8299865722656,53267
2026-07-28 12:16:00-04:00,339.7900085449219,339.7900085449219,339.8500061035156,339.7200012207031,339.80499267578125,47806
2026-07-28 12:17:00-04:00,339.6650085449219,339.6650085449219,339.8599853515625,339.6300048828125,339.80999755859375,50161
2026-07-28 12:18:00-04:00,339.5841064453125,339.5841064453125,339.739990234375,339.5199890136719,339.6650085449219,56437
2026-07-28 12:19:00-04:00,339.7099914550781,339.7099914550781,339.739990234375,339.57000732421875,339.5799865722656,49969
2026-07-28 12:20:00-04:00,339.7799987792969,339.7799987792969,339.8299865722656,339.67498779296875,339.67999267578125,48300
2026-07-28 12:21:00-04:00,339.8599853515625,339.8599853515625,339.9100036621094,339.75,339.7900085449219,54334
2026-07-28 12:22:00-04:00,339.82000732421875,339.82000732421875,339.93951416015625,339.7799987792969,339.8429870605469,67941
2026-07-28 12:23:00-04:00,339.7850036621094,339.7850036621094,339.8699951171875,339.7200012207031,339.8599853515625,68977
2026-07-28 12:24:00-04:00,339.6650085449219,339.6650085449219,339.79998779296875,339.510009765625,339.7799987792969,87115
2026-07-28 12:25:00-04:00,339.82000732421875,339.82000732421875,339.8299865722656,339.6300048828125,339.66400146484375,53303
2026-07-28 12:26:00-04:00,339.93499755859375,339.93499755859375,339.95001220703125,339.80999755859375,339.81500244140625,43194
2026-07-28 12:27:00-04:00,339.92999267578125,339.92999267578125,340.1400146484375,339.8999938964844,339.94000244140625,268759
2026-07-28 12:28:00-04:00,340.0199890136719,340.0199890136719,340.0199890136719,339.8550109863281,339.9200134277344,58761
2026-07-28 12:29:00-04:00,339.80999755859375,339.80999755859375,340.0400085449219,339.760009765625,340.010009765625,46901
2026-07-28 12:30:00-04:00,340.06500244140625,340.06500244140625,340.1099853515625,339.79010009765625,339.8299865722656,68062
2026-07-28 12:31:00-04:00,340.10009765625,340.10009765625,340.19000244140625,340.0199890136719,340.0299987792969,65192
2026-07-28 12:32:00-04:00,340.4549865722656,340.4549865722656,340.4700012207031,340.0799865722656,340.1099853515625,116728
2026-07-28 12:33:00-04:00,340.2304992675781,340.2304992675781,340.57989501953125,340.2300109863281,340.4599914550781,110054
2026-07-28 12:34:00-04:00,340.29998779296875,340.29998779296875,340.45001220703125,340.20599365234375,340.2449951171875,37080
2026-07-28 12:35:00-04:00,340.239990234375,340.239990234375,340.4200134277344,340.239990234375,340.31500244140625,55699
2026-07-28 12:36:00-04:00,340.010009765625,340.010009765625,340.260009765625,339.9700012207031,340.25,65865
2026-07-28 12:37:00-04:00,340.0350036621094,340.0350036621094,340.12939453125,339.9599914550781,339.9800109863281,40896
2026-07-28 12:38:00-04:00,340.05999755859375,340.05999755859375,340.1600036621094,340.0199890136719,340.04998779296875,59615
2026-07-28 12:39:00-04:00,340.05010986328125,340.05010986328125,340.0899963378906,339.9700012207031,340.05999755859375,72372
2026-07-28 12:40:00-04:00,339.94000244140625,339.94000244140625,340.1000061035156,339.80999755859375,340.05999755859375,61847
2026-07-28 12:41:00-04:00,339.94000244140625,339.94000244140625,340.010009765625,339.8299865722656,339.92999267578125,62663
2026-07-28 12:42:00-04:00,339.7699890136719,339.7699890136719,339.93719482421875,339.7200012207031,339.9200134277344,39610
2026-07-28 12:43:00-04:00,339.6650085449219,339.6650085449219,339.760009765625,339.6199951171875,339.75,52244
2026-07-28 12:44:00-04:00,339.4549865722656,339.4549865722656,339.67999267578125,339.3900146484375,339.67999267578125,98978
2026-07-28 12:45:00-04:00,339.2850036621094,339.2850036621094,339.54998779296875,339.1600036621094,339.4700012207031,89489
2026-07-28 12:46:00-04:00,339.07000732421875,339.07000732421875,339.4200134277344,338.94000244140625,339.2900085449219,86788
2026-07-28 12:47:00-04:00,339.2850036621094,339.2850036621094,339.2850036621094,339.04998779296875,339.07000732421875,44037
2026-07-28 12:48:00-04:00,339.1000061035156,339.1000061035156,339.3999938964844,339.0700988769531,339.2900085449219,58112
2026-07-28 12:49:00-04:00,339.1300048828125,339.1300048828125,339.239990234375,339.1000061035156,339.1050109863281,45633
2026-07-28 12:50:00-04:00,339.41009521484375,339.41009521484375,339.4599914550781,339.1300048828125,339.1499938964844,56002
2026-07-28 12:51:00-04:00,339.5150146484375,339.5150146484375,339.6000061035156,339.4150085449219,339.4200134277344,71808
2026-07-28 12:52:00-04:00,339.5150146484375,339.5150146484375,339.5350036621094,339.3500061035156,339.5101013183594,49004
2026-07-28 12:53:00-04:00,339.8450012207031,339.8450012207031,339.8500061035156,339.4700012207031,339.489990234375,74993
2026-07-28 12:54:00-04:00,339.92999267578125,339.92999267578125,339.9750061035156,339.7403869628906,339.8450012207031,52203
2026-07-28 12:55:00-04:00,339.7850036621094,339.7850036621094,339.9649963378906,339.7742004394531,339.9200134277344,40742
2026-07-28 12:56:00-04:00,339.75,339.75,339.80999755859375,339.6000061035156,339.760009765625,56625
2026-07-28 12:57:00-04:00,339.6099853515625,339.6099853515625,339.7699890136719,339.5199890136719,339.7449951171875,57734
2026-07-28 12:58:00-04:00,339.58880615234375,339.58880615234375,339.6099853515625,339.5299987792969,339.6050109863281,34636
2026-07-28 12:59:00-04:00,339.7699890136719,339.7699890136719,339.79998779296875,339.5199890136719,339.5849914550781,43916
2026-07-28 13:00:00-04:00,339.82501220703125,339.82501220703125,339.8900146484375,339.760009765625,339.79998779296875,39190
2026-07-28 13:01:00-04:00,339.739990234375,339.739990234375,339.8500061035156,339.739990234375,339.8299865722656,29128
2026-07-28 13:02:00-04:00,339.6600036621094,339.6600036621094,339.7300109863281,339.54168701171875,339.7300109863281,37140
2026-07-28 13:03:00-04:00,339.6300048828125,339.6300048828125,339.70001220703125,339.55999755859375,339.6700134277344,26342
2026-07-28 13:04:00-04:00,339.6700134277344,339.6700134277344,339.6700134277344,339.5199890136719,339.6241149902344,43969
2026-07-28 13:05:00-04:00,339.6499938964844,339.6499938964844,339.82000732421875,339.6199951171875,339.66009521484375,47061
2026-07-28 13:06:00-04:00,339.5799865722656,339.5799865722656,339.659912109375,339.45001220703125,339.6300048828125,52203
2026-07-28 13:07:00-04:00,339.389892578125,339.389892578125,339.5849914550781,339.364990234375,339.5450134277344,54751
2026-07-28 13:08:00-04:00,339.385009765625,339.385009765625,339.42999267578125,339.340087890625,339.3800048828125,45098
2026-07-28 13:09:00-04:00,339.3800048828125,339.3800048828125,339.409912109375,339.25201416015625,339.3900146484375,53169
2026-07-28 13:10:00-04:00,339.29998779296875,339.29998779296875,339.3999938964844,339.2699890136719,339.3699951171875,44466
2026-07-28 13:11:00-04:00,339.25,339.25,339.3598937988281,339.17999267578125,339.2799987792969,57861
2026-07-28 13:12:00-04:00,339.2049865722656,339.2049865722656,339.30499267578125,339.17999267578125,339.2699890136719,33984
2026-07-28 13:13:00-04:00,339.1000061035156,339.1000061035156,339.239990234375,339.05010986328125,339.2099914550781,50679
2026-07-28 13:14:00-04:00,339.1000061035156,339.1000061035156,339.1299133300781,339.0199890136719,339.1000061035156,35141
2026-07-28 13:15:00-04:00,339.0899963378906,339.0899963378906,339.1700134277344,339.04998779296875,339.07000732421875,63430
2026-07-28 13:16:00-04:00,339.0950012207031,339.0950012207031,339.1300048828125,339.0199890136719,339.1000061035156,38551
2026-07-28 13:17:00-04:00,339.05010986328125,339.05010986328125,339.1199951171875,339.04998779296875,339.11590576171875,21160
2026-07-28 13:18:00-04:00,339.07000732421875,339.07000732421875,339.0899963378906,338.9800109863281,339.05389404296875,37871
2026-07-28 13:19:00-04:00,339.04998779296875,339.04998779296875,339.1300048828125,338.93011474609375,339.05999755859375,58623
2026-07-28 13:20:00-04:00,339.4100036621094,339.4100036621094,339.4700012207031,339.04071044921875,339.04998779296875,84670
2026-07-28 13:21:00-04:00,339.1549987792969,339.1549987792969,339.5,339.1549987792969,339.4100036621094,48478
2026-07-28 13:22:00-04:00,339.01129150390625,339.01129150390625,339.22698974609375,338.96099853515625,339.19000244140625,31938
2026-07-28 13:23:00-04:00,339.1600036621094,339.1600036621094,339.1900939941406,338.9599914550781,339.010009765625,31918
2026-07-28 13:24:00-04:00,339.1856994628906,339.1856994628906,339.260009765625,339.1700134277344,339.19000244140625,31192
2026-07-28 13:25:00-04:00,339.09991455078125,339.09991455078125,339.2355041503906,339.0400085449219,339.2099914550781,37849
2026-07-28 13:26:00-04:00,338.9700012207031,338.9700012207031,339.1369934082031,338.94500732421875,339.09991455078125,26403
2026-07-28 13:27:00-04:00,339.010009765625,339.010009765625,339.1099853515625,338.9508972167969,338.9750061035156,31935
2026-07-28 13:28:00-04:00,338.9599914550781,338.9599914550781,339.0899963378906,338.9599914550781,339.010009765625,20738
2026-07-28 13:29:00-04:00,339.0299987792969,339.0299987792969,339.1000061035156,338.9700012207031,338.9700012207031,23042
2026-07-28 13:30:00-04:00,339.0400085449219,339.0400085449219,339.0899963378906,339.010009765625,339.0400085449219,27304
2026-07-28 13:31:00-04:00,339.0299987792969,339.0299987792969,339.1099853515625,339.0199890136719,339.0400085449219,21622
2026-07-28 13:32:00-04:00,339.0400085449219,339.0400085449219,339.08990478515625,339.0,339.0400085449219,50640
2026-07-28 13:33:00-04:00,339.1099853515625,339.1099853515625,339.2799987792969,339.0101013183594,339.04998779296875,50613
2026-07-28 13:34:00-04:00,339.1400146484375,339.1400146484375,339.1899108886719,339.04998779296875,339.1199951171875,42117
2026-07-28 13:35:00-04:00,339.1400146484375,339.1400146484375,339.2300109863281,339.0899963378906,339.135009765625,46284
2026-07-28 13:36:00-04:00,339.1600036621094,339.1600036621094,339.19000244140625,339.0799865722656,339.1400146484375,31263
2026-07-28 13:37:00-04:00,339.20001220703125,339.20001220703125,339.2099914550781,339.0989990234375,339.1700134277344,29774
2026-07-28 13:38:00-04:00,339.30499267578125,339.30499267578125,339.3299865722656,339.1700134277344,339.19500732421875,47106
2026-07-28 13:39:00-04:00,339.3703918457031,339.3703918457031,339.42498779296875,339.29998779296875,339.32000732421875,41868
2026-07-28 13:40:00-04:00,339.5199890136719,339.5199890136719,339.56988525390625,339.3700866699219,339.3800048828125,64055
2026-07-28 13:41:00-04:00,339.74810791015625,339.74810791015625,339.7799987792969,339.510009765625,339.510009765625,69010
2026-07-28 13:42:00-04:00,339.6000061035156,339.6000061035156,339.7550048828125,339.55999755859375,339.7550048828125,66654
2026-07-28 13:43:00-04:00,339.5400085449219,339.5400085449219,339.78009033203125,339.5299987792969,339.6000061035156,63444
2026-07-28 13:44:00-04:00,339.5199890136719,339.5199890136719,339.5899963378906,339.3999938964844,339.54998779296875,48380
2026-07-28 13:45:00-04:00,339.54998779296875,339.54998779296875,339.6499938964844,339.4599914550781,339.489990234375,35246
2026-07-28 13:46:00-04:00,339.6499938964844,339.6499938964844,339.6700134277344,339.5,339.55999755859375,44748
2026-07-28 13:47:00-04:00,339.69000244140625,339.69000244140625,339.7499084472656,339.6199951171875,339.6600036621094,54032
2026-07-28 13:48:00-04:00,339.95098876953125,339.95098876953125,340.0198974609375,339.68011474609375,339.69000244140625,110084
2026-07-28 13:49:00-04:00,339.8800048828125,339.8800048828125,340.010009765625,339.8299865722656,339.94000244140625,64791
2026-07-28 13:50:00-04:00,339.69000244140625,339.69000244140625,339.8900146484375,339.6600036621094,339.8800048828125,56086
2026-07-28 13:51:00-04:00,339.760009765625,339.760009765625,339.760009765625,339.6159973144531,339.70001220703125,33228
2026-07-28 13:52:00-04:00,339.78009033203125,339.78009033203125,339.9200134277344,339.760009765625,339.7699890136719,41306
2026-07-28 13:53:00-04:00,339.82000732421875,339.82000732421875,339.8500061035156,339.7200012207031,339.7829895019531,42879
2026-07-28 13:54:00-04:00,339.7900085449219,339.7900085449219,339.8900146484375,339.7650146484375,339.82000732421875,61452
2026-07-28 13:55:00-04:00,339.7300109863281,339.7300109863281,339.8999938964844,339.70001220703125,339.7900085449219,36173
2026-07-28 13:56:00-04:00,339.79998779296875,339.79998779296875,339.82501220703125,339.69000244140625,339.739990234375,30238
2026-07-28 13:57:00-04:00,339.6000061035156,339.6000061035156,339.8500061035156,339.5950012207031,339.7699890136719,61877
2026-07-28 13:58:00-04:00,339.67999267578125,339.67999267578125,339.67999267578125,339.5008850097656,339.6000061035156,79130
2026-07-28 13:59:00-04:00,339.7449951171875,339.7449951171875,339.7799987792969,339.6549987792969,339.69000244140625,32385
2026-07-28 14:00:00-04:00,339.7650146484375,339.7650146484375,339.8399963378906,339.70001220703125,339.7449951171875,358273
2026-07-28 14:01:00-04:00,339.7250061035156,339.7250061035156,339.7749938964844,339.67999267578125,339.7650146484375,34196
2026-07-28 14:02:00-04:00,339.54998779296875,339.54998779296875,339.739990234375,339.510009765625,339.7099914550781,42618
2026-07-28 14:03:00-04:00,339.6000061035156,339.6000061035156,339.6400146484375,339.5450134277344,339.55999755859375,56507
2026-07-28 14:04:00-04:00,339.6600036621094,339.6600036621094,339.6700134277344,339.55499267578125,339.6000061035156,39977
2026-07-28 14:05:00-04:00,339.6700134277344,339.6700134277344,339.69000244140625,339.5899963378906,339.6400146484375,29456
2026-07-28 14:06:00-04:00,339.510009765625,339.510009765625,339.67999267578125,339.4801025390625,339.67999267578125,65368
2026-07-28 14:07:00-04:00,339.54998779296875,339.54998779296875,339.57501220703125,339.489990234375,339.5400085449219,28161
2026-07-28 14:08:00-04:00,339.6099853515625,339.6099853515625,339.6600036621094,339.55999755859375,339.5801086425781,48042
2026-07-28 14:09:00-04:00,339.625,339.625,339.6499938964844,339.5199890136719,339.614990234375,43937
2026-07-28 14:10:00-04:00,339.5450134277344,339.5450134277344,339.6499938964844,339.5350036621094,339.6099853515625,61407
2026-07-28 14:11:00-04:00,339.59100341796875,339.59100341796875,339.6400146484375,339.5199890136719,339.5400085449219,42890
2026-07-28 14:12:00-04:00,339.5199890136719,339.5199890136719,339.5899963378906,339.489990234375,339.5799865722656,33597
2026-07-28 14:13:00-04:00,339.4599914550781,339.4599914550781,339.6300048828125,339.4599914550781,339.55999755859375,34578
2026-07-28 14:14:00-04:00,339.55999755859375,339.55999755859375,339.6099853515625,339.4200134277344,339.42999267578125,29810
2026-07-28 14:15:00-04:00,339.4800109863281,339.4800109863281,339.5799865722656,339.42999267578125,339.57000732421875,48425
2026-07-28 14:16:00-04:00,339.56500244140625,339.56500244140625,339.5899963378906,339.43011474609375,339.4800109863281,63367
2026-07-28 14:17:00-04:00,339.57501220703125,339.57501220703125,339.5799865722656,339.5150146484375,339.57501220703125,30435
2026-07-28 14:18:00-04:00,339.7257995605469,339.7257995605469,339.739990234375,339.5700988769531,339.57501220703125,43632
2026-07-28 14:19:00-04:00,339.75,339.75,339.80999755859375,339.6502990722656,339.739990234375,40054
2026-07-28 14:20:00-04:00,339.7250061035156,339.7250061035156,339.80999755859375,339.6499938964844,339.7550048828125,69633
2026-07-28 14:21:00-04:00,339.7066955566406,339.7066955566406,339.82000732421875,339.67999267578125,339.723388671875,34523
2026-07-28 14:22:00-04:00,339.79998779296875,339.79998779296875,339.8500061035156,339.7101135253906,339.7300109863281,42440
2026-07-28 14:23:00-04:00,339.7200012207031,339.7200012207031,339.885009765625,339.7099914550781,339.8399963378906,40782
2026-07-28 14:24:00-04:00,339.7699890136719,339.7699890136719,339.7900085449219,339.7149963378906,339.7200012207031,34713
2026-07-28 14:25:00-04:00,339.80999755859375,339.80999755859375,339.875,339.760009765625,339.760009765625,58486
2026-07-28 14:26:00-04:00,339.80999755859375,339.80999755859375,339.8999938964844,339.79998779296875,339.80999755859375,59778
2026-07-28 14:27:00-04:00,339.92999267578125,339.92999267578125,340.159912109375,339.75,339.82000732421875,134548
2026-07-28 14:28:00-04:00,339.8699951171875,339.8699951171875,339.9700012207031,339.8299865722656,339.9599914550781,56588
2026-07-28 14:29:00-04:00,339.8399963378906,339.8399963378906,339.909912109375,339.7799987792969,339.8699951171875,33069
2026-07-28 14:30:00-04:00,339.7799987792969,339.7799987792969,339.8900146484375,339.6300048828125,339.8399963378906,73261
2026-07-28 14:31:00-04:00,339.4700012207031,339.4700012207031,339.7799987792969,339.3900146484375,339.7799987792969,105097
2026-07-28 14:32:00-04:00,339.3349914550781,339.3349914550781,339.5,339.32000732421875,339.4700012207031,57369
2026-07-28 14:33:00-04:00,339.3901062011719,339.3901062011719,339.4800109863281,339.32000732421875,339.3299865722656,51001
2026-07-28 14:34:00-04:00,339.45001220703125,339.45001220703125,339.510009765625,339.385009765625,339.3999938964844,81013
2026-07-28 14:35:00-04:00,339.260009765625,339.260009765625,339.5299987792969,339.1600036621094,339.4549865722656,90990
2026-07-28 14:36:00-04:00,339.1400146484375,339.1400146484375,339.2699890136719,339.07501220703125,339.260009765625,35715
2026-07-28 14:37:00-04:00,339.19000244140625,339.19000244140625,339.2349853515625,339.1099853515625,339.1499938964844,38862
2026-07-28 14:38:00-04:00,339.25,339.25,339.2900085449219,339.0892028808594,339.20001220703125,40893
2026-07-28 14:39:00-04:00,338.81500244140625,338.81500244140625,339.2550048828125,338.7950134277344,339.2550048828125,104283
2026-07-28 14:40:00-04:00,338.4400939941406,338.4400939941406,338.8399963378906,338.4400939941406,338.81500244140625,84630
2026-07-28 14:41:00-04:00,338.32000732421875,338.32000732421875,338.4700012207031,338.29998779296875,338.4400939941406,58955
2026-07-28 14:42:00-04:00,338.4599914550781,338.4599914550781,338.5274963378906,338.2799987792969,338.32000732421875,44761
2026-07-28 14:43:00-04:00,338.625,338.625,338.6549987792969,338.45001220703125,338.4549865722656,75260
2026-07-28 14:44:00-04:00,338.3999938964844,338.3999938964844,338.6400146484375,338.375,338.6400146484375,43229
2026-07-28 14:45:00-04:00,338.6499938964844,338.6499938964844,338.659912109375,338.4100036621094,338.4100036621094,42166
2026-07-28 14:46:00-04:00,338.6199951171875,338.6199951171875,338.6600036621094,338.510009765625,338.6400146484375,43769
2026-07-28 14:47:00-04:00,338.8559875488281,338.8559875488281,338.8699951171875,338.6099853515625,338.6400146484375,56460
2026-07-28 14:48:00-04:00,338.69000244140625,338.69000244140625,338.864990234375,338.5899963378906,338.8599853515625,45655
2026-07-28 14:49:00-04:00,338.6499938964844,338.6499938964844,338.70098876953125,338.5799865722656,338.69000244140625,33210
2026-07-28 14:50:00-04:00,338.68499755859375,338.68499755859375,338.7699890136719,338.6199951171875,338.6257019042969,55514
2026-07-28 14:51:00-04:00,338.8598937988281,338.8598937988281,338.90948486328125,338.6600036621094,338.69000244140625,63986
2026-07-28 14:52:00-04:00,338.8800048828125,338.8800048828125,338.93499755859375,338.8053894042969,338.8550109863281,43085
2026-07-28 14:53:00-04:00,338.81500244140625,338.81500244140625,338.8900146484375,338.7699890136719,338.8800048828125,46200
2026-07-28 14:54:00-04:00,338.8500061035156,338.8500061035156,338.8999938964844,338.7601013183594,338.82000732421875,50542
2026-07-28 14:55:00-04:00,339.07000732421875,339.07000732421875,339.07501220703125,338.8599853515625,338.8599853515625,72829
2026-07-28 14:56:00-04:00,339.42999267578125,339.42999267578125,339.45001220703125,338.9901123046875,339.0600891113281,90360
2026-07-28 14:57:00-04:00,339.44000244140625,339.44000244140625,339.55999755859375,339.3599853515625,339.42999267578125,74303
2026-07-28 14:58:00-04:00,339.4049987792969,339.4049987792969,339.4800109863281,339.2900085449219,339.44500732421875,47372
2026-07-28 14:59:00-04:00,339.3500061035156,339.3500061035156,339.4599914550781,339.2900085449219,339.43499755859375,59047
2026-07-28 15:00:00-04:00,339.4200134277344,339.4200134277344,339.4849853515625,339.32000732421875,339.3450012207031,69955
2026-07-28 15:01:00-04:00,339.5150146484375,339.5150146484375,339.54998779296875,339.3999938964844,339.42999267578125,52663
2026-07-28 15:02:00-04:00,339.510009765625,339.510009765625,339.54998779296875,339.3999938964844,339.5199890136719,45752
2026-07-28 15:03:00-04:00,339.53009033203125,339.53009033203125,339.5400085449219,339.42999267578125,339.510009765625,48163
2026-07-28 15:04:00-04:00,339.614990234375,339.614990234375,339.67498779296875,339.5299987792969,339.5299987792969,91116
2026-07-28 15:05:00-04:00,339.510009765625,339.510009765625,339.6199951171875,339.4200134277344,339.6000061035156,65212
2026-07-28 15:06:00-04:00,339.510009765625,339.510009765625,339.5400085449219,339.3900146484375,339.5,56695
2026-07-28 15:07:00-04:00,339.5400085449219,339.5400085449219,339.56500244140625,339.3999938964844,339.5199890136719,58657
2026-07-28 15:08:00-04:00,339.3999938964844,339.3999938964844,339.5350036621094,339.393310546875,339.5299987792969,55716
2026-07-28 15:09:00-04:00,339.32501220703125,339.32501220703125,339.44500732421875,339.2101135253906,339.4100036621094,75549
2026-07-28 15:10:00-04:00,339.32000732421875,339.32000732421875,339.3999938964844,339.29998779296875,339.3399963378906,50774
2026-07-28 15:11:00-04:00,339.260009765625,339.260009765625,339.3500061035156,339.2200012207031,339.32501220703125,44713
2026-07-28 15:12:00-04:00,339.44000244140625,339.44000244140625,339.45001220703125,339.2650146484375,339.2799072265625,36658
2026-07-28 15:13:00-04:00,339.31500244140625,339.31500244140625,339.45001220703125,339.2409973144531,339.42999267578125,85850
2026-07-28 15:14:00-04:00,339.1700134277344,339.1700134277344,339.32000732421875,339.1700134277344,339.30499267578125,47884
2026-07-28 15:15:00-04:00,339.20001220703125,339.20001220703125,339.260009765625,339.1300048828125,339.1700134277344,40602
2026-07-28 15:16:00-04:00,339.15130615234375,339.15130615234375,339.2699890136719,339.135009765625,339.20001220703125,60748
2026-07-28 15:17:00-04:00,339.2699890136719,339.2699890136719,339.3363952636719,339.1600036621094,339.1700134277344,54102
2026-07-28 15:18:00-04:00,339.4100036621094,339.4100036621094,339.42999267578125,339.239990234375,339.2799987792969,69255
2026-07-28 15:19:00-04:00,339.2795104980469,339.2795104980469,339.4800109863281,339.25,339.4049987792969,71800
2026-07-28 15:20:00-04:00,339.4200134277344,339.4200134277344,339.44000244140625,339.2900085449219,339.29998779296875,47261
2026-07-28 15:21:00-04:00,339.3699951171875,339.3699951171875,339.4200134277344,339.30999755859375,339.3999938964844,54777
2026-07-28 15:22:00-04:00,339.30999755859375,339.30999755859375,339.5199890136719,339.2900085449219,339.375,98949
2026-07-28 15:23:00-04:00,339.2701110839844,339.2701110839844,339.30999755859375,339.176513671875,339.30999755859375,45423
2026-07-28 15:24:00-04:00,339.2749938964844,339.2749938964844,339.3299865722656,339.2250061035156,339.2699890136719,35750
2026-07-28 15:25:00-04:00,339.19000244140625,339.19000244140625,339.2900085449219,339.19000244140625,339.2799987792969,72274
2026-07-28 15:26:00-04:00,339.0693054199219,339.0693054199219,339.2200012207031,339.04998779296875,339.19989013671875,64766
2026-07-28 15:27:00-04:00,339.2099914550781,339.2099914550781,339.2300109863281,339.0299987792969,339.04998779296875,58106
2026-07-28 15:28:00-04:00,339.3399963378906,339.3399963378906,339.3500061035156,339.1700134277344,339.2099914550781,48047
2026-07-28 15:29:00-04:00,339.20001220703125,339.20001220703125,339.3699951171875,339.1499938964844,339.3599853515625,72986
2026-07-28 15:30:00-04:00,339.2300109863281,339.2300109863281,339.2799987792969,339.1199951171875,339.1600036621094,68216
2026-07-28 15:31:00-04:00,339.1600036621094,339.1600036621094,339.2900085449219,339.1000061035156,339.2349853515625,67740
2026-07-28 15:32:00-04:00,339.30999755859375,339.30999755859375,339.3800048828125,339.1600036621094,339.1600036621094,67002
2026-07-28 15:33:00-04:00,339.2200012207031,339.2200012207031,339.3800048828125,339.2099914550781,339.30999755859375,66740
2026-07-28 15:34:00-04:00,339.3599853515625,339.3599853515625,339.3599853515625,339.18499755859375,339.2099914550781,1169802
2026-07-28 15:35:00-04:00,339.44000244140625,339.44000244140625,339.54998779296875,339.3299865722656,339.3500061035156,68911
2026-07-28 15:36:00-04:00,339.55499267578125,339.55499267578125,339.57000732421875,339.4200134277344,339.4200134277344,111089
2026-07-28 15:37:00-04:00,339.739990234375,339.739990234375,339.7699890136719,339.510009765625,339.54071044921875,103468
2026-07-28 15:38:00-04:00,339.68499755859375,339.68499755859375,339.9100036621094,339.57000732421875,339.739990234375,152259
2026-07-28 15:39:00-04:00,339.7049865722656,339.7049865722656,339.739990234375,339.6549987792969,339.67010498046875,65515
2026-07-28 15:40:00-04:00,339.8699951171875,339.8699951171875,339.8799133300781,339.70001220703125,339.7200012207031,70573
2026-07-28 15:41:00-04:00,339.8699951171875,339.8699951171875,339.8999938964844,339.7799987792969,339.8599853515625,64714
2026-07-28 15:42:00-04:00,339.8399963378906,339.8399963378906,339.94989013671875,339.70001220703125,339.8699951171875,64680
2026-07-28 15:43:00-04:00,340.1050109863281,340.1050109863281,340.1499938964844,339.7701110839844,339.8349914550781,165832
2026-07-28 15:44:00-04:00,340.010009765625,340.010009765625,340.1199951171875,340.0,340.1099853515625,85914
2026-07-28 15:45:00-04:00,339.32000732421875,339.32000732421875,340.010009765625,339.20001220703125,340.010009765625,141124
2026-07-28 15:46:00-04:00,339.3699951171875,339.3699951171875,339.3999938964844,339.1300048828125,339.3299865722656,86814
2026-07-28 15:47:00-04:00,339.4800109863281,339.4800109863281,339.4800109863281,339.2200012207031,339.364990234375,90554
2026-07-28 15:48:00-04:00,339.5199890136719,339.5199890136719,339.5400085449219,339.44000244140625,339.4800109863281,71306
2026-07-28 15:49:00-04:00,339.44000244140625,339.44000244140625,339.5299987792969,339.3399963378906,339.5299072265625,68816
2026-07-28 15:50:00-04:00,339.9700012207031,339.9700012207031,339.9800109863281,339.3699951171875,339.44000244140625,143874
2026-07-28 15:51:00-04:00,339.75,339.75,340.0,339.67999267578125,339.9649963378906,132748
2026-07-28 15:52:00-04:00,339.614990234375,339.614990234375,339.8500061035156,339.56500244140625,339.7601013183594,102229
2026-07-28 15:53:00-04:00,339.54998779296875,339.54998779296875,339.739990234375,339.4800109863281,339.6300048828125,121160
2026-07-28 15:54:00-04:00,339.8500061035156,339.8500061035156,340.0,339.2900085449219,339.57000732421875,211884
2026-07-28 15:55:00-04:00,339.8399963378906,339.8399963378906,339.94000244140625,339.1000061035156,339.8399963378906,399825
2026-07-28 15:56:00-04:00,340.125,340.125,340.1499938964844,339.739990234375,339.8500061035156,280877
2026-07-28 15:57:00-04:00,340.3900146484375,340.3900146484375,340.4100036621094,339.9700927734375,340.125,390175
2026-07-28 15:58:00-04:00,340.3450012207031,340.3450012207031,340.5299987792969,340.19000244140625,340.3999938964844,547327
2026-07-28 15:59:00-04:00,340.1600036621094,340.1600036621094,340.3500061035156,339.94000244140625,340.3450012207031,1234410
2026-07-29 09:30:00-04:00,341.5953063964844,341.5953063964844,341.7200012207031,339.6521911621094,339.69000244140625,1864881
2026-07-29 09:31:00-04:00,340.8299865722656,340.8299865722656,342.19000244140625,340.55999755859375,341.70001220703125,305503
2026-07-29 09:32:00-04:00,340.3900146484375,340.3900146484375,340.96990966796875,339.7200012207031,340.8900146484375,186855
2026-07-29 09:33:00-04:00,339.9599914550781,339.9599914550781,340.54119873046875,339.7900085449219,340.42498779296875,210047
2026-07-29 09:34:00-04:00,340.0282897949219,340.0282897949219,340.40399169921875,339.55999755859375,339.9849853515625,143584
2026-07-29 09:35:00-04:00,340.42999267578125,340.42999267578125,340.45001220703125,339.8500061035156,340.05999755859375,106358
2026-07-29 09:36:00-04:00,340.7950134277344,340.7950134277344,340.989990234375,340.1600036621094,340.3949890136719,215061
2026-07-29 09:37:00-04:00,340.7550048828125,340.7550048828125,340.8299865722656,340.010009765625,340.7900085449219,155495
2026-07-29 09:38:00-04:00,340.6499938964844,340.6499938964844,340.989990234375,340.3699951171875,340.7699890136719,235461
2026-07-29 09:39:00-04:00,341.2178955078125,341.2178955078125,341.2178955078125,340.6841125488281,340.70001220703125,161202
2026-07-29 09:40:00-04:00,341.7300109863281,341.7300109863281,341.7550048828125,340.864990234375,341.1600036621094,198497
2026-07-29 09:41:00-04:00,341.4549865722656,341.4549865722656,341.7799987792969,341.4100036621094,341.7149963378906,175212
2026-07-29 09:42:00-04:00,341.4599914550781,341.4599914550781,341.7200012207031,341.2699890136719,341.4549865722656,130969
2026-07-29 09:43:00-04:00,341.1400146484375,341.1400146484375,341.4599914550781,340.95001220703125,341.44000244140625,113700
2026-07-29 09:44:00-04:00,341.55999755859375,341.55999755859375,341.5950012207031,340.7900085449219,341.1700134277344,108027
2026-07-29 09:45:00-04:00,342.239990234375,342.239990234375,342.3699951171875,341.5299987792969,341.5450134277344,256533
2026-07-29 09:46:00-04:00,342.7749938964844,342.7749938964844,342.9700012207031,342.239990234375,342.2850036621094,371562
2026-07-29 09:47:00-04:00,342.8800048828125,342.8800048828125,343.1300048828125,342.572509765625,342.7749938964844,280290
2026-07-29 09:48:00-04:00,343.0799865722656,343.0799865722656,343.1000061035156,342.80999755859375,342.8900146484375,138507
2026-07-29 09:49:00-04:00,343.2349853515625,343.2349853515625,343.45001220703125,342.7500915527344,343.0799865722656,223731
2026-07-29 09:50:00-04:00,343.3699951171875,343.3699951171875,343.4800109863281,342.9700012207031,343.2716064453125,265217
2026-07-29 09:51:00-04:00,343.6449890136719,343.6449890136719,343.6700134277344,343.1650085449219,343.3699951171875,233364
2026-07-29 09:52:00-04:00,343.3399963378906,343.3399963378906,343.6499938964844,343.05029296875,343.6300048828125,199860
2026-07-29 09:53:00-04:00,343.3500061035156,343.3500061035156,343.4599914550781,343.05999755859375,343.3500061035156,128481
2026-07-29 09:54:00-04:00,343.0249938964844,343.0249938964844,343.409912109375,342.94000244140625,343.3599853515625,102794
2026-07-29 09:55:00-04:00,342.6600036621094,342.6600036621094,343.1000061035156,342.3999938964844,343.0199890136719,123993
2026-07-29 09:56:00-04:00,342.5639953613281,342.5639953613281,342.739990234375,342.19000244140625,342.68499755859375,145354
2026-07-29 09:57:00-04:00,342.94000244140625,342.94000244140625,343.1199951171875,342.4599914550781,342.5199890136719,155731
2026-07-29 09:58:00-04:00,342.760009765625,342.760009765625,343.0,342.5199890136719,342.92999267578125,99885
2026-07-29 09:59:00-04:00,342.8699951171875,342.8699951171875,343.05499267578125,342.5450134277344,342.7799987792969,126990
2026-07-29 10:00:00-04:00,342.67498779296875,342.67498779296875,342.9700012207031,342.6549987792969,342.82501220703125,146548
2026-07-29 10:01:00-04:00,342.82501220703125,342.82501220703125,342.82501220703125,342.5150146484375,342.6600036621094,133418
2026-07-29 10:02:00-04:00,342.92999267578125,342.92999267578125,343.0400085449219,342.6199951171875,342.82501220703125,179837
2026-07-29 10:03:00-04:00,343.43499755859375,343.43499755859375,343.4800109863281,342.95001220703125,342.9700012207031,238317
2026-07-29 10:04:00-04:00,343.19000244140625,343.19000244140625,343.4599914550781,342.9501037597656,343.42401123046875,124330
2026-07-29 10:05:00-04:00,342.95001220703125,342.95001220703125,343.302490234375,342.9100036621094,343.19000244140625,135478
2026-07-29 10:06:00-04:00,342.6192932128906,342.6192932128906,343.1600036621094,342.510009765625,342.9750061035156,233414
2026-07-29 10:07:00-04:00,342.4750061035156,342.4750061035156,342.8241882324219,342.4100036621094,342.625,111261
2026-07-29 10:08:00-04:00,342.61968994140625,342.61968994140625,342.69000244140625,342.2300109863281,342.5,147850
2026-07-29 10:09:00-04:00,342.6650085449219,342.6650085449219,342.7489929199219,342.45928955078125,342.5950012207031,78765
2026-07-29 10:10:00-04:00,342.3699951171875,342.3699951171875,342.81500244140625,342.3699951171875,342.6400146484375,124239
2026-07-29 10:11:00-04:00,342.3450012207031,342.3450012207031,342.67999267578125,342.25,342.3999938964844,129929
2026-07-29 10:12:00-04:00,342.20001220703125,342.20001220703125,342.3568115234375,341.8500061035156,342.3450012207031,208957
2026-07-29 10:13:00-04:00,341.840087890625,341.840087890625,342.20001220703125,341.7200012207031,342.20001220703125,110397
2026-07-29 10:14:00-04:00,341.8299865722656,341.8299865722656,342.1600036621094,341.79998779296875,341.864990234375,144955
2026-07-29 10:15:00-04:00,342.0575866699219,342.0575866699219,342.0889892578125,341.67498779296875,341.82501220703125,129663
2026-07-29 10:16:00-04:00,341.6300048828125,341.6300048828125,342.0625915527344,341.590087890625,342.04998779296875,100358
2026-07-29 10:17:00-04:00,341.7445068359375,341.7445068359375,341.7650146484375,341.4800109863281,341.6300048828125,153064
2026-07-29 10:18:00-04:00,341.4599914550781,341.4599914550781,341.7699890136719,341.4176025390625,341.7699890136719,119756
2026-07-29 10:19:00-04:00,341.29998779296875,341.29998779296875,341.5,341.20001220703125,341.4800109863281,109519
2026-07-29 10:20:00-04:00,341.3900146484375,341.3900146484375,341.5299987792969,341.1300048828125,341.2900085449219,154242
2026-07-29 10:21:00-04:00,341.2049865722656,341.2049865722656,341.4800109863281,341.1401062011719,341.385009765625,72115
2026-07-29 10:22:00-04:00,341.6499938964844,341.6499938964844,341.6499938964844,341.2200012207031,341.25,77135
2026-07-29 10:23:00-04:00,341.4601135253906,341.4601135253906,341.7284851074219,341.4601135253906,341.6300048828125,68227
2026-07-29 10:24:00-04:00,341.2200012207031,341.2200012207031,341.4800109863281,341.1600036621094,341.43499755859375,80681
2026-07-29 10:25:00-04:00,340.9606018066406,340.9606018066406,341.30999755859375,340.9599914550781,341.2799987792969,65398
2026-07-29 10:26:00-04:00,341.1199951171875,341.1199951171875,341.1899108886719,340.7200012207031,340.9700012207031,124913
2026-07-29 10:27:00-04:00,341.0799865722656,341.0799865722656,341.2200012207031,341.0299987792969,341.10009765625,92587
2026-07-29 10:28:00-04:00,341.2550048828125,341.2550048828125,341.3399963378906,341.0299987792969,341.1099853515625,107801
2026-07-29 10:29:00-04:00,341.1600036621094,341.1600036621094,341.2650146484375,341.1050109863281,341.260009765625,68949
2026-07-29 10:30:00-04:00,341.2900085449219,341.2900085449219,341.31988525390625,340.9100036621094,341.1700134277344,98861
2026-07-29 10:31:00-04:00,341.31988525390625,341.31988525390625,341.3999938964844,341.04998779296875,341.32000732421875,89307
2026-07-29 10:32:00-04:00,341.1600036621094,341.1600036621094,341.34100341796875,341.1000061035156,341.2699890136719,76185
2026-07-29 10:33:00-04:00,341.5150146484375,341.5150146484375,341.57000732421875,341.0307922363281,341.1600036621094,102847
2026-07-29 10:34:00-04:00,341.70001220703125,341.70001220703125,341.70001220703125,341.3699951171875,341.4949951171875,69064
2026-07-29 10:35:00-04:00,341.489990234375,341.489990234375,341.739990234375,341.4200134277344,341.70001220703125,63025
2026-07-29 10:36:00-04:00,341.2655944824219,341.2655944824219,341.57000732421875,341.1300048828125,341.4949951171875,59830
2026-07-29 10:37:00-04:00,341.2900085449219,341.2900085449219,341.3695983886719,341.14019775390625,341.2699890136719,48879
2026-07-29 10:38:00-04:00,341.364990234375,341.364990234375,341.3999938964844,341.1341857910156,341.2699890136719,52115
2026-07-29 10:39:00-04:00,341.2900085449219,341.2900085449219,341.45001220703125,341.260009765625,341.3699951171875,54751
2026-07-29 10:40:00-04:00,341.05999755859375,341.05999755859375,341.3999938964844,341.0201110839844,341.2799987792969,71155
2026-07-29 10:41:00-04:00,341.489990234375,341.489990234375,341.6400146484375,341.05999755859375,341.05999755859375,79503
2026-07-29 10:42:00-04:00,341.45001220703125,341.45001220703125,341.5799865722656,341.3500061035156,341.489990234375,72121
2026-07-29 10:43:00-04:00,341.44500732421875,341.44500732421875,341.6000061035156,341.32000732421875,341.44000244140625,157990
2026-07-29 10:44:00-04:00,341.5899963378906,341.5899963378906,341.6000061035156,341.32000732421875,341.427490234375,98701
2026-07-29 10:45:00-04:00,341.4599914550781,341.4599914550781,341.70001220703125,341.3500061035156,341.57000732421875,86547
2026-07-29 10:46:00-04:00,341.6099853515625,341.6099853515625,341.6400146484375,341.3236083984375,341.44000244140625,61702
2026-07-29 10:47:00-04:00,341.2099914550781,341.2099914550781,341.5899963378906,341.17498779296875,341.5899963378906,79733
2026-07-29 10:48:00-04:00,341.3299865722656,341.3299865722656,341.3399963378906,341.0820007324219,341.20001220703125,65185
2026-07-29 10:49:00-04:00,341.0400085449219,341.0400085449219,341.3500061035156,340.80999755859375,341.32000732421875,105451
2026-07-29 10:50:00-04:00,340.6160888671875,340.6160888671875,341.05499267578125,340.5119934082031,341.05499267578125,161532
2026-07-29 10:51:00-04:00,340.54998779296875,340.54998779296875,340.9305114746094,340.510009765625,340.6050109863281,128843
2026-07-29 10:52:00-04:00,340.3800048828125,340.3800048828125,340.779296875,340.3800048828125,340.5899963378906,113412
2026-07-29 10:53:00-04:00,340.7099914550781,340.7099914550781,340.8999938964844,340.4150085449219,340.4200134277344,77357
2026-07-29 10:54:00-04:00,340.7099914550781,340.7099914550781,340.7699890136719,340.44000244140625,340.70001220703125,85786
2026-07-29 10:55:00-04:00,340.70001220703125,340.70001220703125,340.75,340.6199951171875,340.7200012207031,68240
2026-07-29 10:56:00-04:00,340.6156005859375,340.6156005859375,340.8399963378906,340.54010009765625,340.69500732421875,81499
2026-07-29 10:57:00-04:00,340.5000915527344,340.5000915527344,340.7099914550781,340.4800109863281,340.6600036621094,78947
2026-07-29 10:58:00-04:00,340.31500244140625,340.31500244140625,340.6000061035156,340.1199951171875,340.510009765625,97178
2026-07-29 10:59:00-04:00,340.3900146484375,340.3900146484375,340.44879150390625,340.2699890136719,340.29998779296875,95515
2026-07-29 11:00:00-04:00,340.32501220703125,340.32501220703125,340.5,340.1499938964844,340.3999938964844,124389
2026-07-29 11:01:00-04:00,340.17999267578125,340.17999267578125,340.42999267578125,340.14080810546875,340.3349914550781,101960
2026-07-29 11:02:00-04:00,339.79998779296875,339.79998779296875,340.2699890136719,339.760009765625,340.17498779296875,143607
2026-07-29 11:03:00-04:00,339.760009765625,339.760009765625,340.05499267578125,339.7200012207031,339.77081298828125,127520
2026-07-29 11:04:00-04:00,339.739990234375,339.739990234375,339.8599853515625,339.5199890136719,339.739990234375,154508
2026-07-29 11:05:00-04:00,339.6700134277344,339.6700134277344,339.989990234375,339.5899963378906,339.7799987792969,68099
2026-07-29 11:06:00-04:00,340.3999938964844,340.3999938964844,340.55999755859375,339.6099853515625,339.6700134277344,140678
2026-07-29 11:07:00-04:00,340.510009765625,340.510009765625,340.57000732421875,340.3500061035156,340.4200134277344,128042
2026-07-29 11:08:00-04:00,340.3599853515625,340.3599853515625,340.5398864746094,340.2001037597656,340.526611328125,71661
2026-07-29 11:09:00-04:00,340.2650146484375,340.2650146484375,340.4100036621094,340.2200927734375,340.2900085449219,71562
2026-07-29 11:10:00-04:00,340.1724853515625,340.1724853515625,340.29998779296875,340.1099853515625,340.2799987792969,101061
2026-07-29 11:11:00-04:00,340.1400146484375,340.1400146484375,340.2300109863281,339.94000244140625,340.19000244140625,90780
2026-07-29 11:12:00-04:00,340.1499938964844,340.1499938964844,340.20001220703125,340.0299987792969,340.1499938964844,40168
2026-07-29 11:13:00-04:00,340.0299987792969,340.0299987792969,340.19000244140625,339.9100036621094,340.1400146484375,58441
2026-07-29 11:14:00-04:00,339.9700012207031,339.9700012207031,340.0799865722656,339.94500732421875,340.0199890136719,42752
2026-07-29 11:15:00-04:00,339.94000244140625,339.94000244140625,340.05999755859375,339.8900146484375,339.9700012207031,50655
2026-07-29 11:16:00-04:00,340.135009765625,340.135009765625,340.239990234375,339.92999267578125,339.92999267578125,81671
2026-07-29 11:17:00-04:00,340.1300048828125,340.1300048828125,340.2699890136719,340.1000061035156,340.1199951171875,62589
2026-07-29 11:18:00-04:00,339.8999938964844,339.8999938964844,340.3299865722656,339.80999755859375,340.1099853515625,62561
2026-07-29 11:19:00-04:00,339.8699951171875,339.8699951171875,340.0199890136719,339.8399963378906,339.92999267578125,47313
2026-07-29 11:20:00-04:00,339.9949951171875,339.9949951171875,340.010009765625,339.8299865722656,339.8500061035156,50760
2026-07-29 11:21:00-04:00,339.864990234375,339.864990234375,340.0400085449219,339.760009765625,340.0,36435
2026-07-29 11:22:00-04:00,339.7950134277344,339.7950134277344,339.9200134277344,339.69000244140625,339.8699035644531,59439
2026-07-29 11:23:00-04:00,339.7900085449219,339.7900085449219,339.8699035644531,339.69000244140625,339.78729248046875,52925
2026-07-29 11:24:00-04:00,340.05999755859375,340.05999755859375,340.0899963378906,339.6499938964844,339.79998779296875,89897
2026-07-29 11:25:00-04:00,340.04998779296875,340.04998779296875,340.0899963378906,339.8999938964844,340.04998779296875,73930
2026-07-29 11:26:00-04:00,339.8799133300781,339.8799133300781,340.06500244140625,339.70001220703125,340.0299987792969,53670
2026-07-29 11:27:00-04:00,339.8699951171875,339.8699951171875,340.0400085449219,339.739990234375,339.8700866699219,46078
2026-07-29 11:28:00-04:00,339.9800109863281,339.9800109863281,340.0799865722656,339.8800048828125,339.8900146484375,36362
2026-07-29 11:29:00-04:00,339.80999755859375,339.80999755859375,340.0299987792969,339.7799987792969,339.9800109863281,39928
2026-07-29 11:30:00-04:00,339.9150085449219,339.9150085449219,339.989990234375,339.80999755859375,339.8299865722656,97770
2026-07-29 11:31:00-04:00,339.989990234375,339.989990234375,340.0,339.760009765625,339.9100036621094,72314
2026-07-29 11:32:00-04:00,340.07000732421875,340.07000732421875,340.20001220703125,339.92999267578125,339.9849853515625,78685
2026-07-29 11:33:00-04:00,340.0199890136719,340.0199890136719,340.1300048828125,339.989990234375,340.07000732421875,52492
2026-07-29 11:34:00-04:00,339.8999938964844,339.8999938964844,340.04998779296875,339.8399963378906,340.03009033203125,40785
2026-07-29 11:35:00-04:00,340.0400085449219,340.0400085449219,340.1050109863281,339.8450012207031,339.9200134277344,74277
2026-07-29 11:36:00-04:00,340.010009765625,340.010009765625,340.07000732421875,339.8450012207031,340.0299987792969,38910
2026-07-29 11:37:00-04:00,340.3999938964844,340.3999938964844,340.5150146484375,340.010009765625,340.010009765625,90535
2026-07-29 11:38:00-04:00,340.510009765625,340.510009765625,340.67999267578125,340.3800048828125,340.3800048828125,102581
2026-07-29 11:39:00-04:00,340.3999938964844,340.3999938964844,340.5506896972656,340.3399963378906,340.5350036621094,56190
2026-07-29 11:40:00-04:00,340.4200134277344,340.4200134277344,340.6099853515625,340.30999755859375,340.3800964355469,51773
2026-07-29 11:41:00-04:00,340.489990234375,340.489990234375,340.56500244140625,340.3800964355469,340.42498779296875,50192
2026-07-29 11:42:00-04:00,340.3399963378906,340.3399963378906,340.57000732421875,340.239990234375,340.4800109863281,86668
2026-07-29 11:43:00-04:00,340.1050109863281,340.1050109863281,340.45001220703125,339.8800048828125,340.32501220703125,112823
2026-07-29 11:44:00-04:00,340.0899963378906,340.0899963378906,340.16009521484375,339.94000244140625,340.1300048828125,55997
2026-07-29 11:45:00-04:00,340.2900085449219,340.2900085449219,340.2900085449219,340.05999755859375,340.0899963378906,49117
2026-07-29 11:46:00-04:00,340.375,340.375,340.44500732421875,340.1300048828125,340.260009765625,49017
2026-07-29 11:47:00-04:00,340.6549987792969,340.6549987792969,340.739990234375,340.32000732421875,340.375,81070
2026-07-29 11:48:00-04:00,340.5899963378906,340.5899963378906,340.8599853515625,340.57000732421875,340.68499755859375,69446
2026-07-29 11:49:00-04:00,340.8399963378906,340.8399963378906,340.8800048828125,340.5950012207031,340.5950012207031,53000
2026-07-29 11:50:00-04:00,340.875,340.875,340.9700012207031,340.781005859375,340.80999755859375,100429
2026-07-29 11:51:00-04:00,340.8500061035156,340.8500061035156,340.8900146484375,340.75,340.82501220703125,58719
2026-07-29 11:52:00-04:00,341.17498779296875,341.17498779296875,341.2200012207031,340.82000732421875,340.8399963378906,122585
2026-07-29 11:53:00-04:00,341.0199890136719,341.0199890136719,341.1700134277344,340.8900146484375,341.1700134277344,53202
2026-07-29 11:54:00-04:00,340.8399963378906,340.8399963378906,341.0419921875,340.7250061035156,341.0199890136719,51197
2026-07-29 11:55:00-04:00,340.9200134277344,340.9200134277344,340.9949951171875,340.7799987792969,340.8599853515625,60312
2026-07-29 11:56:00-04:00,341.0249938964844,341.0249938964844,341.07000732421875,340.8800048828125,340.93499755859375,56931
2026-07-29 11:57:00-04:00,341.07000732421875,341.07000732421875,341.1000061035156,340.8599853515625,341.0199890136719,48212
2026-07-29 11:58:00-04:00,341.04998779296875,341.04998779296875,341.1499938964844,340.75,341.0799865722656,99450
2026-07-29 11:59:00-04:00,341.0299987792969,341.0299987792969,341.1499938964844,340.9200134277344,341.0799865722656,48453
2026-07-29 12:00:00-04:00,340.8612060546875,340.8612060546875,341.1199951171875,340.7799987792969,341.1000061035156,40214
2026-07-29 12:01:00-04:00,340.75,340.75,340.95001220703125,340.7200012207031,340.8500061035156,36563
2026-07-29 12:02:00-04:00,340.92999267578125,340.92999267578125,341.0199890136719,340.6300048828125,340.7298889160156,44130
2026-07-29 12:03:00-04:00,341.0299987792969,341.0299987792969,341.0799865722656,340.9049987792969,340.92999267578125,29415
2026-07-29 12:04:00-04:00,340.8999938964844,340.8999938964844,341.1499938964844,340.8599853515625,341.0450134277344,53013
2026-07-29 12:05:00-04:00,340.7699890136719,340.7699890136719,340.9200134277344,340.70001220703125,340.9049987792969,48455
2026-07-29 12:06:00-04:00,340.8800048828125,340.8800048828125,340.94000244140625,340.739990234375,340.75,76514
2026-07-29 12:07:00-04:00,340.9150085449219,340.9150085449219,340.95001220703125,340.739990234375,340.82501220703125,53575
2026-07-29 12:08:00-04:00,340.8450927734375,340.8450927734375,341.010009765625,340.7900085449219,340.92999267578125,39419
2026-07-29 12:09:00-04:00,341.010009765625,341.010009765625,341.0350036621094,340.7560119628906,340.8399963378906,53868
2026-07-29 12:10:00-04:00,340.9502868652344,340.9502868652344,341.07501220703125,340.92010498046875,340.9700012207031,38330
2026-07-29 12:11:00-04:00,340.95001220703125,340.95001220703125,340.9800109863281,340.70001220703125,340.9599914550781,29686
2026-07-29 12:12:00-04:00,340.8699951171875,340.8699951171875,340.9649963378906,340.8299865722656,340.95001220703125,30879
2026-07-29 12:13:00-04:00,340.9800109863281,340.9800109863281,340.989990234375,340.79998779296875,340.900390625,39350
2026-07-29 12:14:00-04:00,340.8299865722656,340.8299865722656,341.0400085449219,340.80999755859375,340.9700927734375,39256
2026-07-29 12:15:00-04:00,340.69500732421875,340.69500732421875,340.8599853515625,340.69000244140625,340.79998779296875,49155
2026-07-29 12:16:00-04:00,340.8399963378906,340.8399963378906,340.8599853515625,340.67999267578125,340.69500732421875,55760
2026-07-29 12:17:00-04:00,341.0506896972656,341.0506896972656,341.1600036621094,340.80999755859375,340.8200988769531,81276
2026-07-29 12:18:00-04:00,341.06500244140625,341.06500244140625,341.1600036621094,340.94500732421875,341.07000732421875,62218
2026-07-29 12:19:00-04:00,341.07000732421875,341.07000732421875,341.1499938964844,341.00048828125,341.05999755859375,44486
2026-07-29 12:20:00-04:00,340.94000244140625,340.94000244140625,341.1499938964844,340.8699951171875,341.07000732421875,69783
2026-07-29 12:21:00-04:00,341.05999755859375,341.05999755859375,341.1000061035156,340.8399963378906,340.92999267578125,48386
2026-07-29 12:22:00-04:00,341.2099914550781,341.2099914550781,341.2200012207031,341.0299987792969,341.07000732421875,59791
2026-07-29 12:23:00-04:00,341.4200134277344,341.4200134277344,341.45001220703125,341.1600036621094,341.2099914550781,87512
2026-07-29 12:24:00-04:00,341.54998779296875,341.54998779296875,341.54998779296875,341.3800048828125,341.42999267578125,56708
2026-07-29 12:25:00-04:00,341.42999267578125,341.42999267578125,341.55999755859375,341.3999938964844,341.5350036621094,42754
2026-07-29 12:26:00-04:00,341.5150146484375,341.5150146484375,341.5199890136719,341.31500244140625,341.44000244140625,55190
2026-07-29 12:27:00-04:00,341.42498779296875,341.42498779296875,341.5150146484375,341.3500061035156,341.5150146484375,36991
2026-07-29 12:28:00-04:00,341.281005859375,341.281005859375,341.44000244140625,341.2099914550781,341.44000244140625,44358
2026-07-29 12:29:00-04:00,341.2699890136719,341.2699890136719,341.44000244140625,341.2699890136719,341.29998779296875,36243
2026-07-29 12:30:00-04:00,341.2449951171875,341.2449951171875,341.4100036621094,341.20001220703125,341.25,45853
2026-07-29 12:31:00-04:00,341.04998779296875,341.04998779296875,341.2300109863281,341.010009765625,341.2200012207031,37080
2026-07-29 12:32:00-04:00,341.21038818359375,341.21038818359375,341.2250061035156,340.9700012207031,341.0799865722656,38298
2026-07-29 12:33:00-04:00,341.2701110839844,341.2701110839844,341.32000732421875,341.17999267578125,341.2300109863281,41145
2026-07-29 12:34:00-04:00,341.1099853515625,341.1099853515625,341.3399963378906,341.0400085449219,341.2850036621094,44506
2026-07-29 12:35:00-04:00,340.9100036621094,340.9100036621094,341.1400146484375,340.8900146484375,341.1099853515625,52568
2026-07-29 12:36:00-04:00,340.6675109863281,340.6675109863281,340.9700012207031,340.6099853515625,340.9200134277344,45821
2026-07-29 12:37:00-04:00,340.6300048828125,340.6300048828125,340.80999755859375,340.6300048828125,340.67999267578125,42747
2026-07-29 12:38:00-04:00,340.5,340.5,340.6700134277344,340.4800109863281,340.635009765625,42390
2026-07-29 12:39:00-04:00,340.57000732421875,340.57000732421875,340.67999267578125,340.510009765625,340.5199890136719,32616
2026-07-29 12:40:00-04:00,340.5,340.5,340.5950012207031,340.44000244140625,340.56500244140625,46063
2026-07-29 12:41:00-04:00,340.260009765625,340.260009765625,340.5299987792969,340.19000244140625,340.510009765625,41641
2026-07-29 12:42:00-04:00,340.1787109375,340.1787109375,340.2550048828125,340.04998779296875,340.239990234375,41535
2026-07-29 12:43:00-04:00,340.3299865722656,340.3299865722656,340.4200134277344,340.1499938964844,340.1499938964844,45485
2026-07-29 12:44:00-04:00,340.55999755859375,340.55999755859375,340.5899963378906,340.32501220703125,340.32501220703125,33905
2026-07-29 12:45:00-04:00,340.5,340.5,340.7699890136719,340.43499755859375,340.55999755859375,60336
2026-07-29 12:46:00-04:00,340.389892578125,340.389892578125,340.5299987792969,340.30059814453125,340.5,29442
2026-07-29 12:47:00-04:00,340.5450134277344,340.5450134277344,340.55999755859375,340.3999938964844,340.3999938964844,33349
2026-07-29 12:48:00-04:00,340.57000732421875,340.57000732421875,340.67999267578125,340.5199890136719,340.5325012207031,32774
2026-07-29 12:49:00-04:00,340.8500061035156,340.8500061035156,340.8500061035156,340.5304870605469,340.57000732421875,48509
2026-07-29 12:50:00-04:00,340.8800048828125,340.8800048828125,340.95001220703125,340.79010009765625,340.82000732421875,46765
2026-07-29 12:51:00-04:00,340.8949890136719,340.8949890136719,340.9700012207031,340.75,340.8599853515625,26704
2026-07-29 12:52:00-04:00,340.9551086425781,340.9551086425781,340.9599914550781,340.81500244140625,340.8949890136719,43384
2026-07-29 12:53:00-04:00,340.9599914550781,340.9599914550781,341.1097106933594,340.8800964355469,340.9599914550781,48314
2026-07-29 12:54:00-04:00,341.0299987792969,341.0299987792969,341.0899963378906,340.8800964355469,340.92999267578125,35143
2026-07-29 12:55:00-04:00,340.94000244140625,340.94000244140625,341.0486145019531,340.8699951171875,341.0299987792969,30990
2026-07-29 12:56:00-04:00,341.0450134277344,341.0450134277344,341.04998779296875,340.8550109863281,340.94000244140625,42633
2026-07-29 12:57:00-04:00,340.8901062011719,340.8901062011719,341.0400085449219,340.82989501953125,341.0400085449219,36509
2026-07-29 12:58:00-04:00,341.07501220703125,341.07501220703125,341.0899963378906,340.81500244140625,340.8900146484375,27360
2026-07-29 12:59:00-04:00,341.30999755859375,341.30999755859375,341.30999755859375,341.05999755859375,341.05999755859375,61656
2026-07-29 13:00:00-04:00,341.17950439453125,341.17950439453125,341.44000244140625,341.1600036621094,341.32000732421875,53488
2026-07-29 13:01:00-04:00,341.2655944824219,341.2655944824219,341.32000732421875,341.1300048828125,341.1700134277344,35631
2026-07-29 13:02:00-04:00,341.32501220703125,341.32501220703125,341.32501220703125,341.114990234375,341.260009765625,21264
2026-07-29 13:03:00-04:00,341.510009765625,341.510009765625,341.5299987792969,341.32000732421875,341.32000732421875,44035
2026-07-29 13:04:00-04:00,341.9649963378906,341.9649963378906,342.0799865722656,341.510009765625,341.510009765625,327522
2026-07-29 13:05:00-04:00,342.037109375,342.037109375,342.0799865722656,341.8949890136719,341.9599914550781,146309
2026-07-29 13:06:00-04:00,341.8999938964844,341.8999938964844,342.0799865722656,341.864990234375,342.0799865722656,41863
2026-07-29 13:07:00-04:00,341.8599853515625,341.8599853515625,341.9100036621094,341.7900085449219,341.90008544921875,34144
2026-07-29 13:08:00-04:00,341.80999755859375,341.80999755859375,341.8800048828125,341.7099914550781,341.8399963378906,40112
2026-07-29 13:09:00-04:00,341.56988525390625,341.56988525390625,341.839111328125,341.55999755859375,341.80999755859375,34941
2026-07-29 13:10:00-04:00,341.84869384765625,341.84869384765625,341.8900146484375,341.54998779296875,341.54998779296875,54416
2026-07-29 13:11:00-04:00,341.69000244140625,341.69000244140625,341.9399108886719,341.69000244140625,341.8500061035156,52265
2026-07-29 13:12:00-04:00,341.8949890136719,341.8949890136719,341.9299011230469,341.69000244140625,341.7349853515625,65162
2026-07-29 13:13:00-04:00,342.1199951171875,342.1199951171875,342.1600036621094,341.864990234375,341.8949890136719,55324
2026-07-29 13:14:00-04:00,342.32000732421875,342.32000732421875,342.32000732421875,342.07501220703125,342.1199951171875,102814
2026-07-29 13:15:00-04:00,342.239990234375,342.239990234375,342.3299865722656,342.1200866699219,342.32000732421875,54093
2026-07-29 13:16:00-04:00,342.4599914550781,342.4599914550781,342.4750061035156,342.2203063964844,342.2300109863281,63861
2026-07-29 13:17:00-04:00,342.6099853515625,342.6099853515625,342.659912109375,342.42999267578125,342.44000244140625,70895
2026-07-29 13:18:00-04:00,342.7250061035156,342.7250061035156,342.79998779296875,342.5799865722656,342.60009765625,102322
2026-07-29 13:19:00-04:00,342.864990234375,342.864990234375,342.8900146484375,342.7049865722656,342.7300109863281,92007
2026-07-29 13:20:00-04:00,343.1199951171875,343.1199951171875,343.1600036621094,342.801513671875,342.8800048828125,199220
2026-07-29 13:21:00-04:00,343.42999267578125,343.42999267578125,343.44000244140625,343.10009765625,343.1199951171875,164030
2026-07-29 13:22:00-04:00,343.1050109863281,343.1050109863281,343.44891357421875,343.0920104980469,343.4200134277344,170338
2026-07-29 13:23:00-04:00,342.9674987792969,342.9674987792969,343.2099914550781,342.8800048828125,343.1050109863281,128200
2026-07-29 13:24:00-04:00,342.92999267578125,342.92999267578125,343.04998779296875,342.8399963378906,342.9599914550781,70723
2026-07-29 13:25:00-04:00,342.9700012207031,342.9700012207031,343.0,342.75,342.9700012207031,78864
2026-07-29 13:26:00-04:00,342.8599853515625,342.8599853515625,342.9800109863281,342.7200012207031,342.965087890625,79114
2026-07-29 13:27:00-04:00,342.9049987792969,342.9049987792969,342.9200134277344,342.75,342.864990234375,61991
2026-07-29 13:28:00-04:00,343.0050048828125,343.0050048828125,343.1199951171875,342.8949890136719,342.8999938964844,68938
2026-07-29 13:29:00-04:00,342.7200012207031,342.7200012207031,343.05999755859375,342.69000244140625,342.989990234375,63940
2026-07-29 13:30:00-04:00,342.4049987792969,342.4049987792969,342.7200012207031,342.3999938964844,342.69500732421875,61278
2026-07-29 13:31:00-04:00,342.6099853515625,342.6099853515625,342.6300048828125,342.3500061035156,342.4049987792969,49706
2026-07-29 13:32:00-04:00,342.6050109863281,342.6050109863281,342.7250061035156,342.4949951171875,342.5899963378906,61694
2026-07-29 13:33:00-04:00,342.510009765625,342.510009765625,342.6700134277344,342.3800048828125,342.6000061035156,57453
2026-07-29 13:34:00-04:00,342.4750061035156,342.4750061035156,342.64801025390625,342.45001220703125,342.5249938964844,30933
2026-07-29 13:35:00-04:00,342.7200927734375,342.7200927734375,342.7799072265625,342.4750061035156,342.5,61379
2026-07-29 13:36:00-04:00,342.82501220703125,342.82501220703125,342.94000244140625,342.70001220703125,342.7200012207031,50692
2026-07-29 13:37:00-04:00,342.9049987792969,342.9049987792969,343.1700134277344,342.82000732421875,342.82501220703125,102383
2026-07-29 13:38:00-04:00,343.0400085449219,343.0400085449219,343.0799865722656,342.8399963378906,342.9049987792969,53709
2026-07-29 13:39:00-04:00,343.0010986328125,343.0010986328125,343.05999755859375,342.9700012207031,343.0299987792969,42578
2026-07-29 13:40:00-04:00,343.1700134277344,343.1700134277344,343.20001220703125,342.9700012207031,343.0101013183594,85750
2026-07-29 13:41:00-04:00,343.2200012207031,343.2200012207031,343.29998779296875,343.1579895019531,343.1700134277344,67968
2026-07-29 13:42:00-04:00,343.30499267578125,343.30499267578125,343.3900146484375,343.16119384765625,343.239990234375,62932
2026-07-29 13:43:00-04:00,343.30999755859375,343.30999755859375,343.3900146484375,343.1400146484375,343.33990478515625,109716
2026-07-29 13:44:00-04:00,343.04840087890625,343.04840087890625,343.3399963378906,343.010009765625,343.30999755859375,65836
2026-07-29 13:45:00-04:00,343.0799865722656,343.0799865722656,343.1400146484375,343.0350036621094,343.06500244140625,50428
2026-07-29 13:46:00-04:00,343.1000061035156,343.1000061035156,343.1600036621094,343.0,343.0954895019531,110830
2026-07-29 13:47:00-04:00,343.0299987792969,343.0299987792969,343.1199951171875,342.9200134277344,343.1000061035156,62279
2026-07-29 13:48:00-04:00,343.060791015625,343.060791015625,343.1199951171875,342.9200134277344,343.0400085449219,48192
2026-07-29 13:49:00-04:00,342.9949951171875,342.9949951171875,343.1199951171875,342.92999267578125,343.0751037597656,79434
2026-07-29 13:50:00-04:00,343.125,343.125,343.17999267578125,343.0,343.0,71358
2026-07-29 13:51:00-04:00,343.0199890136719,343.0199890136719,343.1700134277344,343.0049133300781,343.1400146484375,59122
2026-07-29 13:52:00-04:00,342.9700927734375,342.9700927734375,343.1050109863281,342.9419860839844,343.0150146484375,30528
2026-07-29 13:53:00-04:00,342.94000244140625,342.94000244140625,342.9700012207031,342.8500061035156,342.9700012207031,52331
2026-07-29 13:54:00-04:00,342.9800109863281,342.9800109863281,342.9800109863281,342.7101135253906,342.9599914550781,59463
2026-07-29 13:55:00-04:00,342.9549865722656,342.9549865722656,343.01251220703125,342.8194885253906,342.9649963378906,52825
2026-07-29 13:56:00-04:00,342.7850036621094,342.7850036621094,342.9700012207031,342.75,342.9700012207031,58500
2026-07-29 13:57:00-04:00,342.7799987792969,342.7799987792969,342.8299865722656,342.6600036621094,342.7900085449219,33932
2026-07-29 13:58:00-04:00,342.8900146484375,342.8900146484375,342.92999267578125,342.6700134277344,342.7699890136719,51468
2026-07-29 13:59:00-04:00,343.2099914550781,343.2099914550781,343.3399963378906,342.8699951171875,342.8699951171875,64561
2026-07-29 14:00:00-04:00,343.7900085449219,343.7900085449219,343.809814453125,343.04010009765625,343.25,255560
2026-07-29 14:01:00-04:00,344.0199890136719,344.0199890136719,344.1000061035156,343.6199951171875,343.7499084472656,304445
2026-07-29 14:02:00-04:00,344.04998779296875,344.04998779296875,344.19000244140625,343.8800048828125,344.0199890136719,208784
2026-07-29 14:03:00-04:00,343.875,343.875,344.1499938964844,343.80999755859375,344.04998779296875,124454
2026-07-29 14:04:00-04:00,344.17498779296875,344.17498779296875,344.19000244140625,343.82000732421875,343.8800048828125,140696
2026-07-29 14:05:00-04:00,344.5199890136719,344.5199890136719,344.54998779296875,344.1416931152344,344.1499938964844,272059
2026-07-29 14:06:00-04:00,344.2200012207031,344.2200012207031,344.56988525390625,344.1400146484375,344.489990234375,160590
2026-07-29 14:07:00-04:00,343.8949890136719,343.8949890136719,344.25,343.8599853515625,344.2099914550781,114810
2026-07-29 14:08:00-04:00,343.8500061035156,343.8500061035156,343.92999267578125,343.61041259765625,343.9100036621094,106922
2026-07-29 14:09:00-04:00,343.75,343.75,343.8900146484375,343.6099853515625,343.8599853515625,90455
2026-07-29 14:10:00-04:00,343.5400085449219,343.5400085449219,343.9100036621094,343.5400085449219,343.7300109863281,108547
2026-07-29 14:11:00-04:00,343.8699951171875,343.8699951171875,343.92999267578125,343.5400085449219,343.55999755859375,58813
2026-07-29 14:12:00-04:00,343.7294921875,343.7294921875,343.9700012207031,343.69000244140625,343.8900146484375,65464
2026-07-29 14:13:00-04:00,343.760009765625,343.760009765625,343.79998779296875,343.5899963378906,343.7099914550781,75960
2026-07-29 14:14:00-04:00,343.70001220703125,343.70001220703125,343.7898864746094,343.4601135253906,343.75,125774
2026-07-29 14:15:00-04:00,343.7699890136719,343.7699890136719,343.79998779296875,343.5899963378906,343.69000244140625,59650
2026-07-29 14:16:00-04:00,343.8876953125,343.8876953125,343.9413146972656,343.7799987792969,343.7950134277344,52315
2026-07-29 14:17:00-04:00,343.9100036621094,343.9100036621094,343.9200134277344,343.75,343.8900146484375,52723
2026-07-29 14:18:00-04:00,343.95001220703125,343.95001220703125,344.0198974609375,343.7550048828125,343.9200134277344,70206
2026-07-29 14:19:00-04:00,343.8800048828125,343.8800048828125,344.0332946777344,343.8299865722656,343.9599914550781,63561
2026-07-29 14:20:00-04:00,343.8399963378906,343.8399963378906,343.8800048828125,343.739990234375,343.8800048828125,56312
2026-07-29 14:21:00-04:00,343.5299987792969,343.5299987792969,343.8900146484375,343.4800109863281,343.8200988769531,125013
2026-07-29 14:22:00-04:00,343.40008544921875,343.40008544921875,343.58599853515625,343.2699890136719,343.510009765625,111179
2026-07-29 14:23:00-04:00,343.29998779296875,343.29998779296875,343.5799865722656,343.260009765625,343.42999267578125,47200
2026-07-29 14:24:00-04:00,343.3500061035156,343.3500061035156,343.48431396484375,343.2900085449219,343.2944030761719,71924
2026-07-29 14:25:00-04:00,343.4551086425781,343.4551086425781,343.54998779296875,343.3399963378906,343.3399963378906,60472
2026-07-29 14:26:00-04:00,343.45001220703125,343.45001220703125,343.5299987792969,343.3399963378906,343.489990234375,51336
2026-07-29 14:27:00-04:00,343.260009765625,343.260009765625,343.4800109863281,343.1700134277344,343.4599914550781,78924
2026-07-29 14:28:00-04:00,343.31500244140625,343.31500244140625,343.42999267578125,343.18499755859375,343.2799987792969,84472
2026-07-29 14:29:00-04:00,343.58770751953125,343.58770751953125,343.6400146484375,343.31170654296875,343.3299865722656,76627
2026-07-29 14:30:00-04:00,343.7799987792969,343.7799987792969,343.8399963378906,343.5400085449219,343.5899963378906,94939
2026-07-29 14:31:00-04:00,343.3299865722656,343.3299865722656,343.81988525390625,343.3299865722656,343.7900085449219,85182
2026-07-29 14:32:00-04:00,343.2099914550781,343.2099914550781,343.3900146484375,343.05499267578125,343.364990234375,90085
2026-07-29 14:33:00-04:00,343.3900146484375,343.3900146484375,343.3999938964844,342.9700012207031,343.25,99530
2026-07-29 14:34:00-04:00,343.2900085449219,343.2900085449219,343.5299987792969,343.2099914550781,343.4049987792969,48064
2026-07-29 14:35:00-04:00,343.3299865722656,343.3299865722656,343.42498779296875,343.1400146484375,343.29998779296875,92621
2026-07-29 14:36:00-04:00,343.4700012207031,343.4700012207031,343.4800109863281,343.1300048828125,343.30499267578125,59914
2026-07-29 14:37:00-04:00,343.52789306640625,343.52789306640625,343.5299987792969,343.30999755859375,343.4700012207031,73940
2026-07-29 14:38:00-04:00,343.7149963378906,343.7149963378906,343.9100036621094,343.4901123046875,343.5050048828125,118921
2026-07-29 14:39:00-04:00,343.815185546875,343.815185546875,343.94000244140625,343.6200866699219,343.70001220703125,61404
2026-07-29 14:40:00-04:00,343.67498779296875,343.67498779296875,343.9200134277344,343.52020263671875,343.81500244140625,95794
2026-07-29 14:41:00-04:00,343.4599914550781,343.4599914550781,343.7349853515625,343.3949890136719,343.67999267578125,83910
2026-07-29 14:42:00-04:00,343.5199890136719,343.5199890136719,343.5712890625,343.3299865722656,343.4800109863281,77269
2026-07-29 14:43:00-04:00,343.57501220703125,343.57501220703125,343.6099853515625,343.3599853515625,343.5,79880
2026-07-29 14:44:00-04:00,343.70001220703125,343.70001220703125,343.7699890136719,343.489990234375,343.54998779296875,75755
2026-07-29 14:45:00-04:00,343.5899963378906,343.5899963378906,343.8450012207031,343.58099365234375,343.69500732421875,79861
2026-07-29 14:46:00-04:00,343.7027893066406,343.7027893066406,343.7200012207031,343.55999755859375,343.6199951171875,55374
2026-07-29 14:47:00-04:00,343.67999267578125,343.67999267578125,343.79998779296875,343.510009765625,343.7349853515625,64489
2026-07-29 14:48:00-04:00,343.510009765625,343.510009765625,343.739990234375,343.3999938964844,343.70001220703125,61127
2026-07-29 14:49:00-04:00,343.79998779296875,343.79998779296875,343.8599853515625,343.4800109863281,343.5101013183594,71497
2026-07-29 14:50:00-04:00,343.7200012207031,343.7200012207031,343.8569030761719,343.635009765625,343.7950134277344,68857
2026-07-29 14:51:00-04:00,343.7900085449219,343.7900085449219,343.7900085449219,343.5636901855469,343.7300109863281,48198
2026-07-29 14:52:00-04:00,343.69000244140625,343.69000244140625,343.8900146484375,343.6099853515625,343.7799987792969,54780
2026-07-29 14:53:00-04:00,343.6000061035156,343.6000061035156,343.70928955078125,343.5101013183594,343.67999267578125,56099
2026-07-29 14:54:00-04:00,343.6300964355469,343.6300964355469,343.7099914550781,343.4700012207031,343.6050109863281,63117
2026-07-29 14:55:00-04:00,343.7149963378906,343.7149963378906,343.8399963378906,343.5899963378906,343.6600036621094,74034
2026-07-29 14:56:00-04:00,343.5150146484375,343.5150146484375,343.75,343.4501037597656,343.7149963378906,59479
2026-07-29 14:57:00-04:00,343.2250061035156,343.2250061035156,343.510009765625,343.1700134277344,343.5,75965
2026-07-29 14:58:00-04:00,343.0799865722656,343.0799865722656,343.25,343.0,343.2381896972656,63306
2026-07-29 14:59:00-04:00,342.8999938964844,342.8999938964844,343.1000061035156,342.7449951171875,343.1000061035156,155729
2026-07-29 15:00:00-04:00,342.68499755859375,342.68499755859375,342.989990234375,342.68499755859375,342.8999938964844,85309
2026-07-29 15:01:00-04:00,342.8599853515625,342.8599853515625,342.8999938964844,342.6199951171875,342.69000244140625,113454
2026-07-29 15:02:00-04:00,342.6549987792969,342.6549987792969,342.9200134277344,342.6099853515625,342.8699951171875,82322
2026-07-29 15:03:00-04:00,342.5151062011719,342.5151062011719,342.7950134277344,342.489990234375,342.6549987792969,79343
2026-07-29 15:04:00-04:00,342.31500244140625,342.31500244140625,342.5177001953125,341.989990234375,342.5050048828125,154536
2026-07-29 15:05:00-04:00,342.30999755859375,342.30999755859375,342.3699951171875,342.1700134277344,342.31500244140625,89334
2026-07-29 15:06:00-04:00,342.20001220703125,342.20001220703125,342.32501220703125,342.07000732421875,342.32501220703125,91438
2026-07-29 15:07:00-04:00,342.18499755859375,342.18499755859375,342.239990234375,342.0400085449219,342.19000244140625,66929
2026-07-29 15:08:00-04:00,342.05499267578125,342.05499267578125,342.29998779296875,341.95001220703125,342.18499755859375,86024
2026-07-29 15:09:00-04:00,341.9549865722656,341.9549865722656,342.17999267578125,341.9100036621094,342.04998779296875,79214
2026-07-29 15:10:00-04:00,342.125,342.125,342.20001220703125,341.92999267578125,341.9549865722656,84133
2026-07-29 15:11:00-04:00,342.4949951171875,342.4949951171875,342.5199890136719,342.125,342.125,93162
2026-07-29 15:12:00-04:00,342.2699890136719,342.2699890136719,342.6400146484375,342.2099914550781,342.4800109863281,100910
2026-07-29 15:13:00-04:00,342.3699951171875,342.3699951171875,342.4100036621094,342.19000244140625,342.2699890136719,75331
2026-07-29 15:14:00-04:00,342.4200134277344,342.4200134277344,342.489990234375,342.29998779296875,342.3900146484375,63192
2026-07-29 15:15:00-04:00,342.7749938964844,342.7749938964844,342.8699951171875,342.3800048828125,342.3900146484375,74779
2026-07-29 15:16:00-04:00,342.739990234375,342.739990234375,342.8399963378906,342.6300048828125,342.77508544921875,73841
2026-07-29 15:17:00-04:00,342.5199890136719,342.5199890136719,342.79998779296875,342.3504943847656,342.7550048828125,65830
2026-07-29 15:18:00-04:00,342.2698974609375,342.2698974609375,342.5150146484375,342.18389892578125,342.5,83880
2026-07-29 15:19:00-04:00,342.2950134277344,342.2950134277344,342.32000732421875,342.1400146484375,342.2449951171875,41189
2026-07-29 15:20:00-04:00,342.0450134277344,342.0450134277344,342.3900146484375,342.0199890136719,342.30499267578125,64593
2026-07-29 15:21:00-04:00,342.0470886230469,342.0470886230469,342.20001220703125,341.7799987792969,342.05999755859375,110492
2026-07-29 15:22:00-04:00,341.7900085449219,341.7900085449219,342.1000061035156,341.7699890136719,342.0400085449219,75779
2026-07-29 15:23:00-04:00,341.6600036621094,341.6600036621094,341.82000732421875,341.6000061035156,341.7720031738281,76795
2026-07-29 15:24:00-04:00,341.54998779296875,341.54998779296875,341.7757873535156,341.5450134277344,341.67999267578125,69078
2026-07-29 15:25:00-04:00,341.489990234375,341.489990234375,341.739990234375,341.44000244140625,341.5299987792969,73485
2026-07-29 15:26:00-04:00,341.6000061035156,341.6000061035156,341.6199035644531,341.3299865722656,341.489990234375,147134
2026-07-29 15:27:00-04:00,341.489990234375,341.489990234375,342.0,341.42498779296875,341.5899963378906,86327
2026-07-29 15:28:00-04:00,341.4800109863281,341.4800109863281,341.57501220703125,341.3699951171875,341.4601135253906,57613
2026-07-29 15:29:00-04:00,341.5299987792969,341.5299987792969,341.57000732421875,341.3800048828125,341.5,78110
2026-07-29 15:30:00-04:00,341.29998779296875,341.29998779296875,341.55999755859375,341.1449890136719,341.55999755859375,118274
2026-07-29 15:31:00-04:00,341.3349914550781,341.3349914550781,341.45001220703125,341.17999267578125,341.3550109863281,105578
2026-07-29 15:32:00-04:00,341.2650146484375,341.2650146484375,341.45001220703125,341.17498779296875,341.3299865722656,63746
2026-07-29 15:33:00-04:00,340.7699890136719,340.7699890136719,341.4100036621094,340.7699890136719,341.2900085449219,110795
2026-07-29 15:34:00-04:00,340.80499267578125,340.80499267578125,340.8299865722656,340.5199890136719,340.7799987792969,101182
2026-07-29 15:35:00-04:00,340.56500244140625,340.56500244140625,340.875,340.54998779296875,340.8299865722656,83431
2026-07-29 15:36:00-04:00,340.82000732421875,340.82000732421875,340.875,340.3699951171875,340.5799865722656,89605
2026-07-29 15:37:00-04:00,340.489990234375,340.489990234375,340.92999267578125,340.4599914550781,340.8294982910156,85000
2026-07-29 15:38:00-04:00,340.05499267578125,340.05499267578125,340.5299987792969,340.0299987792969,340.5199890136719,107298
2026-07-29 15:39:00-04:00,339.6400146484375,339.6400146484375,340.05999755859375,339.57000732421875,340.05859375,214293
2026-07-29 15:40:00-04:00,339.75,339.75,339.79998779296875,339.32000732421875,339.6400146484375,162307
2026-07-29 15:41:00-04:00,339.7300109863281,339.7300109863281,339.9100036621094,339.4700927734375,339.7699890136719,107195
2026-07-29 15:42:00-04:00,339.75,339.75,339.9049987792969,339.6600036621094,339.7250061035156,119878
2026-07-29 15:43:00-04:00,339.95001220703125,339.95001220703125,339.9700012207031,339.510009765625,339.7300109863281,87583
2026-07-29 15:44:00-04:00,339.5799865722656,339.5799865722656,339.9800109863281,339.5,339.95001220703125,148939
2026-07-29 15:45:00-04:00,339.5450134277344,339.5450134277344,339.9200134277344,339.5400085449219,339.5849914550781,97350
2026-07-29 15:46:00-04:00,339.6969909667969,339.6969909667969,339.989990234375,339.5199890136719,339.55999755859375,119079
2026-07-29 15:47:00-04:00,339.92498779296875,339.92498779296875,339.94000244140625,339.6400146484375,339.67999267578125,99219
2026-07-29 15:48:00-04:00,340.19000244140625,340.19000244140625,340.32989501953125,339.8399963378906,339.93499755859375,112717
2026-07-29 15:49:00-04:00,340.07000732421875,340.07000732421875,340.2799987792969,339.9100036621094,340.17999267578125,161716
2026-07-29 15:50:00-04:00,339.6050109863281,339.6050109863281,340.04998779296875,339.3349914550781,340.0,187863
2026-07-29 15:51:00-04:00,339.4700012207031,339.4700012207031,339.70001220703125,339.3399963378906,339.6050109863281,167653
2026-07-29 15:52:00-04:00,339.3699951171875,339.3699951171875,339.5,339.0577087402344,339.44000244140625,191617
2026-07-29 15:53:00-04:00,338.8900146484375,338.8900146484375,339.4100036621094,338.8900146484375,339.3699951171875,271413
2026-07-29 15:54:00-04:00,339.3299865722656,339.3299865722656,339.3399963378906,338.8301086425781,338.8949890136719,251456
2026-07-29 15:55:00-04:00,338.30999755859375,338.30999755859375,339.3399963378906,338.17999267578125,339.32000732421875,681468
2026-07-29 15:56:00-04:00,338.1099853515625,338.1099853515625,338.5199890136719,337.8999938964844,338.3299865722656,455966
2026-07-29 15:57:00-04:00,338.0150146484375,338.0150146484375,338.3500061035156,337.8299865722656,338.1199951171875,737155
2026-07-29 15:58:00-04:00,337.57000732421875,337.57000732421875,338.0799865722656,337.5,338.0199890136719,1116215
2026-07-29 15:59:00-04:00,338.07000732421875,338.07000732421875,338.4599914550781,337.35009765625,337.55999755859375,2284490
2026-07-30 09:30:00-04:00,333.7300109863281,333.7300109863281,334.29998779296875,332.010009765625,333.1300048828125,2574098
2026-07-30 09:31:00-04:00,334.20001220703125,334.20001220703125,334.3800048828125,332.8699951171875,333.6700134277344,378510
2026-07-30 09:32:00-04:00,333.9549865722656,333.9549865722656,334.4800109863281,333.3599853515625,334.1700134277344,344835
2026-07-30 09:33:00-04:00,333.0400085449219,333.0400085449219,334.30999755859375,332.82501220703125,333.9599914550781,309612
2026-07-30 09:34:00-04:00,332.739990234375,332.739990234375,333.5400085449219,332.3999938964844,333.0299987792969,225362
2026-07-30 09:35:00-04:00,332.4700012207031,332.4700012207031,332.9100036621094,332.010009765625,332.69000244140625,266524
2026-07-30 09:36:00-04:00,332.4700012207031,332.4700012207031,332.9700012207031,332.05499267578125,332.5199890136719,314134
2026-07-30 09:37:00-04:00,332.6650085449219,332.6650085449219,332.8599853515625,332.2300109863281,332.44000244140625,199841
2026-07-30 09:38:00-04:00,331.82000732421875,331.82000732421875,332.77459716796875,331.760009765625,332.70001220703125,288977
2026-07-30 09:39:00-04:00,331.2950134277344,331.2950134277344,331.8900146484375,331.2099914550781,331.80999755859375,240614
2026-07-30 09:40:00-04:00,331.66680908203125,331.66680908203125,331.7300109863281,330.710205078125,331.30999755859375,223877
2026-07-30 09:41:00-04:00,331.7200012207031,331.7200012207031,331.8800048828125,331.29998779296875,331.69000244140625,201772
2026-07-30 09:42:00-04:00,332.5400085449219,332.5400085449219,332.6199951171875,331.4849853515625,331.739990234375,273460
2026-07-30 09:43:00-04:00,332.0950012207031,332.0950012207031,332.739990234375,331.95001220703125,332.5199890136719,278172
2026-07-30 09:44:00-04:00,332.19000244140625,332.19000244140625,332.3500061035156,332.05999755859375,332.0799865722656,150303
2026-07-30 09:45:00-04:00,331.8999938964844,331.8999938964844,332.4800109863281,331.8399963378906,332.17498779296875,238537
2026-07-30 09:46:00-04:00,331.5400085449219,331.5400085449219,331.9624938964844,331.5299987792969,331.9200134277344,309501
2026-07-30 09:47:00-04:00,331.42999267578125,331.42999267578125,331.8999938964844,331.4100036621094,331.5400085449219,237264
2026-07-30 09:48:00-04:00,331.6700134277344,331.6700134277344,331.7900085449219,331.25,331.42999267578125,211238
2026-07-30 09:49:00-04:00,331.55499267578125,331.55499267578125,331.8699951171875,331.510009765625,331.69500732421875,170667
2026-07-30 09:50:00-04:00,332.3100891113281,332.3100891113281,332.42999267578125,331.3399963378906,331.54998779296875,276699
2026-07-30 09:51:00-04:00,332.5400085449219,332.5400085449219,332.8500061035156,332.2300109863281,332.375,219652
2026-07-30 09:52:00-04:00,333.07000732421875,333.07000732421875,333.1600036621094,332.489990234375,332.55999755859375,191400
2026-07-30 09:53:00-04:00,332.25,332.25,333.17999267578125,332.239990234375,333.0799865722656,172127
2026-07-30 09:54:00-04:00,332.3106994628906,332.3106994628906,332.6050109863281,332.05999755859375,332.2699890136719,127525
2026-07-30 09:55:00-04:00,332.00048828125,332.00048828125,332.3500061035156,331.94000244140625,332.2699890136719,141903
2026-07-30 09:56:00-04:00,332.010009765625,332.010009765625,332.1499938964844,331.6300048828125,332.0249938964844,165164
2026-07-30 09:57:00-04:00,331.7699890136719,331.7699890136719,332.0,331.43499755859375,331.95001220703125,174237
2026-07-30 09:58:00-04:00,332.05999755859375,332.05999755859375,332.1000061035156,331.7004089355469,331.7699890136719,138534
2026-07-30 09:59:00-04:00,332.1499938964844,332.1499938964844,332.239990234375,331.9599914550781,332.05999755859375,156825
2026-07-30 10:00:00-04:00,331.6300048828125,331.6300048828125,332.1239929199219,331.4200134277344,332.0799865722656,200839
2026-07-30 10:01:00-04:00,331.4599914550781,331.4599914550781,331.92999267578125,331.44000244140625,331.6700134277344,149345
2026-07-30 10:02:00-04:00,331.20001220703125,331.20001220703125,331.489990234375,331.010009765625,331.4419860839844,207461
2026-07-30 10:03:00-04:00,330.82000732421875,330.82000732421875,331.2650146484375,330.57000732421875,331.239990234375,233582
2026-07-30 10:04:00-04:00,330.75,330.75,331.0799865722656,330.67010498046875,330.80499267578125,158445
2026-07-30 10:05:00-04:00,330.94000244140625,330.94000244140625,331.0299987792969,330.3500061035156,330.7300109863281,202588
2026-07-30 10:06:00-04:00,331.43499755859375,331.43499755859375,331.75,330.94000244140625,330.94000244140625,165641
2026-07-30 10:07:00-04:00,331.57000732421875,331.57000732421875,331.75,331.40008544921875,331.43499755859375,133770
2026-07-30 10:08:00-04:00,332.18011474609375,332.18011474609375,332.260009765625,331.54998779296875,331.6000061035156,168005
2026-07-30 10:09:00-04:00,332.79998779296875,332.79998779296875,332.8699951171875,332.19000244140625,332.2099914550781,317184
2026-07-30 10:10:00-04:00,332.45001220703125,332.45001220703125,332.82000732421875,332.2300109863281,332.80499267578125,206067
2026-07-30 10:11:00-04:00,332.25,332.25,332.54998779296875,331.9200134277344,332.44000244140625,182741
2026-07-30 10:12:00-04:00,331.7349853515625,331.7349853515625,332.3299865722656,331.7300109863281,332.2200012207031,98374
2026-07-30 10:13:00-04:00,331.67999267578125,331.67999267578125,331.79998779296875,331.42999267578125,331.7300109863281,107313
2026-07-30 10:14:00-04:00,331.3999938964844,331.3999938964844,331.8399963378906,331.1600036621094,331.67999267578125,125567
2026-07-30 10:15:00-04:00,331.7200012207031,331.7200012207031,331.7200012207031,331.4049987792969,331.4049987792969,112063
2026-07-30 10:16:00-04:00,331.7850036621094,331.7850036621094,331.9800109863281,331.6400146484375,331.7200012207031,159666
2026-07-30 10:17:00-04:00,331.3599853515625,331.3599853515625,331.95989990234375,331.32000732421875,331.7799987792969,88977
2026-07-30 10:18:00-04:00,331.4750061035156,331.4750061035156,331.5400085449219,331.1099853515625,331.3599853515625,119605
2026-07-30 10:19:00-04:00,331.44000244140625,331.44000244140625,331.6000061035156,331.3599853515625,331.5,96611
2026-07-30 10:20:00-04:00,331.9849853515625,331.9849853515625,332.1700134277344,331.3299865722656,331.4599914550781,225473
2026-07-30 10:21:00-04:00,331.7200012207031,331.7200012207031,332.0895080566406,331.69500732421875,331.9599914550781,114236
2026-07-30 10:22:00-04:00,331.95001220703125,331.95001220703125,332.0799865722656,331.75,331.7799987792969,89898
2026-07-30 10:23:00-04:00,331.6600036621094,331.6600036621094,332.010009765625,331.6050109863281,331.92999267578125,88196
2026-07-30 10:24:00-04:00,331.5899963378906,331.5899963378906,331.8299865722656,331.44000244140625,331.6700134277344,106263
2026-07-30 10:25:00-04:00,331.6099853515625,331.6099853515625,331.7049865722656,331.3299865722656,331.6000061035156,116871
2026-07-30 10:26:00-04:00,331.67010498046875,331.67010498046875,331.7598876953125,331.4100036621094,331.6300048828125,91071
2026-07-30 10:27:00-04:00,332.0899963378906,332.0899963378906,332.2900085449219,331.6400146484375,331.6600036621094,110095
2026-07-30 10:28:00-04:00,331.739990234375,331.739990234375,332.14990234375,331.7200012207031,332.0899963378906,102819
2026-07-30 10:29:00-04:00,331.30999755859375,331.30999755859375,331.9100036621094,331.25,331.7699890136719,98864
2026-07-30 10:30:00-04:00,330.79998779296875,330.79998779296875,331.29998779296875,330.7900085449219,331.29998779296875,166175
2026-07-30 10:31:00-04:00,330.7460021972656,330.7460021972656,331.0000915527344,330.70001220703125,330.78240966796875,116298
2026-07-30 10:32:00-04:00,330.7099914550781,330.7099914550781,330.8599853515625,330.5799865722656,330.7799987792969,128119
2026-07-30 10:33:00-04:00,330.3500061035156,330.3500061035156,330.7300109863281,330.239990234375,330.7099914550781,147059
2026-07-30 10:34:00-04:00,329.8599853515625,329.8599853515625,330.4200134277344,329.760009765625,330.3399963378906,245634
2026-07-30 10:35:00-04:00,330.0299987792969,330.0299987792969,330.2799987792969,329.5899963378906,329.8550109863281,243107
2026-07-30 10:36:00-04:00,330.2900085449219,330.2900085449219,330.5799865722656,329.9949951171875,330.0350036621094,151494
2026-07-30 10:37:00-04:00,330.6400146484375,330.6400146484375,330.75,330.2699890136719,330.30499267578125,105840
2026-07-30 10:38:00-04:00,331.0799865722656,331.0799865722656,331.18341064453125,330.6099853515625,330.6499938964844,189933
2026-07-30 10:39:00-04:00,331.1400146484375,331.1400146484375,331.5,330.9049987792969,331.0799865722656,189875
2026-07-30 10:40:00-04:00,331.8399963378906,331.8399963378906,331.92999267578125,331.1199951171875,331.1400146484375,209292
2026-07-30 10:41:00-04:00,331.8949890136719,331.8949890136719,332.1162109375,331.5299987792969,331.8800048828125,126699
2026-07-30 10:42:00-04:00,331.79998779296875,331.79998779296875,331.95269775390625,331.69000244140625,331.8900146484375,128929
2026-07-30 10:43:00-04:00,331.7900085449219,331.7900085449219,331.8800048828125,331.6600036621094,331.7799987792969,130961
2026-07-30 10:44:00-04:00,332.0799865722656,332.0799865722656,332.239990234375,331.68499755859375,331.760009765625,172560
2026-07-30 10:45:00-04:00,332.29010009765625,332.29010009765625,332.3489990234375,331.8205871582031,332.07000732421875,106006
2026-07-30 10:46:00-04:00,332.0899963378906,332.0899963378906,332.2900085449219,331.8999938964844,332.2900085449219,106270
2026-07-30 10:47:00-04:00,332.1300048828125,332.1300048828125,332.3399963378906,332.0050048828125,332.0899963378906,94592
2026-07-30 10:48:00-04:00,331.9800109863281,331.9800109863281,332.1097106933594,331.739990234375,332.0950012207031,117643
2026-07-30 10:49:00-04:00,332.2300109863281,332.2300109863281,332.3999938964844,331.9599914550781,332.0,104279
2026-07-30 10:50:00-04:00,331.9849853515625,331.9849853515625,332.25,331.7699890136719,332.2438049316406,105989
2026-07-30 10:51:00-04:00,332.42498779296875,332.42498779296875,332.45001220703125,331.8999938964844,332.0199890136719,105504
2026-07-30 10:52:00-04:00,332.20001220703125,332.20001220703125,332.6400146484375,332.0474853515625,332.4154968261719,182485
2026-07-30 10:53:00-04:00,331.9100036621094,331.9100036621094,332.2900085449219,331.7799987792969,332.19989013671875,116401
2026-07-30 10:54:00-04:00,331.9700012207031,331.9700012207031,332.0723876953125,331.82000732421875,331.8299865722656,63509
2026-07-30 10:55:00-04:00,331.79998779296875,331.79998779296875,332.0299987792969,331.70001220703125,331.989990234375,62038
2026-07-30 10:56:00-04:00,331.7799987792969,331.7799987792969,331.94989013671875,331.6499938964844,331.80999755859375,55109
2026-07-30 10:57:00-04:00,331.6600036621094,331.6600036621094,332.05999755859375,331.6499938964844,331.79998779296875,77661
2026-07-30 10:58:00-04:00,331.5950012207031,331.5950012207031,331.739990234375,331.4949951171875,331.67999267578125,83962
2026-07-30 10:59:00-04:00,332.3299865722656,332.3299865722656,332.3299865722656,331.6000061035156,331.6300048828125,94289
2026-07-30 11:00:00-04:00,332.1600036621094,332.1600036621094,332.3399963378906,332.0,332.3399963378906,102714
2026-07-30 11:01:00-04:00,331.8349914550781,331.8349914550781,332.1600036621094,331.68499755859375,332.1400146484375,90503
2026-07-30 11:02:00-04:00,331.67999267578125,331.67999267578125,331.80999755859375,331.3500061035156,331.80999755859375,157038
2026-07-30 11:03:00-04:00,331.79998779296875,331.79998779296875,331.9700012207031,331.41448974609375,331.70001220703125,105993
2026-07-30 11:04:00-04:00,331.8399963378906,331.8399963378906,332.05499267578125,331.6300048828125,331.7699890136719,141038
2026-07-30 11:05:00-04:00,331.7401123046875,331.7401123046875,331.94000244140625,331.66009521484375,331.864990234375,82082
2026-07-30 11:06:00-04:00,331.75,331.75,331.9599914550781,331.57501220703125,331.760009765625,139979
2026-07-30 11:07:00-04:00,332.19500732421875,332.19500732421875,332.2799987792969,331.67999267578125,331.7349853515625,148916
2026-07-30 11:08:00-04:00,332.32000732421875,332.32000732421875,332.3598937988281,332.0199890136719,332.17999267578125,135242
2026-07-30 11:09:00-04:00,332.7799987792969,332.7799987792969,333.0,332.2799987792969,332.32049560546875,141395
2026-07-30 11:10:00-04:00,332.54998779296875,332.54998779296875,333.03228759765625,332.54998779296875,332.79998779296875,88078
2026-07-30 11:11:00-04:00,332.385009765625,332.385009765625,332.6897888183594,332.3349914550781,332.5299987792969,78599
2026-07-30 11:12:00-04:00,332.0,332.0,332.4198913574219,331.8599853515625,332.4198913574219,88792
2026-07-30 11:13:00-04:00,331.7900085449219,331.7900085449219,331.989990234375,331.7099914550781,331.989990234375,60428
2026-07-30 11:14:00-04:00,331.4700012207031,331.4700012207031,331.7850036621094,331.45001220703125,331.7799987792969,85132
2026-07-30 11:15:00-04:00,331.9200134277344,331.9200134277344,331.94000244140625,331.29998779296875,331.489990234375,74324
2026-07-30 11:16:00-04:00,331.7650146484375,331.7650146484375,331.93438720703125,331.6499938964844,331.8900146484375,69947
2026-07-30 11:17:00-04:00,331.7099914550781,331.7099914550781,332.07000732421875,331.5400085449219,331.7699890136719,79855
2026-07-30 11:18:00-04:00,331.7900085449219,331.7900085449219,331.8699951171875,331.6600036621094,331.67999267578125,53355
2026-07-30 11:19:00-04:00,331.635009765625,331.635009765625,331.9549865722656,331.5199890136719,331.7799987792969,86337
2026-07-30 11:20:00-04:00,331.4200134277344,331.4200134277344,331.6499938964844,331.1400146484375,331.6300048828125,109726
2026-07-30 11:21:00-04:00,331.489990234375,331.489990234375,331.739990234375,331.2250061035156,331.4150085449219,104177
2026-07-30 11:22:00-04:00,331.2699890136719,331.2699890136719,331.5400085449219,331.1499938964844,331.489990234375,100307
2026-07-30 11:23:00-04:00,331.3399963378906,331.3399963378906,331.4200134277344,331.10009765625,331.2799987792969,74199
2026-07-30 11:24:00-04:00,331.20001220703125,331.20001220703125,331.3999938964844,331.1650085449219,331.29998779296875,78299
2026-07-30 11:25:00-04:00,331.3999938964844,331.3999938964844,331.6000061035156,331.1400146484375,331.20001220703125,70447
2026-07-30 11:26:00-04:00,331.2018127441406,331.2018127441406,331.4800109863281,331.1571044921875,331.4100036621094,69967
2026-07-30 11:27:00-04:00,331.1499938964844,331.1499938964844,331.4200134277344,331.1099853515625,331.1600036621094,57867
2026-07-30 11:28:00-04:00,331.25,331.25,331.29998779296875,331.0199890136719,331.1549987792969,57329
2026-07-30 11:29:00-04:00,331.2200012207031,331.2200012207031,331.489990234375,331.1700134277344,331.25,108480
2026-07-30 11:30:00-04:00,331.30999755859375,331.30999755859375,331.3299865722656,331.1499938964844,331.2349853515625,58343
2026-07-30 11:31:00-04:00,331.5799865722656,331.5799865722656,331.6400146484375,331.32000732421875,331.32000732421875,66808
2026-07-30 11:32:00-04:00,331.7799987792969,331.7799987792969,331.864990234375,331.5400085449219,331.56048583984375,53047
2026-07-30 11:33:00-04:00,331.6000061035156,331.6000061035156,331.7850036621094,331.4700012207031,331.7699890136719,61058
2026-07-30 11:34:00-04:00,332.0299987792969,332.0299987792969,332.07000732421875,331.6000061035156,331.6099853515625,79843
2026-07-30 11:35:00-04:00,331.9599914550781,331.9599914550781,332.1094055175781,331.8399963378906,332.04998779296875,72720
2026-07-30 11:36:00-04:00,331.92999267578125,331.92999267578125,332.0050048828125,331.7720031738281,331.9649963378906,1360554
2026-07-30 11:37:00-04:00,331.6499938964844,331.6499938964844,331.92999267578125,331.6105041503906,331.9200134277344,76054
2026-07-30 11:38:00-04:00,331.7099914550781,331.7099914550781,331.75,331.57000732421875,331.6700134277344,51591
2026-07-30 11:39:00-04:00,331.7200012207031,331.7200012207031,331.8299865722656,331.6499938964844,331.70001220703125,69819
2026-07-30 11:40:00-04:00,331.7799987792969,331.7799987792969,331.79998779296875,331.6000061035156,331.7200012207031,48204
2026-07-30 11:41:00-04:00,331.864990234375,331.864990234375,331.989990234375,331.7300109863281,331.7850036621094,50577
2026-07-30 11:42:00-04:00,331.9400939941406,331.9400939941406,331.989990234375,331.79998779296875,331.8599853515625,62370
2026-07-30 11:43:00-04:00,332.1000061035156,332.1000061035156,332.239990234375,331.9100036621094,331.9599914550781,108017
2026-07-30 11:44:00-04:00,332.1400146484375,332.1400146484375,332.3399963378906,332.0205993652344,332.1099853515625,99418
2026-07-30 11:45:00-04:00,332.20001220703125,332.20001220703125,332.30999755859375,332.05999755859375,332.1499938964844,91977
2026-07-30 11:46:00-04:00,332.2601013183594,332.2601013183594,332.2900085449219,332.04998779296875,332.17999267578125,53765
2026-07-30 11:47:00-04:00,332.18499755859375,332.18499755859375,332.2749938964844,332.1300048828125,332.2650146484375,58362
2026-07-30 11:48:00-04:00,332.04998779296875,332.04998779296875,332.4200134277344,332.04998779296875,332.18499755859375,69160
2026-07-30 11:49:00-04:00,331.8349914550781,331.8349914550781,332.1099853515625,331.7898864746094,332.04998779296875,61032
2026-07-30 11:50:00-04:00,331.82501220703125,331.82501220703125,332.0400085449219,331.739990234375,331.8500061035156,71427
2026-07-30 11:51:00-04:00,331.57000732421875,331.57000732421875,331.82000732421875,331.510009765625,331.82000732421875,97705
2026-07-30 11:52:00-04:00,331.5799865722656,331.5799865722656,331.6449890136719,331.3399963378906,331.56500244140625,59754
2026-07-30 11:53:00-04:00,331.6600036621094,331.6600036621094,331.7799987792969,331.54998779296875,331.5950012207031,79103
2026-07-30 11:54:00-04:00,331.7049865722656,331.7049865722656,331.760009765625,331.6050109863281,331.67999267578125,58414
2026-07-30 11:55:00-04:00,331.9649963378906,331.9649963378906,332.0199890136719,331.6099853515625,331.7200012207031,72482
2026-07-30 11:56:00-04:00,331.95001220703125,331.95001220703125,332.1199951171875,331.95001220703125,331.9800109863281,93433
2026-07-30 11:57:00-04:00,332.0400085449219,332.0400085449219,332.1099853515625,331.8369140625,331.94500732421875,97499
2026-07-30 11:58:00-04:00,331.9599914550781,331.9599914550781,332.06500244140625,331.8999938964844,332.03009033203125,61462
2026-07-30 11:59:00-04:00,331.760009765625,331.760009765625,332.0,331.7300109863281,331.9599914550781,60697
2026-07-30 12:00:00-04:00,331.6000061035156,331.6000061035156,331.75,331.55999755859375,331.75,83410
2026-07-30 12:01:00-04:00,331.54998779296875,331.54998779296875,331.69000244140625,331.4100036621094,331.6000061035156,95617
2026-07-30 12:02:00-04:00,331.45001220703125,331.45001220703125,331.70001220703125,331.3599853515625,331.55999755859375,74654
2026-07-30 12:03:00-04:00,331.04998779296875,331.04998779296875,331.5,331.0199890136719,331.4649963378906,106200
2026-07-30 12:04:00-04:00,331.04998779296875,331.04998779296875,331.20001220703125,330.8900146484375,331.0199890136719,159953
2026-07-30 12:05:00-04:00,330.9599914550781,330.9599914550781,331.0799865722656,330.8500061035156,331.07000732421875,116303
2026-07-30 12:06:00-04:00,331.05999755859375,331.05999755859375,331.2850036621094,330.8999938964844,330.9750061035156,95531
2026-07-30 12:07:00-04:00,330.9100036621094,330.9100036621094,331.0799865722656,330.6300048828125,331.04998779296875,109812
2026-07-30 12:08:00-04:00,330.7650146484375,330.7650146484375,330.9750061035156,330.63580322265625,330.8900146484375,90926
2026-07-30 12:09:00-04:00,330.9800109863281,330.9800109863281,331.0,330.760009765625,330.760009765625,92111
2026-07-30 12:10:00-04:00,331.1199951171875,331.1199951171875,331.1700134277344,330.8399963378906,330.9599914550781,65422
2026-07-30 12:11:00-04:00,331.20001220703125,331.20001220703125,331.43499755859375,331.0350036621094,331.1199951171875,88066
2026-07-30 12:12:00-04:00,331.07501220703125,331.07501220703125,331.2099914550781,330.9700012207031,331.19000244140625,79776
2026-07-30 12:13:00-04:00,331.1099853515625,331.1099853515625,331.2099914550781,331.0,331.0799865722656,64652
2026-07-30 12:14:00-04:00,331.2099914550781,331.2099914550781,331.2099914550781,331.05999755859375,331.1099853515625,52973
2026-07-30 12:15:00-04:00,331.3299865722656,331.3299865722656,331.3500061035156,331.0950012207031,331.2049865722656,67867
2026-07-30 12:16:00-04:00,331.6400146484375,331.6400146484375,331.6499938964844,331.2900085449219,331.3299865722656,88798
2026-07-30 12:17:00-04:00,331.7300109863281,331.7300109863281,331.9193115234375,331.489990234375,331.6300048828125,69194
2026-07-30 12:18:00-04:00,332.260009765625,332.260009765625,332.27398681640625,331.70001220703125,331.7099914550781,128200
2026-07-30 12:19:00-04:00,332.0400085449219,332.0400085449219,332.6000061035156,332.0,332.2380065917969,180686
2026-07-30 12:20:00-04:00,332.31500244140625,332.31500244140625,332.43499755859375,331.9849853515625,332.05999755859375,98838
2026-07-30 12:21:00-04:00,332.2449951171875,332.2449951171875,332.3599853515625,332.0400085449219,332.31500244140625,121145
2026-07-30 12:22:00-04:00,332.20001220703125,332.20001220703125,332.2799987792969,332.1199951171875,332.2449951171875,52626
2026-07-30 12:23:00-04:00,331.8699951171875,331.8699951171875,332.2099914550781,331.8500061035156,332.19000244140625,89297
2026-07-30 12:24:00-04:00,331.94000244140625,331.94000244140625,331.96990966796875,331.7305908203125,331.8581848144531,49642
2026-07-30 12:25:00-04:00,331.9599914550781,331.9599914550781,332.010009765625,331.8450012207031,331.93499755859375,90851
2026-07-30 12:26:00-04:00,331.98870849609375,331.98870849609375,332.0,331.760009765625,331.9700012207031,62165
2026-07-30 12:27:00-04:00,332.07501220703125,332.07501220703125,332.1059875488281,331.8299865722656,331.95001220703125,45777
2026-07-30 12:28:00-04:00,332.0299987792969,332.0299987792969,332.3500061035156,331.9849853515625,332.0799865722656,66471
2026-07-30 12:29:00-04:00,332.0899963378906,332.0899963378906,332.17999267578125,331.9700012207031,332.0299987792969,70323
2026-07-30 12:30:00-04:00,331.9800109863281,331.9800109863281,332.1400146484375,331.92498779296875,332.0899963378906,70101
2026-07-30 12:31:00-04:00,331.7449951171875,331.7449951171875,331.9800109863281,331.70001220703125,331.9800109863281,47997
2026-07-30 12:32:00-04:00,331.4750061035156,331.4750061035156,331.7900085449219,331.4049987792969,331.7300109863281,63070
2026-07-30 12:33:00-04:00,331.6300048828125,331.6300048828125,331.6400146484375,331.4599914550781,331.4649963378906,43692
2026-07-30 12:34:00-04:00,331.8299865722656,331.8299865722656,331.9200134277344,331.55999755859375,331.6199951171875,65413
2026-07-30 12:35:00-04:00,332.05999755859375,332.05999755859375,332.05999755859375,331.760009765625,331.82000732421875,60813
2026-07-30 12:36:00-04:00,331.8299865722656,331.8299865722656,332.08990478515625,331.80999755859375,332.04998779296875,66334
2026-07-30 12:37:00-04:00,331.9880065917969,331.9880065917969,332.1700134277344,331.79998779296875,331.82000732421875,83944
2026-07-30 12:38:00-04:00,331.9599914550781,331.9599914550781,332.0675964355469,331.875,331.9800109863281,53009
2026-07-30 12:39:00-04:00,332.0150146484375,332.0150146484375,332.0199890136719,331.79998779296875,331.95001220703125,101237
2026-07-30 12:40:00-04:00,331.75,331.75,332.1300048828125,331.5899963378906,332.0299072265625,85251
2026-07-30 12:41:00-04:00,331.885009765625,331.885009765625,332.06500244140625,331.7349853515625,331.739990234375,81414
2026-07-30 12:42:00-04:00,332.0899963378906,332.0899963378906,332.1000061035156,331.7900085449219,331.8949890136719,152874
2026-07-30 12:43:00-04:00,331.989990234375,331.989990234375,332.1300048828125,331.9800109863281,332.07000732421875,80788
2026-07-30 12:44:00-04:00,332.125,332.125,332.2491149902344,331.9700012207031,331.9700012207031,82086
2026-07-30 12:45:00-04:00,332.0199890136719,332.0199890136719,332.1400146484375,331.82000732421875,332.125,84296
2026-07-30 12:46:00-04:00,331.9649963378906,331.9649963378906,332.1300048828125,331.93499755859375,332.0299987792969,54975
2026-07-30 12:47:00-04:00,332.17999267578125,332.17999267578125,332.3699951171875,331.95001220703125,331.95001220703125,92648
2026-07-30 12:48:00-04:00,332.05999755859375,332.05999755859375,332.2200012207031,332.0249938964844,332.2099914550781,50767
2026-07-30 12:49:00-04:00,332.1199951171875,332.1199951171875,332.1499938964844,331.9599914550781,332.05999755859375,68375
2026-07-30 12:50:00-04:00,332.0899963378906,332.0899963378906,332.1650085449219,331.989990234375,332.1400146484375,56211
2026-07-30 12:51:00-04:00,332.18499755859375,332.18499755859375,332.2300109863281,332.1000061035156,332.1099853515625,56608
2026-07-30 12:52:00-04:00,332.239990234375,332.239990234375,332.260009765625,331.989990234375,332.19000244140625,306350
2026-07-30 12:53:00-04:00,332.1400146484375,332.1400146484375,332.26129150390625,332.1300048828125,332.2300109863281,55041
2026-07-30 12:54:00-04:00,332.1300048828125,332.1300048828125,332.25,332.0799865722656,332.1300048828125,57709
2026-07-30 12:55:00-04:00,331.7300109863281,331.7300109863281,332.1700134277344,331.6300048828125,332.1400146484375,84131
2026-07-30 12:56:00-04:00,331.7449951171875,331.7449951171875,331.8999938964844,331.7099914550781,331.79998779296875,42296
2026-07-30 12:57:00-04:00,331.6700134277344,331.6700134277344,331.7699890136719,331.6099853515625,331.7449951171875,46155
2026-07-30 12:58:00-04:00,331.760009765625,331.760009765625,331.7699890136719,331.6400146484375,331.6600036621094,52246
2026-07-30 12:59:00-04:00,331.6199951171875,331.6199951171875,331.78009033203125,331.5799865722656,331.7550048828125,47259
2026-07-30 13:00:00-04:00,332.10009765625,332.10009765625,332.1499938964844,331.6199951171875,331.6199951171875,61270
2026-07-30 13:01:00-04:00,332.1050109863281,332.1050109863281,332.13909912109375,331.92999267578125,332.1000061035156,56929
2026-07-30 13:02:00-04:00,332.06500244140625,332.06500244140625,332.1400146484375,332.0,332.090087890625,49224
2026-07-30 13:03:00-04:00,332.0899963378906,332.0899963378906,332.25,332.04998779296875,332.0899963378906,52881
2026-07-30 13:04:00-04:00,332.1600036621094,332.1600036621094,332.19000244140625,332.0249938964844,332.0899963378906,44967
2026-07-30 13:05:00-04:00,332.1700134277344,332.1700134277344,332.2099914550781,332.06500244140625,332.1700134277344,37634
2026-07-30 13:06:00-04:00,332.19000244140625,332.19000244140625,332.2200012207031,332.0899963378906,332.1700134277344,45167
2026-07-30 13:07:00-04:00,332.2398986816406,332.2398986816406,332.2398986816406,332.1000061035156,332.1600036621094,38964
2026-07-30 13:08:00-04:00,332.1199951171875,332.1199951171875,332.2699890136719,332.0899963378906,332.20001220703125,40643
2026-07-30 13:09:00-04:00,332.25,332.25,332.2622985839844,332.04998779296875,332.0899963378906,50359
2026-07-30 13:10:00-04:00,332.4200134277344,332.4200134277344,332.44000244140625,332.2560119628906,332.260009765625,85939
2026-07-30 13:11:00-04:00,332.5400085449219,332.5400085449219,332.5708923339844,332.3299865722656,332.4100036621094,55797
2026-07-30 13:12:00-04:00,332.32000732421875,332.32000732421875,332.6000061035156,332.29010009765625,332.56988525390625,89666
2026-07-30 13:13:00-04:00,332.4331970214844,332.4331970214844,332.54998779296875,332.28680419921875,332.30999755859375,46329
2026-07-30 13:14:00-04:00,332.7099914550781,332.7099914550781,332.8500061035156,332.43011474609375,332.45001220703125,99921
2026-07-30 13:15:00-04:00,332.2900085449219,332.2900085449219,332.76959228515625,332.2900085449219,332.7200012207031,123178
2026-07-30 13:16:00-04:00,332.4700012207031,332.4700012207031,332.5,332.25,332.30999755859375,67174
2026-07-30 13:17:00-04:00,332.5849914550781,332.5849914550781,332.5889892578125,332.3900146484375,332.4700012207031,53057
2026-07-30 13:18:00-04:00,332.3598937988281,332.3598937988281,332.7699890136719,332.29998779296875,332.5799865722656,65624
2026-07-30 13:19:00-04:00,332.55999755859375,332.55999755859375,332.6700134277344,332.29998779296875,332.30999755859375,60953
2026-07-30 13:20:00-04:00,332.3349914550781,332.3349914550781,332.57000732421875,332.1600036621094,332.54998779296875,53826
2026-07-30 13:21:00-04:00,332.3349914550781,332.3349914550781,332.3699951171875,332.1600036621094,332.3487854003906,57526
2026-07-30 13:22:00-04:00,332.1400146484375,332.1400146484375,332.3351135253906,332.1400146484375,332.3351135253906,40146
2026-07-30 13:23:00-04:00,332.239990234375,332.239990234375,332.4049987792969,332.1499938964844,332.1499938964844,54353
2026-07-30 13:24:00-04:00,332.2900085449219,332.2900085449219,332.4599914550781,332.1300048828125,332.2349853515625,98887
2026-07-30 13:25:00-04:00,332.2900085449219,332.2900085449219,332.33599853515625,332.239990234375,332.2900085449219,77903
2026-07-30 13:26:00-04:00,332.1400146484375,332.1400146484375,332.30999755859375,332.1400146484375,332.2799987792969,33655
2026-07-30 13:27:00-04:00,332.19500732421875,332.19500732421875,332.260009765625,332.1307067871094,332.1600036621094,40509
2026-07-30 13:28:00-04:00,332.010009765625,332.010009765625,332.2200012207031,331.989990234375,332.19500732421875,49606
2026-07-30 13:29:00-04:00,332.0899963378906,332.0899963378906,332.1300048828125,331.989990234375,332.010009765625,43621
2026-07-30 13:30:00-04:00,332.2687072753906,332.2687072753906,332.3299865722656,332.05499267578125,332.0799865722656,34045
2026-07-30 13:31:00-04:00,332.30999755859375,332.30999755859375,332.3999938964844,332.2449951171875,332.260009765625,37439
2026-07-30 13:32:00-04:00,331.8500061035156,331.8500061035156,332.29998779296875,331.82000732421875,332.29998779296875,90814
2026-07-30 13:33:00-04:00,331.94000244140625,331.94000244140625,332.010009765625,331.8232116699219,331.8699951171875,55199
2026-07-30 13:34:00-04:00,331.9100036621094,331.9100036621094,331.92999267578125,331.7200927734375,331.9200134277344,39613
2026-07-30 13:35:00-04:00,332.006103515625,332.006103515625,332.04998779296875,331.9100036621094,331.95001220703125,83146
2026-07-30 13:36:00-04:00,332.26031494140625,332.26031494140625,332.26031494140625,332.0,332.0050048828125,46956
2026-07-30 13:37:00-04:00,332.1499938964844,332.1499938964844,332.389892578125,332.1199951171875,332.2799987792969,55253
2026-07-30 13:38:00-04:00,332.2749938964844,332.2749938964844,332.3550109863281,331.9700012207031,332.1700134277344,50649
2026-07-30 13:39:00-04:00,332.15008544921875,332.15008544921875,332.2723083496094,332.07000732421875,332.25,35917
2026-07-30 13:40:00-04:00,332.04998779296875,332.04998779296875,332.3450012207031,332.0003967285156,332.20001220703125,55237
2026-07-30 13:41:00-04:00,332.25,332.25,332.2699890136719,331.9800109863281,332.0899963378906,37824
2026-07-30 13:42:00-04:00,332.489990234375,332.489990234375,332.5199890136719,332.2300109863281,332.260009765625,51309
2026-07-30 13:43:00-04:00,332.6499938964844,332.6499938964844,332.6899108886719,332.4800109863281,332.5,34432
2026-07-30 13:44:00-04:00,332.6499938964844,332.6499938964844,332.7799987792969,332.61029052734375,332.6400146484375,13985
2026-07-30 13:45:00-04:00,332.6700134277344,332.6700134277344,332.7200012207031,332.4800109863281,332.6400146484375,49886
2026-07-30 13:46:00-04:00,332.6199951171875,332.6199951171875,332.7099914550781,332.5,332.67999267578125,47544
2026-07-30 13:47:00-04:00,332.4700012207031,332.4700012207031,332.7200012207031,332.4599914550781,332.6300048828125,39406
2026-07-30 13:48:00-04:00,332.6700134277344,332.6700134277344,332.68499755859375,332.4800109863281,332.4849853515625,40749
2026-07-30 13:49:00-04:00,332.69000244140625,332.69000244140625,332.739990234375,332.6300048828125,332.67999267578125,34267
2026-07-30 13:50:00-04:00,332.82501220703125,332.82501220703125,332.8299865722656,332.6492919921875,332.69000244140625,53326
2026-07-30 13:51:00-04:00,333.05010986328125,333.05010986328125,333.08599853515625,332.79998779296875,332.82000732421875,68769
2026-07-30 13:52:00-04:00,333.114013671875,333.114013671875,333.1659851074219,332.9700012207031,333.06500244140625,51123
2026-07-30 13:53:00-04:00,333.11090087890625,333.11090087890625,333.135009765625,333.0,333.0957946777344,54617
2026-07-30 13:54:00-04:00,332.92999267578125,332.92999267578125,333.1400146484375,332.92999267578125,333.0899963378906,51540
2026-07-30 13:55:00-04:00,333.0299987792969,333.0299987792969,333.0899963378906,332.8699951171875,332.95001220703125,51938
2026-07-30 13:56:00-04:00,333.1700134277344,333.1700134277344,333.25,332.92999267578125,333.0450134277344,74476
2026-07-30 13:57:00-04:00,333.2300109863281,333.2300109863281,333.2699890136719,333.07000732421875,333.17999267578125,64634
2026-07-30 13:58:00-04:00,333.17999267578125,333.17999267578125,333.2499084472656,333.0899963378906,333.2499084472656,65897
2026-07-30 13:59:00-04:00,333.2950134277344,333.2950134277344,333.30999755859375,333.1708068847656,333.17999267578125,40368
2026-07-30 14:00:00-04:00,333.8699951171875,333.8699951171875,333.8699951171875,333.2900085449219,333.30999755859375,103223
2026-07-30 14:01:00-04:00,333.8125,333.8125,333.9800109863281,333.7799987792969,333.864990234375,79155
2026-07-30 14:02:00-04:00,333.5899963378906,333.5899963378906,333.8299865722656,333.52099609375,333.82989501953125,61766
2026-07-30 14:03:00-04:00,333.239990234375,333.239990234375,333.6099853515625,333.20001220703125,333.5899963378906,85464
2026-07-30 14:04:00-04:00,333.0249938964844,333.0249938964844,333.3500061035156,333.0150146484375,333.25,64600
2026-07-30 14:05:00-04:00,333.2250061035156,333.2250061035156,333.2300109863281,333.0115966796875,333.0498962402344,42713
2026-07-30 14:06:00-04:00,333.4949951171875,333.4949951171875,333.4999084472656,333.2300109863281,333.2349853515625,99711
2026-07-30 14:07:00-04:00,333.2850036621094,333.2850036621094,333.510009765625,333.2500915527344,333.4949951171875,46918
2026-07-30 14:08:00-04:00,333.2699890136719,333.2699890136719,333.3299865722656,333.1700134277344,333.2749938964844,39291
2026-07-30 14:09:00-04:00,333.19500732421875,333.19500732421875,333.2900085449219,333.0799865722656,333.2900085449219,92169
2026-07-30 14:10:00-04:00,333.125,333.125,333.4599914550781,333.1099853515625,333.19500732421875,140611
2026-07-30 14:11:00-04:00,333.114990234375,333.114990234375,333.17999267578125,333.0299987792969,333.1300048828125,97965
2026-07-30 14:12:00-04:00,333.3263854980469,333.3263854980469,333.3299865722656,333.125,333.125,78379
2026-07-30 14:13:00-04:00,333.25,333.25,333.30999755859375,333.1708984375,333.30999755859375,40370
2026-07-30 14:14:00-04:00,333.2749938964844,333.2749938964844,333.2900085449219,333.1700134277344,333.25,72437
2026-07-30 14:15:00-04:00,333.5050048828125,333.5050048828125,333.510009765625,333.2749938964844,333.2799987792969,69584
2026-07-30 14:16:00-04:00,333.56500244140625,333.56500244140625,333.6600036621094,333.45001220703125,333.5050048828125,55183
2026-07-30 14:17:00-04:00,333.55499267578125,333.55499267578125,333.6400146484375,333.4609069824219,333.57989501953125,97084
2026-07-30 14:18:00-04:00,333.6650085449219,333.6650085449219,333.739990234375,333.55999755859375,333.55999755859375,72138
2026-07-30 14:19:00-04:00,333.6549987792969,333.6549987792969,333.7200012207031,333.6000061035156,333.6549987792969,48339
2026-07-30 14:20:00-04:00,333.3999938964844,333.3999938964844,333.6400146484375,333.3699951171875,333.6400146484375,52440
2026-07-30 14:21:00-04:00,333.4042053222656,333.4042053222656,333.45001220703125,333.25,333.4200134277344,78654
2026-07-30 14:22:00-04:00,333.19000244140625,333.19000244140625,333.4200134277344,333.1600036621094,333.4100036621094,65718
2026-07-30 14:23:00-04:00,333.1000061035156,333.1000061035156,333.2099914550781,333.0199890136719,333.2099914550781,78230
2026-07-30 14:24:00-04:00,333.0602111816406,333.0602111816406,333.1300048828125,332.95001220703125,333.0950012207031,39431
2026-07-30 14:25:00-04:00,332.864990234375,332.864990234375,333.0899963378906,332.864990234375,333.07501220703125,39610
2026-07-30 14:26:00-04:00,332.8500061035156,332.8500061035156,332.94000244140625,332.7341003417969,332.8699951171875,77879
2026-07-30 14:27:00-04:00,333.0450134277344,333.0450134277344,333.1099853515625,332.8599853515625,332.860107421875,39673
2026-07-30 14:28:00-04:00,332.94000244140625,332.94000244140625,333.0899963378906,332.9100036621094,333.0400085449219,28937
2026-07-30 14:29:00-04:00,333.1000061035156,333.1000061035156,333.20001220703125,332.94000244140625,332.94000244140625,96862
2026-07-30 14:30:00-04:00,333.1099853515625,333.1099853515625,333.16949462890625,332.8999938964844,333.1199951171875,74720
2026-07-30 14:31:00-04:00,333.29998779296875,333.29998779296875,333.35430908203125,333.0,333.1000061035156,62620
2026-07-30 14:32:00-04:00,333.3299865722656,333.3299865722656,333.4299011230469,333.2099914550781,333.2900085449219,36554
2026-07-30 14:33:00-04:00,333.3999938964844,333.3999938964844,333.5199890136719,333.32000732421875,333.3399963378906,45777
2026-07-30 14:34:00-04:00,333.5899963378906,333.5899963378906,333.6199951171875,333.40069580078125,333.4200134277344,56305
2026-07-30 14:35:00-04:00,333.54998779296875,333.54998779296875,333.5849914550781,333.4100036621094,333.5799865722656,61514
2026-07-30 14:36:00-04:00,333.55499267578125,333.55499267578125,333.65020751953125,333.45001220703125,333.54998779296875,44894
2026-07-30 14:37:00-04:00,333.4700012207031,333.4700012207031,333.5799865722656,333.375,333.57000732421875,73193
2026-07-30 14:38:00-04:00,333.4599914550781,333.4599914550781,333.55999755859375,333.44000244140625,333.489990234375,46298
2026-07-30 14:39:00-04:00,333.55999755859375,333.55999755859375,333.6499938964844,333.4599914550781,333.4649963378906,43055
2026-07-30 14:40:00-04:00,333.7099914550781,333.7099914550781,333.739990234375,333.5450134277344,333.55999755859375,86821
2026-07-30 14:41:00-04:00,333.5199890136719,333.5199890136719,333.7550048828125,333.4700012207031,333.71990966796875,51659
2026-07-30 14:42:00-04:00,333.6000061035156,333.6000061035156,333.70001220703125,333.5249938964844,333.5249938964844,68861
2026-07-30 14:43:00-04:00,333.57000732421875,333.57000732421875,333.6300048828125,333.5400085449219,333.6199951171875,42813
2026-07-30 14:44:00-04:00,333.5299987792969,333.5299987792969,333.6600036621094,333.5299987792969,333.5899963378906,59483
2026-07-30 14:45:00-04:00,333.57000732421875,333.57000732421875,333.6050109863281,333.4200134277344,333.5400085449219,90931
2026-07-30 14:46:00-04:00,333.7850036621094,333.7850036621094,333.794189453125,333.5799865722656,333.5799865722656,54552
2026-07-30 14:47:00-04:00,333.82000732421875,333.82000732421875,333.8500061035156,333.75,333.7850036621094,53596
2026-07-30 14:48:00-04:00,333.7349853515625,333.7349853515625,333.8739013671875,333.7200012207031,333.82049560546875,47900
2026-07-30 14:49:00-04:00,333.9100036621094,333.9100036621094,333.9996032714844,333.7200012207031,333.739990234375,67634
2026-07-30 14:50:00-04:00,333.9100036621094,333.9100036621094,334.0899963378906,333.8699951171875,333.9100036621094,84476
2026-07-30 14:51:00-04:00,333.9150085449219,333.9150085449219,333.9150085449219,333.739990234375,333.9100036621094,71338
2026-07-30 14:52:00-04:00,333.8299865722656,333.8299865722656,333.9649963378906,333.8299865722656,333.8999938964844,45801
2026-07-30 14:53:00-04:00,333.82000732421875,333.82000732421875,333.8699951171875,333.7749938964844,333.8299865722656,47441
2026-07-30 14:54:00-04:00,333.9798889160156,333.9798889160156,334.0400085449219,333.7861022949219,333.82000732421875,70744
2026-07-30 14:55:00-04:00,333.8399963378906,333.8399963378906,333.9849853515625,333.8399963378906,333.94000244140625,47759
2026-07-30 14:56:00-04:00,333.9649963378906,333.9649963378906,334.010009765625,333.82000732421875,333.8299865722656,60055
2026-07-30 14:57:00-04:00,333.9100036621094,333.9100036621094,333.9649963378906,333.8200988769531,333.9649963378906,67741
2026-07-30 14:58:00-04:00,333.7900085449219,333.7900085449219,334.0799865722656,333.7449951171875,333.9150085449219,92039
2026-07-30 14:59:00-04:00,333.75,333.75,333.92498779296875,333.7123107910156,333.7900085449219,68389
2026-07-30 15:00:00-04:00,333.4849853515625,333.4849853515625,333.89990234375,333.4599914550781,333.7349853515625,164817
2026-07-30 15:01:00-04:00,333.9100036621094,333.9100036621094,333.989990234375,333.489990234375,333.4988098144531,117212
2026-07-30 15:02:00-04:00,333.6449890136719,333.6449890136719,334.0166015625,333.5299987792969,333.94989013671875,67758
2026-07-30 15:03:00-04:00,333.75,333.75,333.82000732421875,333.6300048828125,333.6449890136719,49140
2026-07-30 15:04:00-04:00,333.80999755859375,333.80999755859375,333.8599853515625,333.7149963378906,333.760009765625,65544
2026-07-30 15:05:00-04:00,333.67999267578125,333.67999267578125,333.8299865722656,333.6600036621094,333.80499267578125,60465
2026-07-30 15:06:00-04:00,333.6600036621094,333.6600036621094,333.7300109863281,333.4054870605469,333.68499755859375,97975
2026-07-30 15:07:00-04:00,333.69500732421875,333.69500732421875,333.885009765625,333.6000061035156,333.67999267578125,115112
2026-07-30 15:08:00-04:00,333.6000061035156,333.6000061035156,333.7699890136719,333.5899963378906,333.69000244140625,74978
2026-07-30 15:09:00-04:00,333.6099853515625,333.6099853515625,333.7349853515625,333.54998779296875,333.6000061035156,78428
2026-07-30 15:10:00-04:00,333.82501220703125,333.82501220703125,333.8999938964844,333.5299987792969,333.6099853515625,99657
2026-07-30 15:11:00-04:00,333.6130065917969,333.6130065917969,333.8399963378906,333.6000061035156,333.83319091796875,73980
2026-07-30 15:12:00-04:00,333.7200012207031,333.7200012207031,333.79998779296875,333.5299987792969,333.6199951171875,65250
2026-07-30 15:13:00-04:00,333.7300109863281,333.7300109863281,333.7799987792969,333.55499267578125,333.7200012207031,63220
2026-07-30 15:14:00-04:00,333.6549987792969,333.6549987792969,333.7401123046875,333.5799865722656,333.7200012207031,69667
2026-07-30 15:15:00-04:00,333.760009765625,333.760009765625,333.79998779296875,333.56500244140625,333.6600036621094,82992
2026-07-30 15:16:00-04:00,333.69000244140625,333.69000244140625,333.8999938964844,333.5,333.7799987792969,114042
2026-07-30 15:17:00-04:00,333.7049865722656,333.7049865722656,333.7799987792969,333.67999267578125,333.70001220703125,55951
2026-07-30 15:18:00-04:00,333.7900085449219,333.7900085449219,333.8598937988281,333.6449890136719,333.70001220703125,82341
2026-07-30 15:19:00-04:00,333.8699951171875,333.8699951171875,333.95001220703125,333.69000244140625,333.7900085449219,105281
2026-07-30 15:20:00-04:00,333.6449890136719,333.6449890136719,333.8999938964844,333.5400085449219,333.875,84002
2026-07-30 15:21:00-04:00,333.57000732421875,333.57000732421875,333.7550048828125,333.53009033203125,333.6400146484375,83355
2026-07-30 15:22:00-04:00,333.3999938964844,333.3999938964844,333.5799865722656,333.2900085449219,333.5799865722656,113223
2026-07-30 15:23:00-04:00,333.1449890136719,333.1449890136719,333.4132995605469,333.1300048828125,333.3900146484375,79724
2026-07-30 15:24:00-04:00,333.45001220703125,333.45001220703125,333.5199890136719,333.1300048828125,333.1449890136719,117132
2026-07-30 15:25:00-04:00,333.3500061035156,333.3500061035156,333.57000732421875,333.2950134277344,333.4649963378906,104118
2026-07-30 15:26:00-04:00,333.2149963378906,333.2149963378906,333.42999267578125,333.2099914550781,333.3399963378906,92786
2026-07-30 15:27:00-04:00,333.4649963378906,333.4649963378906,333.54998779296875,333.1499938964844,333.2099914550781,169598
2026-07-30 15:28:00-04:00,333.4801025390625,333.4801025390625,333.739990234375,333.4200134277344,333.5,239749
2026-07-30 15:29:00-04:00,333.1600036621094,333.1600036621094,333.6199951171875,333.1600036621094,333.489990234375,155831
2026-07-30 15:30:00-04:00,333.44000244140625,333.44000244140625,333.4949951171875,333.1000061035156,333.1600036621094,126096
2026-07-30 15:31:00-04:00,333.0450134277344,333.0450134277344,333.5299987792969,332.79998779296875,333.44000244140625,246795
2026-07-30 15:32:00-04:00,333.2900085449219,333.2900085449219,333.3500061035156,332.9700927734375,333.05999755859375,210747
2026-07-30 15:33:00-04:00,333.0799865722656,333.0799865722656,333.3900146484375,332.9599914550781,333.27099609375,189809
2026-07-30 15:34:00-04:00,333.25,333.25,333.3399963378906,333.07000732421875,333.0799865722656,140340
2026-07-30 15:35:00-04:00,333.2799987792969,333.2799987792969,333.3299865722656,333.1300048828125,333.25,125848
2026-07-30 15:36:00-04:00,333.489990234375,333.489990234375,333.5799865722656,333.239990234375,333.2699890136719,125139
2026-07-30 15:37:00-04:00,333.3999938964844,333.3999938964844,333.5400085449219,333.3399963378906,333.489990234375,111377
2026-07-30 15:38:00-04:00,333.32000732421875,333.32000732421875,333.510009765625,333.260009765625,333.42999267578125,83634
2026-07-30 15:39:00-04:00,333.4700012207031,333.4700012207031,333.5299987792969,333.32000732421875,333.3299865722656,79953
2026-07-30 15:40:00-04:00,333.3900146484375,333.3900146484375,333.5249938964844,333.2449951171875,333.4649963378906,126911
2026-07-30 15:41:00-04:00,333.239990234375,333.239990234375,333.55999755859375,333.2200012207031,333.3999938964844,131130
2026-07-30 15:42:00-04:00,333.25,333.25,333.260009765625,332.9100036621094,333.260009765625,120725
2026-07-30 15:43:00-04:00,333.1199035644531,333.1199035644531,333.25,333.04998779296875,333.2349853515625,92915
2026-07-30 15:44:00-04:00,333.0050048828125,333.0050048828125,333.1669006347656,332.9599914550781,333.114990234375,105091
2026-07-30 15:45:00-04:00,332.9599914550781,332.9599914550781,333.0899963378906,332.8800048828125,333.010009765625,141958
2026-07-30 15:46:00-04:00,332.9700012207031,332.9700012207031,333.114990234375,332.79119873046875,332.92999267578125,115804
2026-07-30 15:47:00-04:00,332.8599853515625,332.8599853515625,332.989990234375,332.75,332.9700012207031,168941
2026-07-30 15:48:00-04:00,332.3900146484375,332.3900146484375,332.8900146484375,332.30999755859375,332.8599853515625,209100
2026-07-30 15:49:00-04:00,332.6549987792969,332.6549987792969,332.80999755859375,332.3399963378906,332.3999938964844,138644
2026-07-30 15:50:00-04:00,332.87908935546875,332.87908935546875,333.1099853515625,332.4800109863281,332.6300048828125,194101
2026-07-30 15:51:00-04:00,332.9800109863281,332.9800109863281,333.0,332.70001220703125,332.8599853515625,200790
2026-07-30 15:52:00-04:00,332.739990234375,332.739990234375,332.989990234375,332.57000732421875,332.989990234375,242184
2026-07-30 15:53:00-04:00,332.7799987792969,332.7799987792969,333.19000244140625,332.67999267578125,332.7300109863281,229882
2026-07-30 15:54:00-04:00,332.864990234375,332.864990234375,332.9660949707031,332.6600036621094,332.7799987792969,272984
2026-07-30 15:55:00-04:00,333.3999938964844,333.3999938964844,333.3999938964844,332.5299987792969,332.8500061035156,279044
2026-07-30 15:56:00-04:00,333.9700012207031,333.9700012207031,334.0,333.29998779296875,333.3900146484375,232337
2026-07-30 15:57:00-04:00,333.7099914550781,333.7099914550781,334.1300048828125,333.5400085449219,333.9599914550781,290673
2026-07-30 15:58:00-04:00,333.5199890136719,333.5199890136719,334.75,333.29998779296875,333.7200012207031,420049
2026-07-30 15:59:00-04:00,333.8500061035156,333.8500061035156,334.0,333.0400085449219,333.5199890136719,882500
2026-07-31 09:30:00-04:00,304.04998779296875,304.04998779296875,306.8999938964844,303.6400146484375,304.80999755859375,9663898
2026-07-31 09:31:00-04:00,302.0299987792969,302.0299987792969,305.010009765625,301.8299865722656,304.010009765625,1704033
2026-07-31 09:32:00-04:00,302.0299987792969,302.0299987792969,302.7875061035156,301.3414001464844,301.8999938964844,2027555
2026-07-31 09:33:00-04:00,301.8216857910156,301.8216857910156,302.57000732421875,301.07000732421875,302.07000732421875,1823229
2026-07-31 09:34:00-04:00,302.1099853515625,302.1099853515625,302.39990234375,300.54998779296875,301.8299865722656,1758609
2026-07-31 09:35:00-04:00,302.18499755859375,302.18499755859375,303.3500061035156,302.04998779296875,302.30999755859375,1230557
2026-07-31 09:36:00-04:00,302.2900085449219,302.2900085449219,302.8284912109375,301.4200134277344,302.21881103515625,971306
2026-07-31 09:37:00-04:00,302.239990234375,302.239990234375,302.6400146484375,301.6600036621094,302.3175048828125,1236614
2026-07-31 09:38:00-04:00,301.875,301.875,302.6099853515625,300.9200134277344,302.239990234375,1175625
2026-07-31 09:39:00-04:00,301.32000732421875,301.32000732421875,302.19000244140625,300.95001220703125,301.8851013183594,809397
2026-07-31 09:40:00-04:00,300.5899963378906,300.5899963378906,301.2900085449219,300.3299865722656,301.19000244140625,799820
2026-07-31 09:41:00-04:00,301.4049987792969,301.4049987792969,301.4049987792969,300.44000244140625,300.54998779296875,550663
2026-07-31 09:42:00-04:00,302.42498779296875,302.42498779296875,302.5299987792969,301.0899963378906,301.4049987792969,580946
2026-07-31 09:43:00-04:00,303.5299987792969,303.5299987792969,303.7049865722656,302.3900146484375,302.5,865229
2026-07-31 09:44:00-04:00,304.7900085449219,304.7900085449219,304.9100036621094,303.5,303.5199890136719,1046614
2026-07-31 09:45:00-04:00,304.3049011230469,304.3049011230469,305.760009765625,304.20001220703125,304.7799987792969,890889
2026-07-31 09:46:00-04:00,305.0899963378906,305.0899963378906,305.3194885253906,304.0799865722656,304.260009765625,984915
2026-07-31 09:47:00-04:00,305.5295104980469,305.5295104980469,305.9198913574219,305.05999755859375,305.1400146484375,550400
2026-07-31 09:48:00-04:00,305.4924011230469,305.4924011230469,305.739990234375,304.989990234375,305.5,521867
2026-07-31 09:49:00-04:00,305.17999267578125,305.17999267578125,305.55999755859375,304.5899963378906,305.510009765625,528192
2026-07-31 09:50:00-04:00,305.06201171875,305.06201171875,305.5,304.6700134277344,305.2062072753906,137528
2026-07-31 09:51:00-04:00,304.92498779296875,304.92498779296875,305.29998779296875,304.5,305.0799865722656,462719
2026-07-31 09:52:00-04:00,304.82000732421875,304.82000732421875,305.29998779296875,304.6700134277344,304.92498779296875,467175
2026-07-31 09:53:00-04:00,304.610107421875,304.610107421875,305.1700134277344,304.4599914550781,304.8349914550781,399899
2026-07-31 09:54:00-04:00,304.81890869140625,304.81890869140625,305.1000061035156,304.29998779296875,304.7650146484375,374101
2026-07-31 09:55:00-04:00,305.07989501953125,305.07989501953125,305.19000244140625,304.55999755859375,304.82501220703125,294735
2026-07-31 09:56:00-04:00,305.0899963378906,305.0899963378906,305.45001220703125,304.7300109863281,305.0,446809
2026-07-31 09:57:00-04:00,304.0400085449219,304.0400085449219,305.0799865722656,304.0400085449219,305.0799865722656,402898
2026-07-31 09:58:00-04:00,302.864990234375,302.864990234375,304.0299987792969,302.8500061035156,304.0299987792969,416099
2026-07-31 09:59:00-04:00,302.7900085449219,302.7900085449219,303.1300048828125,302.5199890136719,302.864990234375,414869
2026-07-31 10:00:00-04:00,303.1698913574219,303.1698913574219,303.32000732421875,302.6700134277344,302.7900085449219,395902
2026-07-31 10:01:00-04:00,302.8399963378906,302.8399963378906,303.19000244140625,302.5,303.1449890136719,717782
2026-07-31 10:02:00-04:00,302.2900085449219,302.2900085449219,302.81500244140625,302.1709899902344,302.80999755859375,447277
2026-07-31 10:03:00-04:00,301.6400146484375,301.6400146484375,302.2799987792969,301.35009765625,302.2799987792969,479635
2026-07-31 10:04:00-04:00,302.1199951171875,302.1199951171875,302.25,301.54998779296875,301.6099853515625,341397
2026-07-31 10:05:00-04:00,302.1199951171875,302.1199951171875,302.29998779296875,301.8399963378906,302.0950012207031,365227
2026-07-31 10:06:00-04:00,302.2749938964844,302.2749938964844,302.5,301.8800048828125,302.05999755859375,296843
2026-07-31 10:07:00-04:00,302.67999267578125,302.67999267578125,302.747314453125,302.03009033203125,302.29998779296875,277881
2026-07-31 10:08:00-04:00,302.78009033203125,302.78009033203125,302.8699951171875,302.0299987792969,302.6499938964844,283397
2026-07-31 10:09:00-04:00,302.8800048828125,302.8800048828125,302.94000244140625,302.4800109863281,302.80499267578125,337271
2026-07-31 10:10:00-04:00,302.7850036621094,302.7850036621094,303.06500244140625,302.30999755859375,302.8340148925781,394124
2026-07-31 10:11:00-04:00,301.8999938964844,301.8999938964844,302.7925109863281,301.739990234375,302.7900085449219,381165
2026-07-31 10:12:00-04:00,301.4700012207031,301.4700012207031,302.010009765625,301.3599853515625,301.94000244140625,358443
2026-07-31 10:13:00-04:00,301.80499267578125,301.80499267578125,301.9700012207031,301.44000244140625,301.4700012207031,232900
2026-07-31 10:14:00-04:00,302.1361083984375,302.1361083984375,302.3590087890625,301.760009765625,301.7799987792969,293360
2026-07-31 10:15:00-04:00,302.2149963378906,302.2149963378906,302.4700012207031,301.94000244140625,302.1449890136719,193118
2026-07-31 10:16:00-04:00,302.5386047363281,302.5386047363281,302.7300109863281,302.1700134277344,302.2099914550781,217540
2026-07-31 10:17:00-04:00,301.67498779296875,301.67498779296875,302.5,301.6499938964844,302.5,226186
2026-07-31 10:18:00-04:00,302.3450012207031,302.3450012207031,302.3999938964844,301.6600036621094,301.67999267578125,196020
2026-07-31 10:19:00-04:00,302.53009033203125,302.53009033203125,302.8494873046875,302.31500244140625,302.3450012207031,324031
2026-07-31 10:20:00-04:00,302.5899963378906,302.5899963378906,303.2200012207031,302.3900146484375,302.510009765625,190002
2026-07-31 10:21:00-04:00,302.82000732421875,302.82000732421875,302.9100036621094,302.5199890136719,302.614990234375,160749
2026-07-31 10:22:00-04:00,302.8005065917969,302.8005065917969,302.95001220703125,302.426513671875,302.814208984375,194117
2026-07-31 10:23:00-04:00,303.5094909667969,303.5094909667969,303.55999755859375,302.7699890136719,302.8299865722656,258295
2026-07-31 10:24:00-04:00,303.2099914550781,303.2099914550781,303.56988525390625,303.1400146484375,303.5199890136719,202472
2026-07-31 10:25:00-04:00,303.1299133300781,303.1299133300781,303.239990234375,302.9700012207031,303.18499755859375,159987
2026-07-31 10:26:00-04:00,303.3800048828125,303.3800048828125,303.539306640625,303.05999755859375,303.1300048828125,213186
2026-07-31 10:27:00-04:00,302.6700134277344,302.6700134277344,303.44000244140625,302.6499938964844,303.4049987792969,276695
2026-07-31 10:28:00-04:00,303.04998779296875,303.04998779296875,303.1700134277344,302.5799865722656,302.69000244140625,189361
2026-07-31 10:29:00-04:00,302.739990234375,302.739990234375,303.1000061035156,302.70001220703125,303.0400085449219,130072
2026-07-31 10:30:00-04:00,302.1549987792969,302.1549987792969,302.8900146484375,302.090087890625,302.7550048828125,206537
2026-07-31 10:31:00-04:00,302.3139953613281,302.3139953613281,302.5950012207031,302.1499938964844,302.1499938964844,156679
2026-07-31 10:32:00-04:00,302.6199035644531,302.6199035644531,302.6199951171875,302.260009765625,302.32000732421875,125005
2026-07-31 10:33:00-04:00,302.5050048828125,302.5050048828125,302.99798583984375,302.375,302.5849914550781,204706
2026-07-31 10:34:00-04:00,301.94000244140625,301.94000244140625,302.5799865722656,301.9200134277344,302.4800109863281,223197
2026-07-31 10:35:00-04:00,301.9599914550781,301.9599914550781,302.0497131347656,301.70001220703125,301.92498779296875,141861
2026-07-31 10:36:00-04:00,301.94000244140625,301.94000244140625,302.07000732421875,301.8699951171875,301.9800109863281,113869
2026-07-31 10:37:00-04:00,301.94500732421875,301.94500732421875,302.05999755859375,301.79998779296875,301.94000244140625,151259
2026-07-31 10:38:00-04:00,302.3450012207031,302.3450012207031,302.3785095214844,301.9100036621094,301.93499755859375,161798
2026-07-31 10:39:00-04:00,302.260009765625,302.260009765625,302.5799865722656,302.2250061035156,302.3450012207031,167619
2026-07-31 10:40:00-04:00,302.32000732421875,302.32000732421875,302.3500061035156,302.0400085449219,302.2799987792969,144111
2026-07-31 10:41:00-04:00,302.760009765625,302.760009765625,302.79998779296875,302.30999755859375,302.30999755859375,133530
2026-07-31 10:42:00-04:00,302.3900146484375,302.3900146484375,302.760009765625,302.260009765625,302.70001220703125,188950
2026-07-31 10:43:00-04:00,302.55999755859375,302.55999755859375,302.6799011230469,302.32000732421875,302.4100036621094,160932
2026-07-31 10:44:00-04:00,302.43499755859375,302.43499755859375,302.5799865722656,302.2699890136719,302.55999755859375,126948
2026-07-31 10:45:00-04:00,302.5201110839844,302.5201110839844,302.6600036621094,302.3599853515625,302.4200134277344,130890
2026-07-31 10:46:00-04:00,302.1300048828125,302.1300048828125,302.6300048828125,302.1300048828125,302.5199890136719,164172
2026-07-31 10:47:00-04:00,302.43499755859375,302.43499755859375,302.5400085449219,302.05999755859375,302.1449890136719,168086
2026-07-31 10:48:00-04:00,302.42999267578125,302.42999267578125,302.5299987792969,302.19000244140625,302.45001220703125,201177
2026-07-31 10:49:00-04:00,302.57000732421875,302.57000732421875,302.6600036621094,302.3301086425781,302.42999267578125,186142
2026-07-31 10:50:00-04:00,302.5199890136719,302.5199890136719,302.6499938964844,302.45001220703125,302.57000732421875,135651
2026-07-31 10:51:00-04:00,302.6199951171875,302.6199951171875,302.6400146484375,302.3399963378906,302.5150146484375,121960
2026-07-31 10:52:00-04:00,302.43499755859375,302.43499755859375,302.760009765625,302.3999938964844,302.6300048828125,154626
2026-07-31 10:53:00-04:00,302.2699890136719,302.2699890136719,302.45001220703125,302.1700134277344,302.4100036621094,186367
2026-07-31 10:54:00-04:00,302.4299011230469,302.4299011230469,302.45989990234375,302.19000244140625,302.2777099609375,138066
2026-07-31 10:55:00-04:00,302.19000244140625,302.19000244140625,302.4100036621094,302.0799865722656,302.3999938964844,170211
2026-07-31 10:56:00-04:00,302.16619873046875,302.16619873046875,302.2267150878906,302.0899963378906,302.1517028808594,160185
2026-07-31 10:57:00-04:00,302.17498779296875,302.17498779296875,302.239990234375,301.95001220703125,302.1650085449219,310837
2026-07-31 10:58:00-04:00,302.68499755859375,302.68499755859375,302.739990234375,302.1199951171875,302.1700134277344,220713
2026-07-31 10:59:00-04:00,303.1600036621094,303.1600036621094,303.20001220703125,302.5350036621094,302.6600036621094,179819
2026-07-31 11:00:00-04:00,302.8599853515625,302.8599853515625,303.239990234375,302.70001220703125,303.1600036621094,370783
2026-07-31 11:01:00-04:00,302.70001220703125,302.70001220703125,302.9700012207031,302.6300048828125,302.8500061035156,135362
2026-07-31 11:02:00-04:00,302.55999755859375,302.55999755859375,302.7799987792969,302.3207092285156,302.7049865722656,188473
2026-07-31 11:03:00-04:00,302.4200134277344,302.4200134277344,302.5899963378906,302.3399963378906,302.5299987792969,158325
2026-07-31 11:04:00-04:00,302.635009765625,302.635009765625,302.70001220703125,302.3900146484375,302.4150085449219,185076
2026-07-31 11:05:00-04:00,302.7250061035156,302.7250061035156,302.739990234375,302.5400085449219,302.6300048828125,126383
2026-07-31 11:06:00-04:00,302.69500732421875,302.69500732421875,302.95001220703125,302.5899963378906,302.7300109863281,170978
2026-07-31 11:07:00-04:00,302.6600036621094,302.6600036621094,302.7099914550781,302.4599914550781,302.68499755859375,133414
2026-07-31 11:08:00-04:00,302.7799987792969,302.7799987792969,302.8299865722656,302.6600036621094,302.6700134277344,163115
2026-07-31 11:09:00-04:00,302.8900146484375,302.8900146484375,302.92999267578125,302.6600036621094,302.7699890136719,136075
2026-07-31 11:10:00-04:00,302.9949951171875,302.9949951171875,303.0400085449219,302.7900085449219,302.9200134277344,159390
2026-07-31 11:11:00-04:00,302.8500061035156,302.8500061035156,303.04998779296875,302.7300109863281,302.9714050292969,218322
2026-07-31 11:12:00-04:00,302.69000244140625,302.69000244140625,303.06500244140625,302.61749267578125,302.8699951171875,208884
2026-07-31 11:13:00-04:00,302.760009765625,302.760009765625,302.8999938964844,302.5299987792969,302.6650085449219,190776
2026-07-31 11:14:00-04:00,302.9949951171875,302.9949951171875,303.0794982910156,302.5350036621094,302.7449951171875,165813
2026-07-31 11:15:00-04:00,302.8699951171875,302.8699951171875,303.1000061035156,302.79998779296875,302.9949951171875,185402
2026-07-31 11:16:00-04:00,303.09228515625,303.09228515625,303.13800048828125,302.8599853515625,302.8699951171875,200508
2026-07-31 11:17:00-04:00,303.5,303.5,303.6600036621094,302.760009765625,303.0799865722656,252280
2026-07-31 11:18:00-04:00,303.489990234375,303.489990234375,303.8500061035156,303.3800048828125,303.4800109863281,195655
2026-07-31 11:19:00-04:00,303.8901062011719,303.8901062011719,304.0295104980469,303.45001220703125,303.4530944824219,202967
2026-07-31 11:20:00-04:00,303.8800048828125,303.8800048828125,304.1600036621094,303.7799987792969,303.8900146484375,147194
2026-07-31 11:21:00-04:00,303.8599853515625,303.8599853515625,304.25,303.8500061035156,303.89990234375,172898
2026-07-31 11:22:00-04:00,303.5199890136719,303.5199890136719,303.92498779296875,303.510009765625,303.8699951171875,159885
2026-07-31 11:23:00-04:00,303.07501220703125,303.07501220703125,303.6400146484375,303.04998779296875,303.53009033203125,136577
2026-07-31 11:24:00-04:00,302.95001220703125,302.95001220703125,303.1698913574219,302.9230041503906,303.0899963378906,159177
2026-07-31 11:25:00-04:00,302.5841979980469,302.5841979980469,303.0799865722656,302.4800109863281,302.9551086425781,234506
2026-07-31 11:26:00-04:00,302.6600036621094,302.6600036621094,302.67999267578125,302.2300109863281,302.54998779296875,286510
2026-07-31 11:27:00-04:00,302.2300109863281,302.2300109863281,302.67999267578125,302.20001220703125,302.6600036621094,152149
2026-07-31 11:28:00-04:00,301.8399963378906,301.8399963378906,302.2698974609375,301.69000244140625,302.2300109863281,434429
2026-07-31 11:29:00-04:00,301.7300109863281,301.7300109863281,301.9649963378906,301.6400146484375,301.8399963378906,230607
2026-07-31 11:30:00-04:00,301.8450012207031,301.8450012207031,302.14849853515625,301.7250061035156,301.7300109863281,188306
2026-07-31 11:31:00-04:00,301.989990234375,301.989990234375,302.1300048828125,301.79998779296875,301.8598937988281,139131
2026-07-31 11:32:00-04:00,301.94500732421875,301.94500732421875,302.010009765625,301.8299865722656,301.989990234375,139620
2026-07-31 11:33:00-04:00,302.19500732421875,302.19500732421875,302.239990234375,301.8399963378906,301.92999267578125,224493
2026-07-31 11:34:00-04:00,302.2731018066406,302.2731018066406,302.3599853515625,302.0199890136719,302.21990966796875,134027
2026-07-31 11:35:00-04:00,302.3699951171875,302.3699951171875,302.5899963378906,302.239990234375,302.2900085449219,141148
2026-07-31 11:36:00-04:00,302.1199951171875,302.1199951171875,302.3900146484375,302.04998779296875,302.3699951171875,435130
2026-07-31 11:37:00-04:00,302.6650085449219,302.6650085449219,302.80999755859375,302.0899963378906,302.0899963378906,226342
2026-07-31 11:38:00-04:00,302.7099914550781,302.7099914550781,302.7200012207031,302.2300109863281,302.6650085449219,198770
2026-07-31 11:39:00-04:00,302.1600036621094,302.1600036621094,302.82000732421875,302.1000061035156,302.7200012207031,147101
2026-07-31 11:40:00-04:00,302.1499938964844,302.1499938964844,302.33990478515625,301.9649963378906,302.19000244140625,135334
2026-07-31 11:41:00-04:00,301.56170654296875,301.56170654296875,302.1449890136719,301.5329895019531,302.1300048828125,185343
2026-07-31 11:42:00-04:00,301.6000061035156,301.6000061035156,301.8999938964844,301.4700012207031,301.55499267578125,430282
2026-07-31 11:43:00-04:00,301.4599914550781,301.4599914550781,301.7749938964844,301.44000244140625,301.6600036621094,176173
2026-07-31 11:44:00-04:00,301.95001220703125,301.95001220703125,301.9700012207031,301.45001220703125,301.4599914550781,152135
2026-07-31 11:45:00-04:00,302.1000061035156,302.1000061035156,302.12750244140625,301.8599853515625,301.95001220703125,108927
2026-07-31 11:46:00-04:00,302.2200012207031,302.2200012207031,302.29998779296875,302.0400085449219,302.1099853515625,85698
2026-07-31 11:47:00-04:00,302.04998779296875,302.04998779296875,302.35699462890625,301.82000732421875,302.260009765625,140616
2026-07-31 11:48:00-04:00,302.05999755859375,302.05999755859375,302.1499938964844,301.95001220703125,302.04998779296875,70853
2026-07-31 11:49:00-04:00,300.88580322265625,300.88580322265625,302.07000732421875,300.739990234375,302.0199890136719,603041
2026-07-31 11:50:00-04:00,300.7799987792969,300.7799987792969,300.8800048828125,300.3999938964844,300.864990234375,369526
2026-07-31 11:51:00-04:00,300.8349914550781,300.8349914550781,300.8399963378906,300.5199890136719,300.760009765625,173480
2026-07-31 11:52:00-04:00,300.9200134277344,300.9200134277344,301.0400085449219,300.760009765625,300.8399963378906,152510
2026-07-31 11:53:00-04:00,300.8399963378906,300.8399963378906,300.9599914550781,300.6400146484375,300.92498779296875,153073
2026-07-31 11:54:00-04:00,301.3999938964844,301.3999938964844,301.4219970703125,300.760009765625,300.82000732421875,124587
2026-07-31 11:55:00-04:00,301.25,301.25,301.42999267578125,300.8900146484375,301.3900146484375,190842
2026-07-31 11:56:00-04:00,301.385009765625,301.385009765625,301.54998779296875,301.1499938964844,301.27520751953125,175210
2026-07-31 11:57:00-04:00,301.5299987792969,301.5299987792969,301.5799865722656,301.135009765625,301.385009765625,113200
2026-07-31 11:58:00-04:00,301.5899963378906,301.5899963378906,301.7200012207031,301.45001220703125,301.5299987792969,115955
2026-07-31 11:59:00-04:00,301.2950134277344,301.2950134277344,301.6400146484375,301.2799987792969,301.5799865722656,471568
2026-07-31 12:00:00-04:00,301.1448059082031,301.1448059082031,301.3580017089844,300.8999938964844,301.2850036621094,138876
2026-07-31 12:01:00-04:00,301.2699890136719,301.2699890136719,301.33990478515625,301.0,301.1400146484375,165038
2026-07-31 12:02:00-04:00,301.5350036621094,301.5350036621094,301.59991455078125,301.20001220703125,301.2699890136719,147658
2026-07-31 12:03:00-04:00,301.33990478515625,301.33990478515625,301.55999755859375,301.2799987792969,301.5155944824219,112284
2026-07-31 12:04:00-04:00,301.3399963378906,301.3399963378906,301.3789978027344,301.19000244140625,301.32501220703125,111757
2026-07-31 12:05:00-04:00,301.19000244140625,301.19000244140625,301.45001220703125,301.17999267578125,301.3550109863281,104587
2026-07-31 12:06:00-04:00,301.25579833984375,301.25579833984375,301.29998779296875,301.1199951171875,301.18499755859375,67029
2026-07-31 12:07:00-04:00,301.1799011230469,301.1799011230469,301.2900085449219,301.1600036621094,301.260009765625,89869
2026-07-31 12:08:00-04:00,301.3399963378906,301.3399963378906,301.3800048828125,301.1499938964844,301.17999267578125,69707
2026-07-31 12:09:00-04:00,301.2300109863281,301.2300109863281,301.3699951171875,301.1600036621094,301.3599853515625,61393
2026-07-31 12:10:00-04:00,301.42999267578125,301.42999267578125,301.510009765625,301.19000244140625,301.2674865722656,74815
2026-07-31 12:11:00-04:00,301.635009765625,301.635009765625,301.6499938964844,301.3399963378906,301.43499755859375,76521
2026-07-31 12:12:00-04:00,301.7300109863281,301.7300109863281,301.8299865722656,301.489990234375,301.635009765625,101752
2026-07-31 12:13:00-04:00,301.8500061035156,301.8500061035156,301.9200134277344,301.68011474609375,301.70001220703125,102624
2026-07-31 12:14:00-04:00,302.114990234375,302.114990234375,302.1400146484375,301.75,301.8500061035156,136618
2026-07-31 12:15:00-04:00,302.0899963378906,302.0899963378906,302.3399963378906,302.0299987792969,302.1050109863281,132811
2026-07-31 12:16:00-04:00,302.0398864746094,302.0398864746094,302.1064147949219,301.8399963378906,302.0801086425781,132842
2026-07-31 12:17:00-04:00,301.8999938964844,301.8999938964844,302.03961181640625,301.7300109863281,302.0249938964844,141921
2026-07-31 12:18:00-04:00,301.489990234375,301.489990234375,301.94000244140625,301.36090087890625,301.94000244140625,284333
2026-07-31 12:19:00-04:00,301.1549987792969,301.1549987792969,301.5199890136719,301.1300048828125,301.510009765625,169347
2026-07-31 12:20:00-04:00,301.2799987792969,301.2799987792969,301.4700012207031,301.1400146484375,301.17498779296875,108957
2026-07-31 12:21:00-04:00,301.2950134277344,301.2950134277344,301.3900146484375,301.1600036621094,301.2799987792969,111508
2026-07-31 12:22:00-04:00,301.4397888183594,301.4397888183594,301.4397888183594,301.239990234375,301.2900085449219,136774
2026-07-31 12:23:00-04:00,301.4898986816406,301.4898986816406,301.614013671875,301.3299865722656,301.4200134277344,105188
2026-07-31 12:24:00-04:00,301.44500732421875,301.44500732421875,301.5849914550781,301.3599853515625,301.4898986816406,107492
2026-07-31 12:25:00-04:00,301.385009765625,301.385009765625,301.5799865722656,301.3500061035156,301.45001220703125,92743
2026-07-31 12:26:00-04:00,301.239990234375,301.239990234375,301.4399108886719,301.1600036621094,301.3900146484375,132644
2026-07-31 12:27:00-04:00,300.82000732421875,300.82000732421875,301.29998779296875,300.79998779296875,301.239990234375,200765
2026-07-31 12:28:00-04:00,300.9700012207031,300.9700012207031,301.0,300.7300109863281,300.8299865722656,137195
2026-07-31 12:29:00-04:00,300.5400085449219,300.5400085449219,300.9800109863281,300.4700012207031,300.9700012207031,199747
2026-07-31 12:30:00-04:00,300.3804931640625,300.3804931640625,300.67999267578125,300.1000061035156,300.55999755859375,297715
2026-07-31 12:31:00-04:00,300.4599914550781,300.4599914550781,300.54998779296875,300.2799987792969,300.3999938964844,205525
2026-07-31 12:32:00-04:00,300.0799865722656,300.0799865722656,300.46600341796875,300.010009765625,300.46600341796875,279913
2026-07-31 12:33:00-04:00,300.3450927734375,300.3450927734375,300.45001220703125,300.0,300.0799865722656,445989
2026-07-31 12:34:00-04:00,300.5350036621094,300.5350036621094,300.55999755859375,300.3299865722656,300.3349914550781,127501
2026-07-31 12:35:00-04:00,300.6899108886719,300.6899108886719,300.69000244140625,300.3500061035156,300.5199890136719,125136
2026-07-31 12:36:00-04:00,300.6600036621094,300.6600036621094,300.7090148925781,300.57501220703125,300.69000244140625,122646
2026-07-31 12:37:00-04:00,300.75,300.75,301.010009765625,300.57000732421875,300.6600036621094,155071
2026-07-31 12:38:00-04:00,300.54998779296875,300.54998779296875,300.760009765625,300.54998779296875,300.7200012207031,100355
2026-07-31 12:39:00-04:00,300.54998779296875,300.54998779296875,300.7099914550781,300.489990234375,300.54998779296875,142020
2026-07-31 12:40:00-04:00,300.889892578125,300.889892578125,300.8900146484375,300.4800109863281,300.54779052734375,142825
2026-07-31 12:41:00-04:00,300.82000732421875,300.82000732421875,300.9100036621094,300.6000061035156,300.8900146484375,110839
2026-07-31 12:42:00-04:00,300.7099914550781,300.7099914550781,300.9800109863281,300.69000244140625,300.79998779296875,158749
2026-07-31 12:43:00-04:00,300.3500061035156,300.3500061035156,300.79998779296875,300.2099914550781,300.7149963378906,259442
2026-07-31 12:44:00-04:00,300.364990234375,300.364990234375,300.42498779296875,300.2101135253906,300.3399963378906,148225
2026-07-31 12:45:00-04:00,300.4999084472656,300.4999084472656,300.4999084472656,300.2449951171875,300.3599853515625,124092
2026-07-31 12:46:00-04:00,300.6300048828125,300.6300048828125,300.67999267578125,300.4100036621094,300.5,96373
2026-07-31 12:47:00-04:00,301.04998779296875,301.04998779296875,301.0799865722656,300.42010498046875,300.6300048828125,133735
2026-07-31 12:48:00-04:00,301.010009765625,301.010009765625,301.1099853515625,300.8999938964844,301.04998779296875,120311
2026-07-31 12:49:00-04:00,300.7799987792969,300.7799987792969,301.0151062011719,300.6600036621094,301.0,84648
2026-07-31 12:50:00-04:00,300.760009765625,300.760009765625,300.82000732421875,300.57000732421875,300.7900085449219,93349
2026-07-31 12:51:00-04:00,301.0799865722656,301.0799865722656,301.0899963378906,300.7522888183594,300.7522888183594,127630
2026-07-31 12:52:00-04:00,301.260009765625,301.260009765625,301.32000732421875,301.0799865722656,301.0799865722656,154144
2026-07-31 12:53:00-04:00,301.3399963378906,301.3399963378906,301.54998779296875,301.2200012207031,301.239990234375,212673
2026-07-31 12:54:00-04:00,300.7200012207031,300.7200012207031,301.3699951171875,300.7149963378906,301.3399963378906,143146
2026-07-31 12:55:00-04:00,300.760009765625,300.760009765625,300.8900146484375,300.57000732421875,300.7300109863281,110134
2026-07-31 12:56:00-04:00,300.6899108886719,300.6899108886719,300.8599853515625,300.5849914550781,300.75,152201
2026-07-31 12:57:00-04:00,300.45989990234375,300.45989990234375,300.68670654296875,300.42010498046875,300.6700134277344,97575
2026-07-31 12:58:00-04:00,300.7063903808594,300.7063903808594,300.739501953125,300.3900146484375,300.45001220703125,133018
2026-07-31 12:59:00-04:00,300.8699951171875,300.8699951171875,300.9700012207031,300.69000244140625,300.69500732421875,97677
2026-07-31 13:00:00-04:00,300.9400939941406,300.9400939941406,301.0899963378906,300.8550109863281,300.8599853515625,94716
2026-07-31 13:01:00-04:00,301.1650085449219,301.1650085449219,301.243896484375,300.9549865722656,300.9549865722656,104970
2026-07-31 13:02:00-04:00,301.1766052246094,301.1766052246094,301.19000244140625,300.9800109863281,301.16009521484375,94557
2026-07-31 13:03:00-04:00,301.6099853515625,301.6099853515625,301.83428955078125,301.1650085449219,301.1650085449219,234745
2026-07-31 13:04:00-04:00,301.5849914550781,301.5849914550781,301.7453918457031,301.5350036621094,301.6189880371094,95204
2026-07-31 13:05:00-04:00,301.6698913574219,301.6698913574219,301.7799987792969,301.3800048828125,301.5899963378906,133984
2026-07-31 13:06:00-04:00,301.6050109863281,301.6050109863281,301.7200012207031,301.52020263671875,301.6700134277344,97953
2026-07-31 13:07:00-04:00,301.340087890625,301.340087890625,301.6199951171875,301.29998779296875,301.6050109863281,94184
2026-07-31 13:08:00-04:00,301.44000244140625,301.44000244140625,301.5,301.30999755859375,301.3500061035156,92764
2026-07-31 13:09:00-04:00,301.1709899902344,301.1709899902344,301.4700012207031,301.1499938964844,301.42999267578125,82667
2026-07-31 13:10:00-04:00,301.17498779296875,301.17498779296875,301.31500244140625,301.1099853515625,301.1700134277344,108588
2026-07-31 13:11:00-04:00,301.03900146484375,301.03900146484375,301.215087890625,300.96051025390625,301.1709899902344,113225
2026-07-31 13:12:00-04:00,301.1000061035156,301.1000061035156,301.1192932128906,300.9599914550781,301.0350036621094,84875
2026-07-31 13:13:00-04:00,301.05999755859375,301.05999755859375,301.1400146484375,301.0400085449219,301.1000061035156,78778
2026-07-31 13:14:00-04:00,301.5199890136719,301.5199890136719,301.6000061035156,301.0,301.05499267578125,113226
2026-07-31 13:15:00-04:00,301.6449890136719,301.6449890136719,301.70001220703125,301.5150146484375,301.5150146484375,119747
2026-07-31 13:16:00-04:00,301.7699890136719,301.7699890136719,301.82000732421875,301.6300048828125,301.6400146484375,116336
2026-07-31 13:17:00-04:00,301.2699890136719,301.2699890136719,301.7950134277344,301.2601013183594,301.7799987792969,146286
2026-07-31 13:18:00-04:00,301.5899963378906,301.5899963378906,301.625,301.20001220703125,301.2699890136719,143011
2026-07-31 13:19:00-04:00,301.57501220703125,301.57501220703125,301.69000244140625,301.5,301.6000061035156,84608
2026-07-31 13:20:00-04:00,301.5498962402344,301.5498962402344,301.6549987792969,301.5350036621094,301.5790100097656,101720
2026-07-31 13:21:00-04:00,301.3900146484375,301.3900146484375,301.57000732421875,301.3550109863281,301.54998779296875,111817
2026-07-31 13:22:00-04:00,301.2997131347656,301.2997131347656,301.5150146484375,301.2799987792969,301.3900146484375,94660
2026-07-31 13:23:00-04:00,301.45001220703125,301.45001220703125,301.5199890136719,301.25,301.2900085449219,95775
2026-07-31 13:24:00-04:00,301.3500061035156,301.3500061035156,301.5249938964844,301.340087890625,301.45001220703125,91045
2026-07-31 13:25:00-04:00,301.2590026855469,301.2590026855469,301.45001220703125,301.25,301.3399963378906,75578
2026-07-31 13:26:00-04:00,301.2799987792969,301.2799987792969,301.3399963378906,301.2499084472656,301.260009765625,56313
2026-07-31 13:27:00-04:00,301.04998779296875,301.04998779296875,301.33990478515625,301.0400085449219,301.2799987792969,74334
2026-07-31 13:28:00-04:00,301.1199951171875,301.1199951171875,301.22918701171875,301.0404968261719,301.0498962402344,74835
2026-07-31 13:29:00-04:00,301.20001220703125,301.20001220703125,301.3399963378906,301.05499267578125,301.1300048828125,100592
2026-07-31 13:30:00-04:00,301.2950134277344,301.2950134277344,301.32000732421875,301.1000061035156,301.20001220703125,88887
2026-07-31 13:31:00-04:00,301.4750061035156,301.4750061035156,301.510009765625,301.2900085449219,301.2998962402344,103249
2026-07-31 13:32:00-04:00,301.2500915527344,301.2500915527344,301.4800109863281,301.2203063964844,301.4750061035156,116997
2026-07-31 13:33:00-04:00,301.4880065917969,301.4880065917969,301.54998779296875,301.25,301.260009765625,96018
2026-07-31 13:34:00-04:00,301.468994140625,301.468994140625,301.57000732421875,301.42999267578125,301.4800109863281,84401
2026-07-31 13:35:00-04:00,301.54010009765625,301.54010009765625,301.6000061035156,301.42999267578125,301.4599914550781,81356
2026-07-31 13:36:00-04:00,301.4967956542969,301.4967956542969,301.7200012207031,301.4800109863281,301.5400085449219,94874
2026-07-31 13:37:00-04:00,301.4200134277344,301.4200134277344,301.5400085449219,301.3999938964844,301.4700012207031,83750
2026-07-31 13:38:00-04:00,301.4825134277344,301.4825134277344,301.4949951171875,301.2699890136719,301.44000244140625,93322
2026-07-31 13:39:00-04:00,301.3900146484375,301.3900146484375,301.5400085449219,301.3900146484375,301.4849853515625,60427
2026-07-31 13:40:00-04:00,301.5799865722656,301.5799865722656,301.6000061035156,301.3900146484375,301.3999938964844,66902
2026-07-31 13:41:00-04:00,301.510009765625,301.510009765625,301.5899963378906,301.4601135253906,301.5799865722656,84693
2026-07-31 13:42:00-04:00,301.42498779296875,301.42498779296875,301.5195007324219,301.4100036621094,301.510009765625,79318
2026-07-31 13:43:00-04:00,301.3550109863281,301.3550109863281,301.5849914550781,301.3500061035156,301.42498779296875,111478
2026-07-31 13:44:00-04:00,301.30499267578125,301.30499267578125,301.4200134277344,301.2900085449219,301.3501892089844,67481
2026-07-31 13:45:00-04:00,301.2099914550781,301.2099914550781,301.42999267578125,301.2099914550781,301.30499267578125,83969
2026-07-31 13:46:00-04:00,301.1798095703125,301.1798095703125,301.2900085449219,301.1499938964844,301.2049865722656,92681
2026-07-31 13:47:00-04:00,301.0849914550781,301.0849914550781,301.2279052734375,301.07000732421875,301.1600036621094,100163
2026-07-31 13:48:00-04:00,301.25909423828125,301.25909423828125,301.32000732421875,301.0600891113281,301.0799865722656,95843
2026-07-31 13:49:00-04:00,301.1600036621094,301.1600036621094,301.2699890136719,301.1600036621094,301.25,66902
2026-07-31 13:50:00-04:00,301.1600036621094,301.1600036621094,301.2200012207031,301.0899963378906,301.1698913574219,83394
2026-07-31 13:51:00-04:00,301.10101318359375,301.10101318359375,301.2650146484375,301.1000061035156,301.1697082519531,3113931
2026-07-31 13:52:00-04:00,301.1499938964844,301.1499938964844,301.2099914550781,301.0799865722656,301.1050109863281,87521
2026-07-31 13:53:00-04:00,300.614990234375,300.614990234375,301.1600036621094,300.614990234375,301.1401062011719,207455
2026-07-31 13:54:00-04:00,300.67999267578125,300.67999267578125,300.70001220703125,300.5350036621094,300.6099853515625,138785
2026-07-31 13:55:00-04:00,300.7900085449219,300.7900085449219,300.8599853515625,300.68499755859375,300.69000244140625,100105
2026-07-31 13:56:00-04:00,300.8479919433594,300.8479919433594,300.8699951171875,300.7522888183594,300.7900085449219,87000
2026-07-31 13:57:00-04:00,300.6650085449219,300.6650085449219,300.84979248046875,300.6199951171875,300.8450012207031,112771
2026-07-31 13:58:00-04:00,300.5899963378906,300.5899963378906,300.80499267578125,300.5849914550781,300.6650085449219,98137
2026-07-31 13:59:00-04:00,300.6400146484375,300.6400146484375,300.67999267578125,300.5,300.5799865722656,122991
2026-07-31 14:00:00-04:00,300.7900085449219,300.7900085449219,300.7900085449219,300.5950012207031,300.6400146484375,98818
2026-07-31 14:01:00-04:00,301.114990234375,301.114990234375,301.17999267578125,300.78009033203125,300.7900085449219,163199
2026-07-31 14:02:00-04:00,301.0849914550781,301.0849914550781,301.2900085449219,301.0799865722656,301.114990234375,129386
2026-07-31 14:03:00-04:00,301.0,301.0,301.135009765625,300.94500732421875,301.0899963378906,119067
2026-07-31 14:04:00-04:00,301.07501220703125,301.07501220703125,301.1700134277344,301.0000915527344,301.0050048828125,109386
2026-07-31 14:05:00-04:00,301.0509033203125,301.0509033203125,301.2250061035156,300.9949951171875,301.06500244140625,105761
2026-07-31 14:06:00-04:00,300.9649963378906,300.9649963378906,301.07000732421875,300.8800048828125,301.05999755859375,124145
2026-07-31 14:07:00-04:00,300.885009765625,300.885009765625,301.04998779296875,300.8800048828125,300.9501037597656,175481
2026-07-31 14:08:00-04:00,300.82000732421875,300.82000732421875,300.8999938964844,300.7850036621094,300.885009765625,131458
2026-07-31 14:09:00-04:00,300.9549865722656,300.9549865722656,300.9800109863281,300.69500732421875,300.81500244140625,191143
2026-07-31 14:10:00-04:00,301.1499938964844,301.1499938964844,301.25,300.94000244140625,300.9700012207031,125183
2026-07-31 14:11:00-04:00,301.30999755859375,301.30999755859375,301.3699951171875,301.1499938964844,301.1499938964844,131040
2026-07-31 14:12:00-04:00,301.489990234375,301.489990234375,301.5199890136719,301.29998779296875,301.30999755859375,124549
2026-07-31 14:13:00-04:00,301.82501220703125,301.82501220703125,301.8999938964844,301.45001220703125,301.4849853515625,267178
2026-07-31 14:14:00-04:00,301.9949951171875,301.9949951171875,302.0950012207031,301.82000732421875,301.8299865722656,197059
2026-07-31 14:15:00-04:00,301.8999938964844,301.8999938964844,302.0899963378906,301.8999938964844,302.0050048828125,138414
2026-07-31 14:16:00-04:00,301.864990234375,301.864990234375,301.9200134277344,301.8299865722656,301.8923034667969,79993
2026-07-31 14:17:00-04:00,301.860107421875,301.860107421875,301.87811279296875,301.6099853515625,301.8599853515625,100225
2026-07-31 14:18:00-04:00,301.875,301.875,301.94000244140625,301.7099914550781,301.8799133300781,103344
2026-07-31 14:19:00-04:00,302.0299987792969,302.0299987792969,302.04998779296875,301.7699890136719,301.8900146484375,68104
2026-07-31 14:20:00-04:00,302.0350036621094,302.0350036621094,302.1499938964844,302.0050048828125,302.0199890136719,107316
2026-07-31 14:21:00-04:00,302.0899963378906,302.0899963378906,302.1300048828125,301.9800109863281,302.0398864746094,102559
2026-07-31 14:22:00-04:00,302.04998779296875,302.04998779296875,302.1000061035156,301.9700012207031,302.0950012207031,93848
2026-07-31 14:23:00-04:00,302.1400146484375,302.1400146484375,302.2799987792969,302.0199890136719,302.04998779296875,113682
2026-07-31 14:24:00-04:00,302.3299865722656,302.3299865722656,302.4200134277344,302.114990234375,302.1400146484375,101311
2026-07-31 14:25:00-04:00,302.04998779296875,302.04998779296875,302.3599853515625,302.0400085449219,302.3399963378906,87800
2026-07-31 14:26:00-04:00,301.8450012207031,301.8450012207031,302.06689453125,301.8399963378906,302.06689453125,114834
2026-07-31 14:27:00-04:00,301.75,301.75,301.8500061035156,301.7349853515625,301.8399963378906,85664
2026-07-31 14:28:00-04:00,301.7799987792969,301.7799987792969,301.81500244140625,301.67999267578125,301.7099914550781,71133
2026-07-31 14:29:00-04:00,301.7300109863281,301.7300109863281,301.8900146484375,301.7001037597656,301.7850036621094,109778
2026-07-31 14:30:00-04:00,301.94000244140625,301.94000244140625,301.989990234375,301.7449951171875,301.760009765625,127582
2026-07-31 14:31:00-04:00,301.9100036621094,301.9100036621094,302.010009765625,301.75,301.92999267578125,103825
2026-07-31 14:32:00-04:00,301.9909973144531,301.9909973144531,302.0199890136719,301.852294921875,301.9200134277344,95738
2026-07-31 14:33:00-04:00,302.03009033203125,302.03009033203125,302.08990478515625,301.9599914550781,302.0,131259
2026-07-31 14:34:00-04:00,302.0610046386719,302.0610046386719,302.1600036621094,302.0150146484375,302.0350036621094,125633
2026-07-31 14:35:00-04:00,302.04998779296875,302.04998779296875,302.16009521484375,302.010009765625,302.06500244140625,107971
2026-07-31 14:36:00-04:00,302.1400146484375,302.1400146484375,302.1499938964844,302.0,302.0400085449219,87696
2026-07-31 14:37:00-04:00,301.8800048828125,301.8800048828125,302.1498107910156,301.8800048828125,302.1400146484375,110716
2026-07-31 14:38:00-04:00,301.95001220703125,301.95001220703125,301.9649963378906,301.8500061035156,301.875,97122
2026-07-31 14:39:00-04:00,302.0150146484375,302.0150146484375,302.04998779296875,301.9200134277344,301.94000244140625,68276
2026-07-31 14:40:00-04:00,302.0950012207031,302.0950012207031,302.17999267578125,301.9599914550781,302.0150146484375,109401
2026-07-31 14:41:00-04:00,302.0,302.0,302.1000061035156,301.9100036621094,302.0909118652344,85413
2026-07-31 14:42:00-04:00,302.0150146484375,302.0150146484375,302.1099853515625,301.8901062011719,302.0050048828125,142128
2026-07-31 14:43:00-04:00,302.1199951171875,302.1199951171875,302.17999267578125,301.9800109863281,302.0150146484375,123360
2026-07-31 14:44:00-04:00,302.3223876953125,302.3223876953125,302.3450012207031,302.1099853515625,302.1099853515625,146291
2026-07-31 14:45:00-04:00,302.4049987792969,302.4049987792969,302.5299987792969,302.30999755859375,302.31500244140625,150585
2026-07-31 14:46:00-04:00,302.2690124511719,302.2690124511719,302.44000244140625,302.04010009765625,302.4049987792969,208742
2026-07-31 14:47:00-04:00,302.32501220703125,302.32501220703125,302.44000244140625,302.25,302.25,94377
2026-07-31 14:48:00-04:00,302.2850036621094,302.2850036621094,302.385009765625,302.2799987792969,302.32501220703125,68430
2026-07-31 14:49:00-04:00,302.2950134277344,302.2950134277344,302.3399963378906,302.2500915527344,302.289794921875,93985
2026-07-31 14:50:00-04:00,302.2550048828125,302.2550048828125,302.29998779296875,302.239990234375,302.2950134277344,103002
2026-07-31 14:51:00-04:00,302.32501220703125,302.32501220703125,302.3999938964844,302.25,302.25,174826
2026-07-31 14:52:00-04:00,302.5299072265625,302.5299072265625,302.6000061035156,302.31500244140625,302.32501220703125,130044
2026-07-31 14:53:00-04:00,302.95001220703125,302.95001220703125,302.9599914550781,302.4700012207031,302.5199890136719,185099
2026-07-31 14:54:00-04:00,302.885009765625,302.885009765625,303.0,302.7900085449219,302.9549865722656,210354
2026-07-31 14:55:00-04:00,302.8999938964844,302.8999938964844,302.9446105957031,302.8299865722656,302.885009765625,124655
2026-07-31 14:56:00-04:00,302.8500061035156,302.8500061035156,302.92999267578125,302.7900085449219,302.9100036621094,113019
2026-07-31 14:57:00-04:00,302.8599853515625,302.8599853515625,302.9100036621094,302.8349914550781,302.8500061035156,98308
2026-07-31 14:58:00-04:00,302.57501220703125,302.57501220703125,302.8699951171875,302.460205078125,302.8609924316406,148482
2026-07-31 14:59:00-04:00,302.8299865722656,302.8299865722656,302.8599853515625,302.4200134277344,302.57501220703125,178485
2026-07-31 15:00:00-04:00,303.1300048828125,303.1300048828125,303.2300109863281,302.7799987792969,302.8399963378906,252173
2026-07-31 15:01:00-04:00,303.2898864746094,303.2898864746094,303.29998779296875,303.0799865722656,303.1400146484375,143109
2026-07-31 15:02:00-04:00,303.5199890136719,303.5199890136719,303.6199951171875,303.260009765625,303.2900085449219,222093
2026-07-31 15:03:00-04:00,303.4248962402344,303.4248962402344,303.6400146484375,303.40008544921875,303.510009765625,191090
2026-07-31 15:04:00-04:00,303.75,303.75,303.94000244140625,303.3999938964844,303.3999938964844,245713
2026-07-31 15:05:00-04:00,303.69000244140625,303.69000244140625,303.8800048828125,303.6499938964844,303.7550048828125,191298
2026-07-31 15:06:00-04:00,304.04998779296875,304.04998779296875,304.1400146484375,303.67999267578125,303.69000244140625,272650
2026-07-31 15:07:00-04:00,304.07000732421875,304.07000732421875,304.1700134277344,303.9305114746094,304.04998779296875,208922
2026-07-31 15:08:00-04:00,304.2850036621094,304.2850036621094,304.29998779296875,304.0199890136719,304.07501220703125,179942
2026-07-31 15:09:00-04:00,304.4150085449219,304.4150085449219,304.5299987792969,304.239990234375,304.2850036621094,409518
2026-07-31 15:10:00-04:00,304.64471435546875,304.64471435546875,304.8699951171875,304.3900146484375,304.4100036621094,279770
2026-07-31 15:11:00-04:00,304.63800048828125,304.63800048828125,304.75,304.5899963378906,304.6549987792969,232686
2026-07-31 15:12:00-04:00,304.4700012207031,304.4700012207031,304.6400146484375,304.3999938964844,304.6300048828125,230400
2026-07-31 15:13:00-04:00,304.75,304.75,304.760009765625,304.44500732421875,304.4700012207031,218729
2026-07-31 15:14:00-04:00,304.5799865722656,304.5799865722656,304.8399963378906,304.4700012207031,304.75799560546875,175887
2026-07-31 15:15:00-04:00,304.9700012207031,304.9700012207031,305.07000732421875,304.5299987792969,304.5849914550781,268564
2026-07-31 15:16:00-04:00,304.93499755859375,304.93499755859375,304.989990234375,304.739990234375,304.9800109863281,1350783
2026-07-31 15:17:00-04:00,305.5150146484375,305.5150146484375,305.7099914550781,304.92999267578125,304.92999267578125,308605
2026-07-31 15:18:00-04:00,305.1600036621094,305.1600036621094,305.5190124511719,305.1499938964844,305.510009765625,372034
2026-07-31 15:19:00-04:00,305.24200439453125,305.24200439453125,305.42999267578125,305.1400146484375,305.1510009765625,178858
2026-07-31 15:20:00-04:00,304.9200134277344,304.9200134277344,305.239990234375,304.635009765625,305.239990234375,287074
2026-07-31 15:21:00-04:00,305.0150146484375,305.0150146484375,305.1099853515625,304.7850036621094,304.9100036621094,227567
2026-07-31 15:22:00-04:00,304.94000244140625,304.94000244140625,305.04998779296875,304.8599853515625,305.0150146484375,224763
2026-07-31 15:23:00-04:00,305.20001220703125,305.20001220703125,305.2300109863281,304.93499755859375,304.93499755859375,183987
2026-07-31 15:24:00-04:00,305.3450012207031,305.3450012207031,305.39990234375,305.1700134277344,305.19500732421875,198407
2026-07-31 15:25:00-04:00,305.2200012207031,305.2200012207031,305.5199890136719,305.2200012207031,305.3450012207031,197286
2026-07-31 15:26:00-04:00,305.2619934082031,305.2619934082031,305.45001220703125,305.1400146484375,305.2200012207031,290451
2026-07-31 15:27:00-04:00,305.1549987792969,305.1549987792969,305.32000732421875,305.1099853515625,305.2650146484375,145062
2026-07-31 15:28:00-04:00,305.3550109863281,305.3550109863281,305.3800048828125,305.1400146484375,305.1549987792969,198320
2026-07-31 15:29:00-04:00,305.6549987792969,305.6549987792969,305.7049865722656,305.2900085449219,305.3550109863281,221418
2026-07-31 15:30:00-04:00,305.3800048828125,305.3800048828125,305.8399963378906,305.2799987792969,305.6600036621094,366369
2026-07-31 15:31:00-04:00,305.29998779296875,305.29998779296875,305.3800048828125,305.1050109863281,305.3800048828125,271376
2026-07-31 15:32:00-04:00,305.2449951171875,305.2449951171875,305.31500244140625,305.1099853515625,305.31500244140625,273516
2026-07-31 15:33:00-04:00,305.29998779296875,305.29998779296875,305.57000732421875,305.07000732421875,305.25,390630
2026-07-31 15:34:00-04:00,305.8599853515625,305.8599853515625,305.864990234375,305.2950134277344,305.29998779296875,377087
2026-07-31 15:35:00-04:00,306.125,306.125,306.20001220703125,305.7699890136719,305.8699951171875,359994
2026-07-31 15:36:00-04:00,306.15899658203125,306.15899658203125,306.4100036621094,306.0799865722656,306.1199951171875,278192
2026-07-31 15:37:00-04:00,305.9601135253906,305.9601135253906,306.1600036621094,305.8500061035156,306.1549987792969,263508
2026-07-31 15:38:00-04:00,305.864990234375,305.864990234375,306.08319091796875,305.8500061035156,305.9700012207031,209496
2026-07-31 15:39:00-04:00,305.1400146484375,305.1400146484375,305.8699951171875,305.0199890136719,305.85009765625,334159
2026-07-31 15:40:00-04:00,305.9190979003906,305.9190979003906,305.9599914550781,305.1099853515625,305.1400146484375,334913
2026-07-31 15:41:00-04:00,305.9100036621094,305.9100036621094,306.010009765625,305.8299865722656,305.9100036621094,280725
2026-07-31 15:42:00-04:00,306.19000244140625,306.19000244140625,306.2699890136719,305.9100036621094,305.9200134277344,369428
2026-07-31 15:43:00-04:00,306.30999755859375,306.30999755859375,306.49969482421875,306.1997985839844,306.20001220703125,352480
2026-07-31 15:44:00-04:00,306.5350036621094,306.5350036621094,306.6199951171875,306.239990234375,306.30999755859375,353353
2026-07-31 15:45:00-04:00,306.62969970703125,306.62969970703125,306.6300048828125,306.3999938964844,306.5400085449219,359258
2026-07-31 15:46:00-04:00,306.75,306.75,307.3299865722656,306.6199951171875,306.6199951171875,765716
2026-07-31 15:47:00-04:00,306.375,306.375,307.0899963378906,306.3599853515625,306.75,556159
2026-07-31 15:48:00-04:00,306.5150146484375,306.5150146484375,306.8299865722656,306.2900085449219,306.385009765625,437429
2026-07-31 15:49:00-04:00,306.7099914550781,306.7099914550781,306.739990234375,306.1300048828125,306.510009765625,477356
2026-07-31 15:50:00-04:00,307.4599914550781,307.4599914550781,308.3500061035156,306.67999267578125,306.69000244140625,1351695
2026-07-31 15:51:00-04:00,307.0350036621094,307.0350036621094,307.5299987792969,306.9100036621094,307.4750061035156,726662
2026-07-31 15:52:00-04:00,306.8349914550781,306.8349914550781,307.1400146484375,306.67999267578125,307.0400085449219,583348
2026-07-31 15:53:00-04:00,308.19000244140625,308.19000244140625,308.19000244140625,306.79998779296875,306.82000732421875,830038
2026-07-31 15:54:00-04:00,309.7200012207031,309.7200012207031,309.9999084472656,308.1499938964844,308.19000244140625,1607407
2026-07-31 15:55:00-04:00,308.1499938964844,308.1499938964844,309.7200012207031,307.6400146484375,309.7099914550781,1386786
2026-07-31 15:56:00-04:00,308.5050048828125,308.5050048828125,308.5199890136719,307.9800109863281,308.1650085449219,906089
2026-07-31 15:57:00-04:00,309.5950012207031,309.5950012207031,309.70001220703125,308.42999267578125,308.5199890136719,1221895
2026-07-31 15:58:00-04:00,309.6401062011719,309.6401062011719,310.0799865722656,309.0249938964844,309.5899963378906,2052730
2026-07-31 15:59:00-04:00,309.0299987792969,309.0299987792969,310.6600036621094,308.44000244140625,309.6499938964844,2565164
