Datetime,Adj Close,Close,High,Low,Open,Volume
2026-07-23 09:30:00-04:00,81.5199966430664,81.5199966430664,81.66999816894531,81.02999877929688,81.66999816894531,477413
2026-07-23 09:31:00-04:00,81.37000274658203,81.37000274658203,81.4749984741211,81.16000366210938,81.4749984741211,29453
2026-07-23 09:32:00-04:00,81.58499908447266,81.58499908447266,81.62000274658203,81.37000274658203,81.41000366210938,55675
2026-07-23 09:33:00-04:00,81.79000091552734,81.79000091552734,81.83999633789062,81.58499908447266,81.58499908447266,86558
2026-07-23 09:34:00-04:00,81.71499633789062,81.71499633789062,81.80999755859375,81.69000244140625,81.80999755859375,42544
2026-07-23 09:35:00-04:00,81.79000091552734,81.79000091552734,81.86900329589844,81.66999816894531,81.71499633789062,102183
2026-07-23 09:36:00-04:00,81.7249984741211,81.7249984741211,81.83999633789062,81.66999816894531,81.7750015258789,54152
2026-07-23 09:37:00-04:00,81.66000366210938,81.66000366210938,81.7249984741211,81.58000183105469,81.7249984741211,78832
2026-07-23 09:38:00-04:00,81.69000244140625,81.69000244140625,81.73999786376953,81.62999725341797,81.66999816894531,53874
2026-07-23 09:39:00-04:00,81.72000122070312,81.72000122070312,81.80000305175781,81.69000244140625,81.6978988647461,36591
2026-07-23 09:40:00-04:00,81.52999877929688,81.52999877929688,81.70999908447266,81.5199966430664,81.70999908447266,35791
2026-07-23 09:41:00-04:00,81.47000122070312,81.47000122070312,81.55000305175781,81.47000122070312,81.53500366210938,25058
2026-07-23 09:42:00-04:00,81.3949966430664,81.3949966430664,81.45999908447266,81.37999725341797,81.45999908447266,44604
2026-07-23 09:43:00-04:00,81.41999816894531,81.41999816894531,81.43000030517578,81.38999938964844,81.4000015258789,30899
2026-07-23 09:44:00-04:00,81.36000061035156,81.36000061035156,81.41999816894531,81.3499984741211,81.4000015258789,28865
2026-07-23 09:45:00-04:00,81.2300033569336,81.2300033569336,81.37999725341797,81.2300033569336,81.37999725341797,54171
2026-07-23 09:46:00-04:00,81.13999938964844,81.13999938964844,81.29450225830078,81.12999725341797,81.2300033569336,41679
2026-07-23 09:47:00-04:00,81.18000030517578,81.18000030517578,81.18000030517578,81.08999633789062,81.12999725341797,31804
2026-07-23 09:48:00-04:00,81.29000091552734,81.29000091552734,81.31999969482422,81.12000274658203,81.18000030517578,75114
2026-07-23 09:49:00-04:00,81.25,81.25,81.4000015258789,81.25,81.29000091552734,44394
2026-07-23 09:50:00-04:00,81.0199966430664,81.0199966430664,81.26000213623047,81.0,81.25499725341797,73703
2026-07-23 09:51:00-04:00,81.12999725341797,81.12999725341797,81.13999938964844,80.97000122070312,81.0199966430664,55006
2026-07-23 09:52:00-04:00,81.20999908447266,81.20999908447266,81.22000122070312,81.11000061035156,81.1500015258789,51859
2026-07-23 09:53:00-04:00,81.13999938964844,81.13999938964844,81.19999694824219,81.125,81.16999816894531,52382
2026-07-23 09:54:00-04:00,81.0999984741211,81.0999984741211,81.12999725341797,81.0801010131836,81.12999725341797,38423
2026-07-23 09:55:00-04:00,81.04000091552734,81.04000091552734,81.16000366210938,81.0199966430664,81.08999633789062,68300
2026-07-23 09:56:00-04:00,81.08999633789062,81.08999633789062,81.0999984741211,80.9800033569336,81.05999755859375,56648
2026-07-23 09:57:00-04:00,81.15499877929688,81.15499877929688,81.15889739990234,81.08499908447266,81.08499908447266,51843
2026-07-23 09:58:00-04:00,81.17500305175781,81.17500305175781,81.25499725341797,81.15499877929688,81.15499877929688,34479
2026-07-23 09:59:00-04:00,81.26000213623047,81.26000213623047,81.2699966430664,81.16000366210938,81.16999816894531,23288
2026-07-23 10:00:00-04:00,81.25,81.25,81.2750015258789,81.19999694824219,81.2699966430664,68602
2026-07-23 10:01:00-04:00,81.22000122070312,81.22000122070312,81.27999877929688,81.20999908447266,81.27999877929688,45006
2026-07-23 10:02:00-04:00,81.20999908447266,81.20999908447266,81.26730346679688,81.18270111083984,81.2300033569336,35477
2026-07-23 10:03:00-04:00,81.27999877929688,81.27999877929688,81.29000091552734,81.20020294189453,81.20999908447266,20605
2026-07-23 10:04:00-04:00,81.19000244140625,81.19000244140625,81.27999877929688,81.16999816894531,81.27999877929688,26321
2026-07-23 10:05:00-04:00,81.25,81.25,81.27999877929688,81.16999816894531,81.18499755859375,34727
2026-07-23 10:06:00-04:00,81.25,81.25,81.29000091552734,81.2301025390625,81.26000213623047,33860
2026-07-23 10:07:00-04:00,81.19499969482422,81.19499969482422,81.25,81.19000244140625,81.25,27262
2026-07-23 10:08:00-04:00,81.23999786376953,81.23999786376953,81.27999877929688,81.18000030517578,81.19999694824219,44769
2026-07-23 10:09:00-04:00,81.33999633789062,81.33999633789062,81.375,81.23999786376953,81.23999786376953,43671
2026-07-23 10:10:00-04:00,81.31999969482422,81.31999969482422,81.37000274658203,81.29000091552734,81.33000183105469,35184
2026-07-23 10:11:00-04:00,81.3499984741211,81.3499984741211,81.36000061035156,81.30999755859375,81.31999969482422,19944
2026-07-23 10:12:00-04:00,81.33999633789062,81.33999633789062,81.36499786376953,81.28500366210938,81.33999633789062,23247
2026-07-23 10:13:00-04:00,81.3499984741211,81.3499984741211,81.36000061035156,81.31500244140625,81.36000061035156,22863
2026-07-23 10:14:00-04:00,81.40950012207031,81.40950012207031,81.40950012207031,81.30999755859375,81.33999633789062,35643
2026-07-23 10:15:00-04:00,81.38999938964844,81.38999938964844,81.44499969482422,81.38999938964844,81.41000366210938,56143
2026-07-23 10:16:00-04:00,81.3499984741211,81.3499984741211,81.39790344238281,81.3499984741211,81.375,19667
2026-07-23 10:17:00-04:00,81.30999755859375,81.30999755859375,81.37000274658203,81.30999755859375,81.3499984741211,22839
2026-07-23 10:18:00-04:00,81.2699966430664,81.2699966430664,81.33000183105469,81.2699966430664,81.31999969482422,21846
2026-07-23 10:19:00-04:00,81.23999786376953,81.23999786376953,81.30000305175781,81.22000122070312,81.28009796142578,15719
2026-07-23 10:20:00-04:00,81.25,81.25,81.26000213623047,81.19999694824219,81.23999786376953,30025
2026-07-23 10:21:00-04:00,81.20999908447266,81.20999908447266,81.2699966430664,81.20999908447266,81.2699966430664,21371
2026-07-23 10:22:00-04:00,81.18000030517578,81.18000030517578,81.22000122070312,81.1500015258789,81.20999908447266,13839
2026-07-23 10:23:00-04:00,81.16500091552734,81.16500091552734,81.18499755859375,81.13999938964844,81.16999816894531,11511
2026-07-23 10:24:00-04:00,81.16000366210938,81.16000366210938,81.22000122070312,81.16000366210938,81.16500091552734,18339
2026-07-23 10:25:00-04:00,81.11000061035156,81.11000061035156,81.19000244140625,81.0999984741211,81.16999816894531,43293
2026-07-23 10:26:00-04:00,81.1449966430664,81.1449966430664,81.16000366210938,81.11000061035156,81.12000274658203,21350
2026-07-23 10:27:00-04:00,81.04000091552734,81.04000091552734,81.13999938964844,81.04000091552734,81.12999725341797,32237
2026-07-23 10:28:00-04:00,81.05999755859375,81.05999755859375,81.05999755859375,81.0199966430664,81.04000091552734,15294
2026-07-23 10:29:00-04:00,81.01010131835938,81.01010131835938,81.05000305175781,80.98999786376953,81.05000305175781,76869
2026-07-23 10:30:00-04:00,80.9800033569336,80.9800033569336,81.02999877929688,80.97000122070312,81.0199966430664,19921
2026-07-23 10:31:00-04:00,80.91000366210938,80.91000366210938,81.01000213623047,80.87999725341797,80.9800033569336,60383
2026-07-23 10:32:00-04:00,81.0199966430664,81.0199966430664,81.02999877929688,80.8949966430664,80.8949966430664,80458
2026-07-23 10:33:00-04:00,81.19000244140625,81.19000244140625,81.19000244140625,81.00499725341797,81.00499725341797,51214
2026-07-23 10:34:00-04:00,81.16999816894531,81.16999816894531,81.19999694824219,81.13999938964844,81.17500305175781,16295
2026-07-23 10:35:00-04:00,81.20500183105469,81.20500183105469,81.2300033569336,81.19000244140625,81.19000244140625,20894
2026-07-23 10:36:00-04:00,81.20999908447266,81.20999908447266,81.23999786376953,81.19499969482422,81.19999694824219,15103
2026-07-23 10:37:00-04:00,81.16000366210938,81.16000366210938,81.20999908447266,81.13999938964844,81.19999694824219,22047
2026-07-23 10:38:00-04:00,81.26000213623047,81.26000213623047,81.27999877929688,81.16999816894531,81.16999816894531,11430
2026-07-23 10:39:00-04:00,81.23999786376953,81.23999786376953,81.2750015258789,81.23999786376953,81.25499725341797,22991
2026-07-23 10:40:00-04:00,81.30500030517578,81.30500030517578,81.33000183105469,81.23999786376953,81.25830078125,25387
2026-07-23 10:41:00-04:00,81.4000015258789,81.4000015258789,81.40499877929688,81.30000305175781,81.31999969482422,11481
2026-07-23 10:42:00-04:00,81.41000366210938,81.41000366210938,81.41999816894531,81.37999725341797,81.4000015258789,15060
2026-07-23 10:43:00-04:00,81.45999908447266,81.45999908447266,81.47000122070312,81.41000366210938,81.41000366210938,15162
2026-07-23 10:44:00-04:00,81.47000122070312,81.47000122070312,81.47000122070312,81.41999816894531,81.44000244140625,12785
2026-07-23 10:45:00-04:00,81.47000122070312,81.47000122070312,81.51000213623047,81.44999694824219,81.4749984741211,15659
2026-07-23 10:46:00-04:00,81.4749984741211,81.4749984741211,81.48999786376953,81.44499969482422,81.47000122070312,13720
2026-07-23 10:47:00-04:00,81.48999786376953,81.48999786376953,81.53739929199219,81.45999908447266,81.45999908447266,12717
2026-07-23 10:48:00-04:00,81.5,81.5,81.54000091552734,81.48999786376953,81.51000213623047,13174
2026-07-23 10:49:00-04:00,81.44000244140625,81.44000244140625,81.51000213623047,81.44000244140625,81.51000213623047,15363
2026-07-23 10:50:00-04:00,81.47000122070312,81.47000122070312,81.48999786376953,81.41000366210938,81.44000244140625,40569
2026-07-23 10:51:00-04:00,81.55000305175781,81.55000305175781,81.55000305175781,81.44999694824219,81.4800033569336,28321
2026-07-23 10:52:00-04:00,81.52999877929688,81.52999877929688,81.58999633789062,81.52999877929688,81.55000305175781,18375
2026-07-23 10:53:00-04:00,81.59500122070312,81.59500122070312,81.59500122070312,81.52999877929688,81.53990173339844,14891
2026-07-23 10:54:00-04:00,81.6500015258789,81.6500015258789,81.66000366210938,81.59500122070312,81.59500122070312,27207
2026-07-23 10:55:00-04:00,81.61499786376953,81.61499786376953,81.65499877929688,81.58000183105469,81.6500015258789,24082
2026-07-23 10:56:00-04:00,81.54000091552734,81.54000091552734,81.63999938964844,81.54000091552734,81.61499786376953,32529
2026-07-23 10:57:00-04:00,81.55999755859375,81.55999755859375,81.58499908447266,81.5248031616211,81.54000091552734,26109
2026-07-23 10:58:00-04:00,81.62000274658203,81.62000274658203,81.62999725341797,81.55999755859375,81.56500244140625,24204
2026-07-23 10:59:00-04:00,81.62000274658203,81.62000274658203,81.62999725341797,81.58999633789062,81.625,23616
2026-07-23 11:00:00-04:00,81.62999725341797,81.62999725341797,81.6760025024414,81.61000061035156,81.61000061035156,21348
2026-07-23 11:01:00-04:00,81.61000061035156,81.61000061035156,81.65499877929688,81.61000061035156,81.63999938964844,9833
2026-07-23 11:02:00-04:00,81.59500122070312,81.59500122070312,81.61000061035156,81.56500244140625,81.61000061035156,20896
2026-07-23 11:03:00-04:00,81.58989715576172,81.58989715576172,81.62000274658203,81.58000183105469,81.59010314941406,23520
2026-07-23 11:04:00-04:00,81.63500213623047,81.63500213623047,81.63500213623047,81.58499908447266,81.58499908447266,24097
2026-07-23 11:05:00-04:00,81.6500015258789,81.6500015258789,81.67500305175781,81.625,81.62999725341797,21247
2026-07-23 11:06:00-04:00,81.55000305175781,81.55000305175781,81.66999816894531,81.55000305175781,81.6500015258789,16490
2026-07-23 11:07:00-04:00,81.6050033569336,81.6050033569336,81.61000061035156,81.55000305175781,81.55999755859375,20223
2026-07-23 11:08:00-04:00,81.62999725341797,81.62999725341797,81.65499877929688,81.6050033569336,81.6050033569336,20906
2026-07-23 11:09:00-04:00,81.61000061035156,81.61000061035156,81.63500213623047,81.58999633789062,81.62999725341797,17274
2026-07-23 11:10:00-04:00,81.59249877929688,81.59249877929688,81.61000061035156,81.58000183105469,81.5999984741211,20631
2026-07-23 11:11:00-04:00,81.62000274658203,81.62000274658203,81.62000274658203,81.58999633789062,81.61990356445312,14787
2026-07-23 11:12:00-04:00,81.58000183105469,81.58000183105469,81.6500015258789,81.58000183105469,81.625,21285
2026-07-23 11:13:00-04:00,81.61869812011719,81.61869812011719,81.61869812011719,81.55500030517578,81.56999969482422,32096
2026-07-23 11:14:00-04:00,81.62999725341797,81.62999725341797,81.66000366210938,81.60320281982422,81.61499786376953,12931
2026-07-23 11:15:00-04:00,81.56999969482422,81.56999969482422,81.62999725341797,81.56999969482422,81.62999725341797,18842
2026-07-23 11:16:00-04:00,81.62999725341797,81.62999725341797,81.62999725341797,81.55000305175781,81.55999755859375,36463
2026-07-23 11:17:00-04:00,81.58999633789062,81.58999633789062,81.625,81.56999969482422,81.625,18856
2026-07-23 11:18:00-04:00,81.56500244140625,81.56500244140625,81.5999984741211,81.56500244140625,81.58000183105469,13349
2026-07-23 11:19:00-04:00,81.55999755859375,81.55999755859375,81.5999984741211,81.54000091552734,81.55000305175781,21597
2026-07-23 11:20:00-04:00,81.56500244140625,81.56500244140625,81.58499908447266,81.53500366210938,81.56500244140625,19929
2026-07-23 11:21:00-04:00,81.5999984741211,81.5999984741211,81.62000274658203,81.55500030517578,81.56500244140625,17897
2026-07-23 11:22:00-04:00,81.57499694824219,81.57499694824219,81.65899658203125,81.57499694824219,81.60810089111328,65202
2026-07-23 11:23:00-04:00,81.56500244140625,81.56500244140625,81.58999633789062,81.55500030517578,81.56999969482422,14048
2026-07-23 11:24:00-04:00,81.55000305175781,81.55000305175781,81.58000183105469,81.55000305175781,81.55999755859375,12141
2026-07-23 11:25:00-04:00,81.55999755859375,81.55999755859375,81.56749725341797,81.54000091552734,81.55999755859375,22396
2026-07-23 11:26:00-04:00,81.58499908447266,81.58499908447266,81.59500122070312,81.55999755859375,81.55999755859375,32523
2026-07-23 11:27:00-04:00,81.56500244140625,81.56500244140625,81.58999633789062,81.55000305175781,81.58499908447266,13088
2026-07-23 11:28:00-04:00,81.55999755859375,81.55999755859375,81.58499908447266,81.54000091552734,81.56999969482422,22311
2026-07-23 11:29:00-04:00,81.5,81.5,81.55999755859375,81.5,81.55000305175781,13344
2026-07-23 11:30:00-04:00,81.4800033569336,81.4800033569336,81.5,81.47000122070312,81.48999786376953,23834
2026-07-23 11:31:00-04:00,81.45999908447266,81.45999908447266,81.5199966430664,81.45999908447266,81.48999786376953,21624
2026-07-23 11:32:00-04:00,81.45999908447266,81.45999908447266,81.46499633789062,81.41999816894531,81.45999908447266,18532
2026-07-23 11:33:00-04:00,81.48999786376953,81.48999786376953,81.5,81.44999694824219,81.44999694824219,19481
2026-07-23 11:34:00-04:00,81.56999969482422,81.56999969482422,81.56999969482422,81.4749984741211,81.5,42966
2026-07-23 11:35:00-04:00,81.52999877929688,81.52999877929688,81.58499908447266,81.51499938964844,81.58000183105469,14749
2026-07-23 11:36:00-04:00,81.5199966430664,81.5199966430664,81.54000091552734,81.51000213623047,81.54000091552734,12510
2026-07-23 11:37:00-04:00,81.56999969482422,81.56999969482422,81.57499694824219,81.5199966430664,81.52999877929688,32857
2026-07-23 11:38:00-04:00,81.56999969482422,81.56999969482422,81.58000183105469,81.55999755859375,81.57499694824219,12835
2026-07-23 11:39:00-04:00,81.58499908447266,81.58499908447266,81.5999984741211,81.55999755859375,81.56999969482422,15450
2026-07-23 11:40:00-04:00,81.58999633789062,81.58999633789062,81.5999984741211,81.56999969482422,81.56999969482422,12078
2026-07-23 11:41:00-04:00,81.625,81.625,81.625,81.55999755859375,81.58999633789062,38300
2026-07-23 11:42:00-04:00,81.5999984741211,81.5999984741211,81.62000274658203,81.58000183105469,81.62000274658203,12907
2026-07-23 11:43:00-04:00,81.63500213623047,81.63500213623047,81.6500015258789,81.59719848632812,81.59719848632812,19908
2026-07-23 11:44:00-04:00,81.63050079345703,81.63050079345703,81.63999938964844,81.62000274658203,81.63500213623047,21283
2026-07-23 11:45:00-04:00,81.63999938964844,81.63999938964844,81.6449966430664,81.625,81.63500213623047,12287
2026-07-23 11:46:00-04:00,81.62999725341797,81.62999725341797,81.66000366210938,81.625,81.63999938964844,26936
2026-07-23 11:47:00-04:00,81.68009948730469,81.68009948730469,81.68499755859375,81.62000274658203,81.62000274658203,20920
2026-07-23 11:48:00-04:00,81.63999938964844,81.63999938964844,81.68499755859375,81.62999725341797,81.68499755859375,21216
2026-07-23 11:49:00-04:00,81.58000183105469,81.58000183105469,81.63999938964844,81.58000183105469,81.62999725341797,21354
2026-07-23 11:50:00-04:00,81.527099609375,81.527099609375,81.57759857177734,81.527099609375,81.57499694824219,24011
2026-07-23 11:51:00-04:00,81.51499938964844,81.51499938964844,81.5199966430664,81.4749984741211,81.51000213623047,18348
2026-07-23 11:52:00-04:00,81.51470184326172,81.51470184326172,81.51499938964844,81.47000122070312,81.51000213623047,17428
2026-07-23 11:53:00-04:00,81.48999786376953,81.48999786376953,81.5199966430664,81.4749984741211,81.5199966430664,11500
2026-07-23 11:54:00-04:00,81.48999786376953,81.48999786376953,81.5199966430664,81.45999908447266,81.4800033569336,31574
2026-07-23 11:55:00-04:00,81.41000366210938,81.41000366210938,81.51940155029297,81.41000366210938,81.48999786376953,8619
2026-07-23 11:56:00-04:00,81.44000244140625,81.44000244140625,81.44000244140625,81.38999938964844,81.41000366210938,27496
2026-07-23 11:57:00-04:00,81.36000061035156,81.36000061035156,81.44000244140625,81.36000061035156,81.44000244140625,32590
2026-07-23 11:58:00-04:00,81.375,81.375,81.4000015258789,81.33999633789062,81.37000274658203,85673
2026-07-23 11:59:00-04:00,81.3949966430664,81.3949966430664,81.41000366210938,81.37999725341797,81.37999725341797,36875
2026-07-23 12:00:00-04:00,81.29000091552734,81.29000091552734,81.38999938964844,81.29000091552734,81.38999938964844,19676
2026-07-23 12:01:00-04:00,81.23999786376953,81.23999786376953,81.29979705810547,81.22000122070312,81.29979705810547,27756
2026-07-23 12:02:00-04:00,81.20500183105469,81.20500183105469,81.23999786376953,81.19000244140625,81.23999786376953,17869
2026-07-23 12:03:00-04:00,81.15499877929688,81.15499877929688,81.20999908447266,81.1500015258789,81.20999908447266,17671
2026-07-23 12:04:00-04:00,81.16000366210938,81.16000366210938,81.16000366210938,81.13500213623047,81.15499877929688,20787
2026-07-23 12:05:00-04:00,81.2300033569336,81.2300033569336,81.23999786376953,81.16999816894531,81.16999816894531,54201
2026-07-23 12:06:00-04:00,81.25499725341797,81.25499725341797,81.2699966430664,81.2300033569336,81.2300033569336,14545
2026-07-23 12:07:00-04:00,81.19000244140625,81.19000244140625,81.2699966430664,81.19000244140625,81.25499725341797,37251
2026-07-23 12:08:00-04:00,81.20999908447266,81.20999908447266,81.21499633789062,81.18000030517578,81.19000244140625,16221
2026-07-23 12:09:00-04:00,81.27999877929688,81.27999877929688,81.29000091552734,81.19999694824219,81.20999908447266,61971
2026-07-23 12:10:00-04:00,81.22000122070312,81.22000122070312,81.27999877929688,81.20999908447266,81.27999877929688,25116
2026-07-23 12:11:00-04:00,81.18499755859375,81.18499755859375,81.2300033569336,81.16000366210938,81.22000122070312,22164
2026-07-23 12:12:00-04:00,81.12860107421875,81.12860107421875,81.19499969482422,81.11000061035156,81.19000244140625,27974
2026-07-23 12:13:00-04:00,81.0999984741211,81.0999984741211,81.12000274658203,81.0999984741211,81.12000274658203,25866
2026-07-23 12:14:00-04:00,81.0999984741211,81.0999984741211,81.11000061035156,81.08999633789062,81.0999984741211,14601
2026-07-23 12:15:00-04:00,81.08999633789062,81.08999633789062,81.11000061035156,81.05999755859375,81.11000061035156,19892
2026-07-23 12:16:00-04:00,81.13500213623047,81.13500213623047,81.13500213623047,81.08000183105469,81.08000183105469,18017
2026-07-23 12:17:00-04:00,81.11000061035156,81.11000061035156,81.13999938964844,81.08999633789062,81.12999725341797,9181
2026-07-23 12:18:00-04:00,81.05000305175781,81.05000305175781,81.12999725341797,81.04000091552734,81.11000061035156,24167
2026-07-23 12:19:00-04:00,81.01000213623047,81.01000213623047,81.06999969482422,81.01000213623047,81.05999755859375,20924
2026-07-23 12:20:00-04:00,81.01000213623047,81.01000213623047,81.02999877929688,81.0,81.01000213623047,18108
2026-07-23 12:21:00-04:00,81.02999877929688,81.02999877929688,81.04000091552734,81.01000213623047,81.01000213623047,11365
2026-07-23 12:22:00-04:00,81.0199966430664,81.0199966430664,81.03500366210938,81.01000213623047,81.02999877929688,12316
2026-07-23 12:23:00-04:00,80.9800033569336,80.9800033569336,81.0250015258789,80.96499633789062,81.0250015258789,28911
2026-07-23 12:24:00-04:00,81.01499938964844,81.01499938964844,81.0199966430664,80.9800033569336,80.98500061035156,20234
2026-07-23 12:25:00-04:00,80.97000122070312,80.97000122070312,81.04000091552734,80.97000122070312,81.02999877929688,14226
2026-07-23 12:26:00-04:00,80.9749984741211,80.9749984741211,81.0,80.95999908447266,80.9800033569336,11261
2026-07-23 12:27:00-04:00,80.94999694824219,80.94999694824219,80.98999786376953,80.94999694824219,80.9749984741211,16994
2026-07-23 12:28:00-04:00,80.97000122070312,80.97000122070312,80.9800033569336,80.94999694824219,80.94999694824219,12266
2026-07-23 12:29:00-04:00,80.97000122070312,80.97000122070312,80.9800033569336,80.95500183105469,80.9749984741211,21221
2026-07-23 12:30:00-04:00,81.05500030517578,81.05500030517578,81.05999755859375,80.95999908447266,80.95999908447266,20122
2026-07-23 12:31:00-04:00,81.02999877929688,81.02999877929688,81.08000183105469,81.02999877929688,81.05010223388672,16209
2026-07-23 12:32:00-04:00,81.02999877929688,81.02999877929688,81.03500366210938,81.01000213623047,81.02999877929688,10431
2026-07-23 12:33:00-04:00,81.03500366210938,81.03500366210938,81.03500366210938,81.01000213623047,81.02999877929688,10646
2026-07-23 12:34:00-04:00,81.03500366210938,81.03500366210938,81.04989624023438,81.02999877929688,81.02999877929688,7558
2026-07-23 12:35:00-04:00,81.0199966430664,81.0199966430664,81.04000091552734,81.0,81.03399658203125,15315
2026-07-23 12:36:00-04:00,81.02980041503906,81.02980041503906,81.04000091552734,81.0199966430664,81.0250015258789,16599
2026-07-23 12:37:00-04:00,81.01499938964844,81.01499938964844,81.02999877929688,81.01499938964844,81.0250015258789,11618
2026-07-23 12:38:00-04:00,81.04000091552734,81.04000091552734,81.04499816894531,81.01000213623047,81.01000213623047,12465
2026-07-23 12:39:00-04:00,81.04000091552734,81.04000091552734,81.05999755859375,81.0250015258789,81.04499816894531,11656
2026-07-23 12:40:00-04:00,81.05000305175781,81.05000305175781,81.07499694824219,81.04000091552734,81.04000091552734,10084
2026-07-23 12:41:00-04:00,81.10009765625,81.10009765625,81.10009765625,81.05999755859375,81.05999755859375,11515
2026-07-23 12:42:00-04:00,81.06999969482422,81.06999969482422,81.0999984741211,81.05509948730469,81.0999984741211,12260
2026-07-23 12:43:00-04:00,81.0250015258789,81.0250015258789,81.08000183105469,81.01000213623047,81.06999969482422,18789
2026-07-23 12:44:00-04:00,81.05000305175781,81.05000305175781,81.05000305175781,81.01000213623047,81.0250015258789,21181
2026-07-23 12:45:00-04:00,81.05999755859375,81.05999755859375,81.1050033569336,81.0199966430664,81.04499816894531,33948
2026-07-23 12:46:00-04:00,81.06999969482422,81.06999969482422,81.08000183105469,81.05000305175781,81.05500030517578,10150
2026-07-23 12:47:00-04:00,81.01000213623047,81.01000213623047,81.07499694824219,81.01000213623047,81.07499694824219,12819
2026-07-23 12:48:00-04:00,80.9749984741211,80.9749984741211,81.0199966430664,80.9749984741211,81.01000213623047,11471
2026-07-23 12:49:00-04:00,80.97000122070312,80.97000122070312,80.9749984741211,80.94000244140625,80.9749984741211,15395
2026-07-23 12:50:00-04:00,81.0000991821289,81.0000991821289,81.01000213623047,80.97000122070312,80.9749984741211,13044
2026-07-23 12:51:00-04:00,81.01000213623047,81.01000213623047,81.02999877929688,80.99500274658203,81.01000213623047,30796
2026-07-23 12:52:00-04:00,81.0,81.0,81.02999877929688,80.9800033569336,81.01499938964844,10370
2026-07-23 12:53:00-04:00,81.04000091552734,81.04000091552734,81.04499816894531,81.00499725341797,81.00499725341797,15752
2026-07-23 12:54:00-04:00,81.08000183105469,81.08000183105469,81.08000183105469,81.02999877929688,81.04049682617188,7523
2026-07-23 12:55:00-04:00,81.05989837646484,81.05989837646484,81.08499908447266,81.04000091552734,81.08499908447266,8650
2026-07-23 12:56:00-04:00,81.04000091552734,81.04000091552734,81.05000305175781,81.02999877929688,81.04509735107422,8390
2026-07-23 12:57:00-04:00,81.0250015258789,81.0250015258789,81.04000091552734,81.0199966430664,81.04000091552734,8687
2026-07-23 12:58:00-04:00,81.03399658203125,81.03399658203125,81.04000091552734,81.00357818603516,81.02999877929688,13436
2026-07-23 12:59:00-04:00,81.05000305175781,81.05000305175781,81.05999755859375,81.01499938964844,81.02999877929688,8297
2026-07-23 13:00:00-04:00,81.02999877929688,81.02999877929688,81.06999969482422,81.02010345458984,81.05000305175781,8926
2026-07-23 13:01:00-04:00,81.04000091552734,81.04000091552734,81.04499816894531,81.0199966430664,81.02999877929688,10878
2026-07-23 13:02:00-04:00,81.05000305175781,81.05000305175781,81.05000305175781,81.02999877929688,81.02999877929688,8038
2026-07-23 13:03:00-04:00,81.01499938964844,81.01499938964844,81.05500030517578,81.01000213623047,81.05000305175781,24904
2026-07-23 13:04:00-04:00,81.05000305175781,81.05000305175781,81.05500030517578,81.01499938964844,81.01499938964844,9261
2026-07-23 13:05:00-04:00,81.05999755859375,81.05999755859375,81.08000183105469,81.05000305175781,81.05000305175781,15379
2026-07-23 13:06:00-04:00,81.05000305175781,81.05000305175781,81.05000305175781,81.0199966430664,81.04000091552734,8329
2026-07-23 13:07:00-04:00,81.02999877929688,81.02999877929688,81.05500030517578,81.02050018310547,81.05000305175781,6094
2026-07-23 13:08:00-04:00,81.02999877929688,81.02999877929688,81.03510284423828,81.0199966430664,81.03500366210938,8037
2026-07-23 13:09:00-04:00,81.0199966430664,81.0199966430664,81.03500366210938,81.01499938964844,81.02999877929688,5966
2026-07-23 13:10:00-04:00,81.06500244140625,81.06500244140625,81.06999969482422,81.01499938964844,81.01499938964844,14743
2026-07-23 13:11:00-04:00,81.05500030517578,81.05500030517578,81.06500244140625,81.05500030517578,81.06500244140625,7498
2026-07-23 13:12:00-04:00,81.0459976196289,81.0459976196289,81.05999755859375,81.04000091552734,81.05999755859375,20364
2026-07-23 13:13:00-04:00,81.0250015258789,81.0250015258789,81.04499816894531,81.0199966430664,81.04499816894531,9837
2026-07-23 13:14:00-04:00,81.00499725341797,81.00499725341797,81.04000091552734,81.00499725341797,81.0250015258789,7068
2026-07-23 13:15:00-04:00,80.9800033569336,80.9800033569336,81.00360107421875,80.96399688720703,81.00360107421875,8648
2026-07-23 13:16:00-04:00,80.99500274658203,80.99500274658203,81.0,80.97000122070312,80.9749984741211,11722
2026-07-23 13:17:00-04:00,80.9800033569336,80.9800033569336,81.0250015258789,80.9800033569336,81.0,11118
2026-07-23 13:18:00-04:00,80.91000366210938,80.91000366210938,80.97000122070312,80.90499877929688,80.97000122070312,100519
2026-07-23 13:19:00-04:00,80.98899841308594,80.98899841308594,80.98899841308594,80.91000366210938,80.91000366210938,9514
2026-07-23 13:20:00-04:00,80.95999908447266,80.95999908447266,80.98500061035156,80.94499969482422,80.98500061035156,8217
2026-07-23 13:21:00-04:00,81.0,81.0,81.0,80.96499633789062,80.96499633789062,5979
2026-07-23 13:22:00-04:00,81.01000213623047,81.01000213623047,81.01000213623047,80.98999786376953,81.0,7706
2026-07-23 13:23:00-04:00,80.96499633789062,80.96499633789062,81.0188980102539,80.96499633789062,81.0188980102539,7348
2026-07-23 13:24:00-04:00,80.95819854736328,80.95819854736328,80.97000122070312,80.94200134277344,80.97000122070312,4371
2026-07-23 13:25:00-04:00,80.95999908447266,80.95999908447266,80.96499633789062,80.94000244140625,80.95500183105469,7714
2026-07-23 13:26:00-04:00,80.9749984741211,80.9749984741211,80.98500061035156,80.94999694824219,80.94999694824219,13893
2026-07-23 13:27:00-04:00,81.0,81.0,81.01000213623047,80.95999908447266,80.97000122070312,19810
2026-07-23 13:28:00-04:00,81.00499725341797,81.00499725341797,81.00499725341797,80.9801025390625,80.9999008178711,6561
2026-07-23 13:29:00-04:00,80.99500274658203,80.99500274658203,81.0,80.98500061035156,81.0,7028
2026-07-23 13:30:00-04:00,80.9666976928711,80.9666976928711,81.0199966430664,80.96379852294922,81.0,14611
2026-07-23 13:31:00-04:00,80.97000122070312,80.97000122070312,81.0,80.96499633789062,80.96990203857422,12678
2026-07-23 13:32:00-04:00,80.99500274658203,80.99500274658203,80.99500274658203,80.97000122070312,80.97000122070312,10023
2026-07-23 13:33:00-04:00,81.00499725341797,81.00499725341797,81.0199966430664,80.99500274658203,80.99500274658203,11344
2026-07-23 13:34:00-04:00,80.9749984741211,80.9749984741211,81.00499725341797,80.97000122070312,81.0,6836
2026-07-23 13:35:00-04:00,81.00499725341797,81.00499725341797,81.00499725341797,80.96499633789062,80.9749984741211,9304
2026-07-23 13:36:00-04:00,81.0199966430664,81.0199966430664,81.0199966430664,80.99832153320312,81.0,8404
2026-07-23 13:37:00-04:00,81.01499938964844,81.01499938964844,81.03099822998047,81.0115966796875,81.02999877929688,7520
2026-07-23 13:38:00-04:00,81.05500030517578,81.05500030517578,81.06500244140625,81.0199966430664,81.0199966430664,11222
2026-07-23 13:39:00-04:00,81.01499938964844,81.01499938964844,81.05500030517578,81.0,81.05500030517578,10882
2026-07-23 13:40:00-04:00,81.02999877929688,81.02999877929688,81.02999877929688,81.002197265625,81.01499938964844,7351
2026-07-23 13:41:00-04:00,81.01000213623047,81.01000213623047,81.03500366210938,81.01000213623047,81.0250015258789,7255
2026-07-23 13:42:00-04:00,80.96499633789062,80.96499633789062,81.01000213623047,80.96499633789062,81.01000213623047,11376
2026-07-23 13:43:00-04:00,80.9749984741211,80.9749984741211,80.9800033569336,80.95999908447266,80.96499633789062,9002
2026-07-23 13:44:00-04:00,80.99500274658203,80.99500274658203,81.00499725341797,80.97000122070312,80.9749984741211,7877
2026-07-23 13:45:00-04:00,81.01499938964844,81.01499938964844,81.01499938964844,81.00499725341797,81.00499725341797,6697
2026-07-23 13:46:00-04:00,81.05000305175781,81.05000305175781,81.05999755859375,81.01180267333984,81.01180267333984,10743
2026-07-23 13:47:00-04:00,81.05500030517578,81.05500030517578,81.05999755859375,81.04000091552734,81.05000305175781,6260
2026-07-23 13:48:00-04:00,81.08499908447266,81.08499908447266,81.08999633789062,81.03500366210938,81.05500030517578,10947
2026-07-23 13:49:00-04:00,81.06999969482422,81.06999969482422,81.09500122070312,81.05999755859375,81.08999633789062,7466
2026-07-23 13:50:00-04:00,81.07499694824219,81.07499694824219,81.07499694824219,81.06500244140625,81.06500244140625,3965
2026-07-23 13:51:00-04:00,81.06500244140625,81.06500244140625,81.07499694824219,81.05999755859375,81.07499694824219,8463
2026-07-23 13:52:00-04:00,81.04000091552734,81.04000091552734,81.05999755859375,81.04000091552734,81.05999755859375,6388
2026-07-23 13:53:00-04:00,81.02999877929688,81.02999877929688,81.05999755859375,81.02999877929688,81.04000091552734,11637
2026-07-23 13:54:00-04:00,81.04000091552734,81.04000091552734,81.04000091552734,81.02999877929688,81.02999877929688,7021
2026-07-23 13:55:00-04:00,81.05999755859375,81.05999755859375,81.06500244140625,81.03009796142578,81.04499816894531,11043
2026-07-23 13:56:00-04:00,81.05999755859375,81.05999755859375,81.07499694824219,81.05999755859375,81.05999755859375,5451
2026-07-23 13:57:00-04:00,81.04499816894531,81.04499816894531,81.0698013305664,81.04000091552734,81.0698013305664,9107
2026-07-23 13:58:00-04:00,81.03500366210938,81.03500366210938,81.05500030517578,81.02999877929688,81.04000091552734,24917
2026-07-23 13:59:00-04:00,81.0199966430664,81.0199966430664,81.04000091552734,81.01499938964844,81.04000091552734,10480
2026-07-23 14:00:00-04:00,81.02999877929688,81.02999877929688,81.02999877929688,81.01499938964844,81.01499938964844,10726
2026-07-23 14:01:00-04:00,81.07499694824219,81.07499694824219,81.0999984741211,81.02999877929688,81.02999877929688,33011
2026-07-23 14:02:00-04:00,81.1050033569336,81.1050033569336,81.11499786376953,81.06999969482422,81.06999969482422,10028
2026-07-23 14:03:00-04:00,81.125,81.125,81.12999725341797,81.08999633789062,81.0999984741211,8325
2026-07-23 14:04:00-04:00,81.12999725341797,81.12999725341797,81.1416015625,81.11000061035156,81.12000274658203,11033
2026-07-23 14:05:00-04:00,81.13500213623047,81.13500213623047,81.13500213623047,81.13500213623047,81.13500213623047,3776
2026-07-23 14:06:00-04:00,81.13999938964844,81.13999938964844,81.1449966430664,81.13500213623047,81.13999938964844,11568
2026-07-23 14:07:00-04:00,81.16500091552734,81.16500091552734,81.17500305175781,81.1500015258789,81.1500015258789,10437
2026-07-23 14:08:00-04:00,81.16000366210938,81.16000366210938,81.18499755859375,81.15499877929688,81.17500305175781,13048
2026-07-23 14:09:00-04:00,81.16500091552734,81.16500091552734,81.17500305175781,81.15499877929688,81.15499877929688,7738
2026-07-23 14:10:00-04:00,81.16500091552734,81.16500091552734,81.19000244140625,81.15719604492188,81.16999816894531,8875
2026-07-23 14:11:00-04:00,81.1500015258789,81.1500015258789,81.16999816894531,81.1500015258789,81.16999816894531,5800
2026-07-23 14:12:00-04:00,81.1250991821289,81.1250991821289,81.14800262451172,81.11299896240234,81.1449966430664,13099
2026-07-23 14:13:00-04:00,81.12999725341797,81.12999725341797,81.13999938964844,81.11499786376953,81.12000274658203,11411
2026-07-23 14:14:00-04:00,81.1500015258789,81.1500015258789,81.1500015258789,81.13500213623047,81.13999938964844,5150
2026-07-23 14:15:00-04:00,81.16999816894531,81.16999816894531,81.18000030517578,81.13999938964844,81.16000366210938,42280
2026-07-23 14:16:00-04:00,81.1500015258789,81.1500015258789,81.17500305175781,81.1449966430664,81.17500305175781,11324
2026-07-23 14:17:00-04:00,81.19499969482422,81.19499969482422,81.19499969482422,81.16000366210938,81.16000366210938,6406
2026-07-23 14:18:00-04:00,81.20999908447266,81.20999908447266,81.22000122070312,81.19000244140625,81.19000244140625,13251
2026-07-23 14:19:00-04:00,81.21499633789062,81.21499633789062,81.2291030883789,81.20999908447266,81.20999908447266,8837
2026-07-23 14:20:00-04:00,81.22000122070312,81.22000122070312,81.2300033569336,81.20999908447266,81.20999908447266,13811
2026-07-23 14:21:00-04:00,81.20500183105469,81.20500183105469,81.2300033569336,81.19499969482422,81.22000122070312,29434
2026-07-23 14:22:00-04:00,81.19499969482422,81.19499969482422,81.22000122070312,81.19000244140625,81.20989990234375,13673
2026-07-23 14:23:00-04:00,81.16999816894531,81.16999816894531,81.19499969482422,81.16999816894531,81.19499969482422,7724
2026-07-23 14:24:00-04:00,81.18569946289062,81.18569946289062,81.19499969482422,81.14450073242188,81.16999816894531,8413
2026-07-23 14:25:00-04:00,81.17500305175781,81.17500305175781,81.19499969482422,81.17500305175781,81.18000030517578,5985
2026-07-23 14:26:00-04:00,81.17500305175781,81.17500305175781,81.18499755859375,81.16000366210938,81.18000030517578,5886
2026-07-23 14:27:00-04:00,81.19000244140625,81.19000244140625,81.19000244140625,81.17500305175781,81.18000030517578,7326
2026-07-23 14:28:00-04:00,81.29000091552734,81.29000091552734,81.29000091552734,81.19000244140625,81.19499969482422,81560
2026-07-23 14:29:00-04:00,81.28500366210938,81.28500366210938,81.30000305175781,81.2750015258789,81.27999877929688,11596
2026-07-23 14:30:00-04:00,81.33000183105469,81.33000183105469,81.33000183105469,81.28500366210938,81.28500366210938,14439
2026-07-23 14:31:00-04:00,81.32499694824219,81.32499694824219,81.33000183105469,81.30500030517578,81.33000183105469,11559
2026-07-23 14:32:00-04:00,81.29000091552734,81.29000091552734,81.31999969482422,81.29000091552734,81.31999969482422,11445
2026-07-23 14:33:00-04:00,81.29100036621094,81.29100036621094,81.33000183105469,81.29000091552734,81.30000305175781,10762
2026-07-23 14:34:00-04:00,81.2699966430664,81.2699966430664,81.29000091552734,81.26499938964844,81.29000091552734,8546
2026-07-23 14:35:00-04:00,81.23999786376953,81.23999786376953,81.2750015258789,81.23999786376953,81.2699966430664,10501
2026-07-23 14:36:00-04:00,81.19499969482422,81.19499969482422,81.24500274658203,81.19499969482422,81.23999786376953,12160
2026-07-23 14:37:00-04:00,81.15499877929688,81.15499877929688,81.19000244140625,81.15499877929688,81.19000244140625,7441
2026-07-23 14:38:00-04:00,81.08999633789062,81.08999633789062,81.13500213623047,81.08999633789062,81.13500213623047,9755
2026-07-23 14:39:00-04:00,81.04499816894531,81.04499816894531,81.08989715576172,81.04499816894531,81.08000183105469,20838
2026-07-23 14:40:00-04:00,80.97000122070312,80.97000122070312,81.05000305175781,80.96499633789062,81.04989624023438,40699
2026-07-23 14:41:00-04:00,81.0,81.0,81.0,80.96499633789062,80.96990203857422,6148
2026-07-23 14:42:00-04:00,81.04000091552734,81.04000091552734,81.04000091552734,80.98999786376953,80.98999786376953,9336
2026-07-23 14:43:00-04:00,81.02999877929688,81.02999877929688,81.05000305175781,81.0199966430664,81.05000305175781,9151
2026-07-23 14:44:00-04:00,81.04000091552734,81.04000091552734,81.04989624023438,81.01499938964844,81.0199966430664,9265
2026-07-23 14:45:00-04:00,81.01000213623047,81.01000213623047,81.05000305175781,81.01000213623047,81.04000091552734,10235
2026-07-23 14:46:00-04:00,81.00499725341797,81.00499725341797,81.02999877929688,81.00499725341797,81.01000213623047,12338
2026-07-23 14:47:00-04:00,81.0199966430664,81.0199966430664,81.0199966430664,80.99500274658203,81.0,12420
2026-07-23 14:48:00-04:00,81.01499938964844,81.01499938964844,81.01899719238281,80.99500274658203,81.01000213623047,9901
2026-07-23 14:49:00-04:00,81.01000213623047,81.01000213623047,81.02999877929688,81.0,81.01000213623047,10397
2026-07-23 14:50:00-04:00,80.97000122070312,80.97000122070312,81.0,80.95999908447266,81.0,8049
2026-07-23 14:51:00-04:00,80.96499633789062,80.96499633789062,80.97550201416016,80.95500183105469,80.96499633789062,9726
2026-07-23 14:52:00-04:00,81.0199966430664,81.0199966430664,81.0199966430664,80.96499633789062,80.96499633789062,11245
2026-07-23 14:53:00-04:00,81.00499725341797,81.00499725341797,81.0199966430664,81.00499725341797,81.0199966430664,7688
2026-07-23 14:54:00-04:00,81.04499816894531,81.04499816894531,81.04499816894531,80.98999786376953,81.0,13212
2026-07-23 14:55:00-04:00,81.06999969482422,81.06999969482422,81.07499694824219,81.04319763183594,81.04499816894531,13394
2026-07-23 14:56:00-04:00,81.08499908447266,81.08499908447266,81.08999633789062,81.06500244140625,81.06999969482422,8417
2026-07-23 14:57:00-04:00,81.06500244140625,81.06500244140625,81.08000183105469,81.06500244140625,81.0780029296875,6519
2026-07-23 14:58:00-04:00,81.08499908447266,81.08499908447266,81.08999633789062,81.05999755859375,81.06500244140625,12989
2026-07-23 14:59:00-04:00,81.05000305175781,81.05000305175781,81.08000183105469,81.05000305175781,81.08000183105469,12156
2026-07-23 15:00:00-04:00,81.08499908447266,81.08499908447266,81.08999633789062,81.05500030517578,81.05500030517578,14170
2026-07-23 15:01:00-04:00,81.07499694824219,81.07499694824219,81.09500122070312,81.06999969482422,81.08000183105469,10355
2026-07-23 15:02:00-04:00,81.08999633789062,81.08999633789062,81.08999633789062,81.06999969482422,81.06999969482422,21446
2026-07-23 15:03:00-04:00,81.10009765625,81.10009765625,81.11000061035156,81.08999633789062,81.08999633789062,18244
2026-07-23 15:04:00-04:00,81.11990356445312,81.11990356445312,81.12999725341797,81.09500122070312,81.10009765625,33614
2026-07-23 15:05:00-04:00,81.07499694824219,81.07499694824219,81.12999725341797,81.06999969482422,81.11499786376953,21249
2026-07-23 15:06:00-04:00,81.06500244140625,81.06500244140625,81.06999969482422,81.05999755859375,81.06999969482422,13704
2026-07-23 15:07:00-04:00,81.1050033569336,81.1050033569336,81.1050033569336,81.05000305175781,81.05999755859375,21394
2026-07-23 15:08:00-04:00,81.09500122070312,81.09500122070312,81.11499786376953,81.08499908447266,81.1050033569336,18228
2026-07-23 15:09:00-04:00,81.08000183105469,81.08000183105469,81.0999984741211,81.07499694824219,81.09500122070312,10917
2026-07-23 15:10:00-04:00,81.08000183105469,81.08000183105469,81.08999633789062,81.05999755859375,81.07499694824219,13308
2026-07-23 15:11:00-04:00,81.08000183105469,81.08000183105469,81.08000183105469,81.06500244140625,81.08000183105469,11132
2026-07-23 15:12:00-04:00,81.08000183105469,81.08000183105469,81.08999633789062,81.06500244140625,81.08999633789062,26339
2026-07-23 15:13:00-04:00,81.08499908447266,81.08499908447266,81.08499908447266,81.07499694824219,81.08499908447266,10151
2026-07-23 15:14:00-04:00,81.08000183105469,81.08000183105469,81.08499908447266,81.06500244140625,81.08000183105469,9762
2026-07-23 15:15:00-04:00,81.06500244140625,81.06500244140625,81.0999984741211,81.06500244140625,81.06999969482422,17961
2026-07-23 15:16:00-04:00,81.07499694824219,81.07499694824219,81.07990264892578,81.05000305175781,81.06500244140625,17781
2026-07-23 15:17:00-04:00,81.06500244140625,81.06500244140625,81.08000183105469,81.06500244140625,81.06999969482422,10830
2026-07-23 15:18:00-04:00,81.08499908447266,81.08499908447266,81.08999633789062,81.05000305175781,81.06500244140625,14275
2026-07-23 15:19:00-04:00,81.1050033569336,81.1050033569336,81.1050033569336,81.07499694824219,81.08000183105469,17014
2026-07-23 15:20:00-04:00,81.11499786376953,81.11499786376953,81.11499786376953,81.09500122070312,81.0999984741211,25424
2026-07-23 15:21:00-04:00,81.08999633789062,81.08999633789062,81.11499786376953,81.08499908447266,81.11499786376953,14446
2026-07-23 15:22:00-04:00,81.08000183105469,81.08000183105469,81.08999633789062,81.07499694824219,81.08499908447266,11701
2026-07-23 15:23:00-04:00,81.05500030517578,81.05500030517578,81.08999633789062,81.04499816894531,81.08000183105469,18186
2026-07-23 15:24:00-04:00,81.06500244140625,81.06500244140625,81.06999969482422,81.05000305175781,81.05999755859375,10639
2026-07-23 15:25:00-04:00,81.00499725341797,81.00499725341797,81.05999755859375,81.0000991821289,81.05999755859375,27513
2026-07-23 15:26:00-04:00,81.0199966430664,81.0199966430664,81.03500366210938,81.01000213623047,81.01000213623047,15807
2026-07-23 15:27:00-04:00,81.04499816894531,81.04499816894531,81.05000305175781,81.01750183105469,81.01750183105469,23078
2026-07-23 15:28:00-04:00,81.04000091552734,81.04000091552734,81.05999755859375,81.02999877929688,81.04750061035156,21560
2026-07-23 15:29:00-04:00,81.0250015258789,81.0250015258789,81.04499816894531,81.01000213623047,81.04499816894531,28940
2026-07-23 15:30:00-04:00,81.0199966430664,81.0199966430664,81.03500366210938,80.99500274658203,81.0199966430664,21895
2026-07-23 15:31:00-04:00,80.98500061035156,80.98500061035156,81.04000091552734,80.9749984741211,81.0250015258789,23867
2026-07-23 15:32:00-04:00,80.96499633789062,80.96499633789062,81.00499725341797,80.96499633789062,80.98999786376953,36736
2026-07-23 15:33:00-04:00,81.0,81.0,81.00830078125,80.9800033569336,80.9800033569336,14406
2026-07-23 15:34:00-04:00,81.01499938964844,81.01499938964844,81.03500366210938,80.99500274658203,81.01000213623047,26852
2026-07-23 15:35:00-04:00,81.06999969482422,81.06999969482422,81.06999969482422,81.0,81.01499938964844,25442
2026-07-23 15:36:00-04:00,81.04000091552734,81.04000091552734,81.07499694824219,81.04000091552734,81.05999755859375,12907
2026-07-23 15:37:00-04:00,81.05999755859375,81.05999755859375,81.05999755859375,81.01499938964844,81.04000091552734,13507
2026-07-23 15:38:00-04:00,81.08000183105469,81.08000183105469,81.08000183105469,81.05500030517578,81.05500030517578,17180
2026-07-23 15:39:00-04:00,81.1050033569336,81.1050033569336,81.11000061035156,81.08000183105469,81.08000183105469,20669
2026-07-23 15:40:00-04:00,81.09500122070312,81.09500122070312,81.11000061035156,81.07363891601562,81.0999984741211,19516
2026-07-23 15:41:00-04:00,81.1050033569336,81.1050033569336,81.125,81.0999984741211,81.0999984741211,21717
2026-07-23 15:42:00-04:00,81.1500015258789,81.1500015258789,81.1500015258789,81.11000061035156,81.11499786376953,22973
2026-07-23 15:43:00-04:00,81.16000366210938,81.16000366210938,81.16500091552734,81.125,81.1449966430664,18664
2026-07-23 15:44:00-04:00,81.16500091552734,81.16500091552734,81.18000030517578,81.15499877929688,81.16000366210938,18319
2026-07-23 15:45:00-04:00,81.08499908447266,81.08499908447266,81.18499755859375,81.08000183105469,81.16500091552734,29202
2026-07-23 15:46:00-04:00,81.08499908447266,81.08499908447266,81.11000061035156,81.06999969482422,81.08499908447266,20842
2026-07-23 15:47:00-04:00,81.02999877929688,81.02999877929688,81.08999633789062,81.02999877929688,81.08999633789062,19384
2026-07-23 15:48:00-04:00,81.0199966430664,81.0199966430664,81.04000091552734,81.01499938964844,81.02999877929688,22760
2026-07-23 15:49:00-04:00,81.0,81.0,81.03620147705078,81.0,81.0250015258789,31071
2026-07-23 15:50:00-04:00,81.05010223388672,81.05010223388672,81.06999969482422,80.95999908447266,81.0199966430664,78469
2026-07-23 15:51:00-04:00,81.06500244140625,81.06500244140625,81.08999633789062,81.04000091552734,81.05999755859375,41041
2026-07-23 15:52:00-04:00,81.08499908447266,81.08499908447266,81.08999633789062,81.04000091552734,81.0602035522461,40573
2026-07-23 15:53:00-04:00,81.08499908447266,81.08499908447266,81.11000061035156,81.08000183105469,81.08999633789062,30829
2026-07-23 15:54:00-04:00,81.0999984741211,81.0999984741211,81.12999725341797,81.04000091552734,81.08499908447266,93846
2026-07-23 15:55:00-04:00,81.01499938964844,81.01499938964844,81.0999984741211,80.98500061035156,81.08999633789062,274238
2026-07-23 15:56:00-04:00,80.99500274658203,80.99500274658203,81.06500244140625,80.94999694824219,81.0199966430664,323866
2026-07-23 15:57:00-04:00,81.01499938964844,81.01499938964844,81.0199966430664,80.95999908447266,81.0,187118
2026-07-23 15:58:00-04:00,81.1500015258789,81.1500015258789,81.1500015258789,81.01499938964844,81.0199966430664,240717
2026-07-23 15:59:00-04:00,81.11000061035156,81.11000061035156,81.15499877929688,81.09500122070312,81.13999938964844,393275
2026-07-24 09:30:00-04:00,81.34500122070312,81.34500122070312,81.65499877929688,81.33999633789062,81.56999969482422,372556
2026-07-24 09:31:00-04:00,81.25,81.25,81.36000061035156,81.16500091552734,81.34500122070312,47093
2026-07-24 09:32:00-04:00,81.32499694824219,81.32499694824219,81.45999908447266,81.20999908447266,81.25,18510
2026-07-24 09:33:00-04:00,81.20999908447266,81.20999908447266,81.34500122070312,81.19999694824219,81.34500122070312,30923
2026-07-24 09:34:00-04:00,80.98999786376953,80.98999786376953,81.20999908447266,80.97000122070312,81.20999908447266,36806
2026-07-24 09:35:00-04:00,81.0199966430664,81.0199966430664,81.04869842529297,80.9000015258789,80.97000122070312,51762
2026-07-24 09:36:00-04:00,81.29000091552734,81.29000091552734,81.31500244140625,81.0,81.01000213623047,37583
2026-07-24 09:37:00-04:00,81.30000305175781,81.30000305175781,81.37999725341797,81.29499816894531,81.30999755859375,26036
2026-07-24 09:38:00-04:00,81.26000213623047,81.26000213623047,81.33000183105469,81.22000122070312,81.30000305175781,34700
2026-07-24 09:39:00-04:00,81.2699966430664,81.2699966430664,81.29000091552734,81.25,81.2699966430664,21459
2026-07-24 09:40:00-04:00,81.43000030517578,81.43000030517578,81.43000030517578,81.26499938964844,81.2699966430664,67319
2026-07-24 09:41:00-04:00,81.3949966430664,81.3949966430664,81.44000244140625,81.36000061035156,81.41999816894531,28183
2026-07-24 09:42:00-04:00,81.375,81.375,81.43000030517578,81.37000274658203,81.3949966430664,61748
2026-07-24 09:43:00-04:00,81.36499786376953,81.36499786376953,81.3949966430664,81.34500122070312,81.37999725341797,27744
2026-07-24 09:44:00-04:00,81.33000183105469,81.33000183105469,81.37000274658203,81.30500030517578,81.3499984741211,29345
2026-07-24 09:45:00-04:00,81.26499938964844,81.26499938964844,81.31999969482422,81.19000244140625,81.31999969482422,31757
2026-07-24 09:46:00-04:00,81.36000061035156,81.36000061035156,81.375,81.24500274658203,81.25,23584
2026-07-24 09:47:00-04:00,81.37000274658203,81.37000274658203,81.40499877929688,81.31999969482422,81.3499984741211,64778
2026-07-24 09:48:00-04:00,81.41999816894531,81.41999816894531,81.44999694824219,81.37000274658203,81.37000274658203,60541
2026-07-24 09:49:00-04:00,81.23999786376953,81.23999786376953,81.40499877929688,81.18000030517578,81.4000015258789,39585
2026-07-24 09:50:00-04:00,81.3550033569336,81.3550033569336,81.38999938964844,81.23999786376953,81.23999786376953,20435
2026-07-24 09:51:00-04:00,81.33999633789062,81.33999633789062,81.41000366210938,81.30999755859375,81.3550033569336,21780
2026-07-24 09:52:00-04:00,81.41999816894531,81.41999816894531,81.44000244140625,81.33499908447266,81.33499908447266,31842
2026-07-24 09:53:00-04:00,81.47000122070312,81.47000122070312,81.5199966430664,81.41999816894531,81.41999816894531,24603
2026-07-24 09:54:00-04:00,81.48999786376953,81.48999786376953,81.5199966430664,81.42500305175781,81.47000122070312,10432
2026-07-24 09:55:00-04:00,81.58999633789062,81.58999633789062,81.58999633789062,81.45999908447266,81.4800033569336,59295
2026-07-24 09:56:00-04:00,81.55000305175781,81.55000305175781,81.5999984741211,81.4749984741211,81.56999969482422,31370
2026-07-24 09:57:00-04:00,81.55000305175781,81.55000305175781,81.58000183105469,81.5250015258789,81.55000305175781,18501
2026-07-24 09:58:00-04:00,81.45500183105469,81.45500183105469,81.55500030517578,81.43000030517578,81.55500030517578,31588
2026-07-24 09:59:00-04:00,81.43000030517578,81.43000030517578,81.47000122070312,81.41999816894531,81.45500183105469,16320
2026-07-24 10:00:00-04:00,81.37000274658203,81.37000274658203,81.41999816894531,81.33499908447266,81.41999816894531,28587
2026-07-24 10:01:00-04:00,81.42500305175781,81.42500305175781,81.42500305175781,81.34500122070312,81.37000274658203,30567
2026-07-24 10:02:00-04:00,81.45500183105469,81.45500183105469,81.45500183105469,81.36000061035156,81.41000366210938,17710
2026-07-24 10:03:00-04:00,81.3949966430664,81.3949966430664,81.4800033569336,81.3949966430664,81.45999908447266,28763
2026-07-24 10:04:00-04:00,81.40499877929688,81.40499877929688,81.41000366210938,81.37000274658203,81.3949966430664,13400
2026-07-24 10:05:00-04:00,81.43000030517578,81.43000030517578,81.45950317382812,81.38999938964844,81.40499877929688,20284
2026-07-24 10:06:00-04:00,81.54000091552734,81.54000091552734,81.55000305175781,81.41500091552734,81.41999816894531,24207
2026-07-24 10:07:00-04:00,81.51499938964844,81.51499938964844,81.55000305175781,81.45999908447266,81.5199966430664,36675
2026-07-24 10:08:00-04:00,81.52999877929688,81.52999877929688,81.54000091552734,81.4800033569336,81.51000213623047,24097
2026-07-24 10:09:00-04:00,81.55999755859375,81.55999755859375,81.55999755859375,81.5199966430664,81.53500366210938,21259
2026-07-24 10:10:00-04:00,81.55999755859375,81.55999755859375,81.5999984741211,81.52999877929688,81.55999755859375,72073
2026-07-24 10:11:00-04:00,81.55259704589844,81.55259704589844,81.56999969482422,81.5,81.55999755859375,23204
2026-07-24 10:12:00-04:00,81.6449966430664,81.6449966430664,81.66000366210938,81.55010223388672,81.55999755859375,115805
2026-07-24 10:13:00-04:00,81.63999938964844,81.63999938964844,81.66999816894531,81.57499694824219,81.63390350341797,75919
2026-07-24 10:14:00-04:00,81.69499969482422,81.69499969482422,81.69499969482422,81.625,81.63999938964844,34352
2026-07-24 10:15:00-04:00,81.75,81.75,81.7593002319336,81.65499877929688,81.69000244140625,23536
2026-07-24 10:16:00-04:00,81.83499908447266,81.83499908447266,81.83999633789062,81.73999786376953,81.73999786376953,37655
2026-07-24 10:17:00-04:00,81.81009674072266,81.81009674072266,81.88999938964844,81.79000091552734,81.81999969482422,26861
2026-07-24 10:18:00-04:00,81.86000061035156,81.86000061035156,81.87000274658203,81.80500030517578,81.80999755859375,18583
2026-07-24 10:19:00-04:00,81.73999786376953,81.73999786376953,81.87000274658203,81.73999786376953,81.86000061035156,19701
2026-07-24 10:20:00-04:00,81.7300033569336,81.7300033569336,81.80000305175781,81.70999908447266,81.74500274658203,27945
2026-07-24 10:21:00-04:00,81.7300033569336,81.7300033569336,81.73500061035156,81.68499755859375,81.72000122070312,19815
2026-07-24 10:22:00-04:00,81.72000122070312,81.72000122070312,81.7300033569336,81.69999694824219,81.7300033569336,20057
2026-07-24 10:23:00-04:00,81.72000122070312,81.72000122070312,81.73500061035156,81.70999908447266,81.72000122070312,13274
2026-07-24 10:24:00-04:00,81.80500030517578,81.80500030517578,81.81999969482422,81.70999908447266,81.70999908447266,30403
2026-07-24 10:25:00-04:00,81.77010345458984,81.77010345458984,81.81900024414062,81.76000213623047,81.80000305175781,31613
2026-07-24 10:26:00-04:00,81.77999877929688,81.77999877929688,81.80000305175781,81.75499725341797,81.77999877929688,16270
2026-07-24 10:27:00-04:00,81.75499725341797,81.75499725341797,81.80000305175781,81.75,81.77999877929688,19029
2026-07-24 10:28:00-04:00,81.76000213623047,81.76000213623047,81.77999877929688,81.75,81.75499725341797,22184
2026-07-24 10:29:00-04:00,81.73999786376953,81.73999786376953,81.7699966430664,81.7300033569336,81.75,93550
2026-07-24 10:30:00-04:00,81.82499694824219,81.82499694824219,81.85389709472656,81.75,81.76000213623047,31970
2026-07-24 10:31:00-04:00,81.80999755859375,81.80999755859375,81.83000183105469,81.7699966430664,81.81999969482422,33057
2026-07-24 10:32:00-04:00,81.83999633789062,81.83999633789062,81.8499984741211,81.80999755859375,81.80999755859375,16719
2026-07-24 10:33:00-04:00,81.84500122070312,81.84500122070312,81.8499984741211,81.80500030517578,81.83499908447266,31936
2026-07-24 10:34:00-04:00,81.86000061035156,81.86000061035156,81.875,81.83000183105469,81.8499984741211,90240
2026-07-24 10:35:00-04:00,81.82859802246094,81.82859802246094,81.88999938964844,81.82499694824219,81.8499984741211,23855
2026-07-24 10:36:00-04:00,81.83989715576172,81.83989715576172,81.8499984741211,81.81999969482422,81.81999969482422,19904
2026-07-24 10:37:00-04:00,81.88999938964844,81.88999938964844,81.88999938964844,81.81009674072266,81.83000183105469,36566
2026-07-24 10:38:00-04:00,81.8949966430664,81.8949966430664,81.91000366210938,81.87999725341797,81.88999938964844,26640
2026-07-24 10:39:00-04:00,81.93499755859375,81.93499755859375,81.95999908447266,81.87999725341797,81.8949966430664,47800
2026-07-24 10:40:00-04:00,81.94000244140625,81.94000244140625,81.97000122070312,81.93000030517578,81.93000030517578,22105
2026-07-24 10:41:00-04:00,81.9800033569336,81.9800033569336,81.99500274658203,81.94999694824219,81.94999694824219,58732
2026-07-24 10:42:00-04:00,81.97309875488281,81.97309875488281,81.98999786376953,81.94499969482422,81.98999786376953,27807
2026-07-24 10:43:00-04:00,81.95999908447266,81.95999908447266,81.9800033569336,81.94010162353516,81.97000122070312,21248
2026-07-24 10:44:00-04:00,81.9800033569336,81.9800033569336,81.9800033569336,81.93499755859375,81.94999694824219,34582
2026-07-24 10:45:00-04:00,82.05999755859375,82.05999755859375,82.07499694824219,81.9800033569336,81.9800033569336,54899
2026-07-24 10:46:00-04:00,82.06999969482422,82.06999969482422,82.1050033569336,82.05500030517578,82.06187438964844,56035
2026-07-24 10:47:00-04:00,82.19999694824219,82.19999694824219,82.22000122070312,82.08499908447266,82.08999633789062,110219
2026-07-24 10:48:00-04:00,82.2300033569336,82.2300033569336,82.23999786376953,82.19000244140625,82.19999694824219,37635
2026-07-24 10:49:00-04:00,82.08999633789062,82.08999633789062,82.20999908447266,82.08000183105469,82.20999908447266,75051
2026-07-24 10:50:00-04:00,82.08000183105469,82.08000183105469,82.1050033569336,82.06999969482422,82.09500122070312,40906
2026-07-24 10:51:00-04:00,82.12000274658203,82.12000274658203,82.12999725341797,82.08499908447266,82.08499908447266,25847
2026-07-24 10:52:00-04:00,82.08999633789062,82.08999633789062,82.12000274658203,82.05000305175781,82.12000274658203,20301
2026-07-24 10:53:00-04:00,82.05500030517578,82.05500030517578,82.11000061035156,82.05000305175781,82.08999633789062,17718
2026-07-24 10:54:00-04:00,82.12999725341797,82.12999725341797,82.13999938964844,82.04499816894531,82.05000305175781,22458
2026-07-24 10:55:00-04:00,82.05000305175781,82.05000305175781,82.12000274658203,82.02999877929688,82.12000274658203,20720
2026-07-24 10:56:00-04:00,82.02999877929688,82.02999877929688,82.05999755859375,82.0250015258789,82.05500030517578,12007
2026-07-24 10:57:00-04:00,81.9800033569336,81.9800033569336,82.02999877929688,81.96499633789062,82.02999877929688,53741
2026-07-24 10:58:00-04:00,81.97000122070312,81.97000122070312,81.99500274658203,81.96499633789062,81.9749984741211,15027
2026-07-24 10:59:00-04:00,81.9749984741211,81.9749984741211,81.9800033569336,81.92500305175781,81.96009826660156,16687
2026-07-24 11:00:00-04:00,81.94999694824219,81.94999694824219,82.02999877929688,81.94999694824219,81.9749984741211,43978
2026-07-24 11:01:00-04:00,82.04000091552734,82.04000091552734,82.04000091552734,81.94000244140625,81.94000244140625,13748
2026-07-24 11:02:00-04:00,82.07499694824219,82.07499694824219,82.08000183105469,82.0416030883789,82.05000305175781,16200
2026-07-24 11:03:00-04:00,82.06999969482422,82.06999969482422,82.08000183105469,82.05000305175781,82.07499694824219,16748
2026-07-24 11:04:00-04:00,82.08000183105469,82.08000183105469,82.08000183105469,82.02999877929688,82.05999755859375,9544
2026-07-24 11:05:00-04:00,82.08000183105469,82.08000183105469,82.08499908447266,82.05000305175781,82.06999969482422,13963
2026-07-24 11:06:00-04:00,82.05999755859375,82.05999755859375,82.08999633789062,82.05000305175781,82.08999633789062,12576
2026-07-24 11:07:00-04:00,82.05000305175781,82.05000305175781,82.0999984741211,82.04000091552734,82.05999755859375,15239
2026-07-24 11:08:00-04:00,82.05989837646484,82.05989837646484,82.07499694824219,82.04000091552734,82.04000091552734,16919
2026-07-24 11:09:00-04:00,82.08999633789062,82.08999633789062,82.0999984741211,82.01000213623047,82.04989624023438,20925
2026-07-24 11:10:00-04:00,82.11499786376953,82.11499786376953,82.12000274658203,82.08000183105469,82.08999633789062,29090
2026-07-24 11:11:00-04:00,82.19989776611328,82.19989776611328,82.19999694824219,82.08999633789062,82.12000274658203,25768
2026-07-24 11:12:00-04:00,82.1500015258789,82.1500015258789,82.19770812988281,82.125,82.19509887695312,12332
2026-07-24 11:13:00-04:00,82.13999938964844,82.13999938964844,82.1500015258789,82.11499786376953,82.1500015258789,10554
2026-07-24 11:14:00-04:00,82.12000274658203,82.12000274658203,82.12999725341797,82.08999633789062,82.12999725341797,16436
2026-07-24 11:15:00-04:00,82.0999984741211,82.0999984741211,82.125,82.06999969482422,82.125,41727
2026-07-24 11:16:00-04:00,82.08999633789062,82.08999633789062,82.11000061035156,82.04000091552734,82.0999984741211,17344
2026-07-24 11:17:00-04:00,82.19000244140625,82.19000244140625,82.19000244140625,82.08000183105469,82.08999633789062,23687
2026-07-24 11:18:00-04:00,82.19000244140625,82.19000244140625,82.2249984741211,82.19000244140625,82.19999694824219,21635
2026-07-24 11:19:00-04:00,82.16000366210938,82.16000366210938,82.22000122070312,82.16000366210938,82.19000244140625,19271
2026-07-24 11:20:00-04:00,82.13999938964844,82.13999938964844,82.16999816894531,82.12000274658203,82.16000366210938,18167
2026-07-24 11:21:00-04:00,82.18000030517578,82.18000030517578,82.19000244140625,82.13999938964844,82.13999938964844,10329
2026-07-24 11:22:00-04:00,82.20999908447266,82.20999908447266,82.20999908447266,82.1500015258789,82.16999816894531,8802
2026-07-24 11:23:00-04:00,82.22000122070312,82.22000122070312,82.2300033569336,82.19999694824219,82.20040130615234,20980
2026-07-24 11:24:00-04:00,82.19999694824219,82.19999694824219,82.25,82.19499969482422,82.22000122070312,24513
2026-07-24 11:25:00-04:00,82.16500091552734,82.16500091552734,82.20999908447266,82.15499877929688,82.19000244140625,15508
2026-07-24 11:26:00-04:00,82.18499755859375,82.18499755859375,82.18499755859375,82.13999938964844,82.16000366210938,19813
2026-07-24 11:27:00-04:00,82.1500015258789,82.1500015258789,82.18000030517578,82.12000274658203,82.18000030517578,11528
2026-07-24 11:28:00-04:00,82.1500015258789,82.1500015258789,82.16500091552734,82.13999938964844,82.16000366210938,8459
2026-07-24 11:29:00-04:00,82.18000030517578,82.18000030517578,82.19499969482422,82.13999938964844,82.13999938964844,14103
2026-07-24 11:30:00-04:00,82.13500213623047,82.13500213623047,82.19000244140625,82.12999725341797,82.18000030517578,11623
2026-07-24 11:31:00-04:00,82.1050033569336,82.1050033569336,82.1491928100586,82.1050033569336,82.1491928100586,8706
2026-07-24 11:32:00-04:00,82.12000274658203,82.12000274658203,82.13999938964844,82.09500122070312,82.0999984741211,11411
2026-07-24 11:33:00-04:00,82.13500213623047,82.13500213623047,82.13999938964844,82.08000183105469,82.11000061035156,11741
2026-07-24 11:34:00-04:00,82.1500015258789,82.1500015258789,82.16999816894531,82.12999725341797,82.12999725341797,10638
2026-07-24 11:35:00-04:00,82.11000061035156,82.11000061035156,82.15499877929688,82.11000061035156,82.15499877929688,7533
2026-07-24 11:36:00-04:00,82.13359832763672,82.13359832763672,82.13999938964844,82.0999984741211,82.11000061035156,12109
2026-07-24 11:37:00-04:00,82.16000366210938,82.16000366210938,82.16000366210938,82.125,82.13500213623047,13806
2026-07-24 11:38:00-04:00,82.13500213623047,82.13500213623047,82.1500015258789,82.13500213623047,82.1500015258789,7150
2026-07-24 11:39:00-04:00,82.11499786376953,82.11499786376953,82.13999938964844,82.10099792480469,82.13500213623047,6389
2026-07-24 11:40:00-04:00,82.08499908447266,82.08499908447266,82.11990356445312,82.08499908447266,82.11000061035156,12744
2026-07-24 11:41:00-04:00,82.13500213623047,82.13500213623047,82.13999938964844,82.08499908447266,82.08499908447266,18350
2026-07-24 11:42:00-04:00,82.16999816894531,82.16999816894531,82.17500305175781,82.12999725341797,82.13999938964844,12194
2026-07-24 11:43:00-04:00,82.19999694824219,82.19999694824219,82.19999694824219,82.17500305175781,82.17500305175781,10442
2026-07-24 11:44:00-04:00,82.19000244140625,82.19000244140625,82.19000244140625,82.16999816894531,82.19000244140625,7311
2026-07-24 11:45:00-04:00,82.18499755859375,82.18499755859375,82.18499755859375,82.1500015258789,82.18000030517578,10318
2026-07-24 11:46:00-04:00,82.18000030517578,82.18000030517578,82.20500183105469,82.16999816894531,82.18329620361328,30173
2026-07-24 11:47:00-04:00,82.19499969482422,82.19499969482422,82.19499969482422,82.18000030517578,82.18000030517578,11290
2026-07-24 11:48:00-04:00,82.16000366210938,82.16000366210938,82.19999694824219,82.15499877929688,82.19499969482422,14799
2026-07-24 11:49:00-04:00,82.16741943359375,82.16741943359375,82.18009948730469,82.15499877929688,82.16500091552734,12158
2026-07-24 11:50:00-04:00,82.13999938964844,82.13999938964844,82.17500305175781,82.13999938964844,82.16000366210938,9432
2026-07-24 11:51:00-04:00,82.11000061035156,82.11000061035156,82.1447982788086,82.09500122070312,82.13999938964844,6193
2026-07-24 11:52:00-04:00,82.08000183105469,82.08000183105469,82.11000061035156,82.08000183105469,82.11000061035156,3969
2026-07-24 11:53:00-04:00,82.08000183105469,82.08000183105469,82.11000061035156,82.07499694824219,82.09500122070312,10127
2026-07-24 11:54:00-04:00,82.0999984741211,82.0999984741211,82.1050033569336,82.08000183105469,82.08000183105469,23236
2026-07-24 11:55:00-04:00,82.04499816894531,82.04499816894531,82.0999984741211,82.04000091552734,82.0999984741211,9708
2026-07-24 11:56:00-04:00,82.04000091552734,82.04000091552734,82.05500030517578,82.0250015258789,82.04000091552734,7851
2026-07-24 11:57:00-04:00,82.05010223388672,82.05010223388672,82.06999969482422,82.0199966430664,82.03500366210938,15438
2026-07-24 11:58:00-04:00,82.05000305175781,82.05000305175781,82.05000305175781,82.02999877929688,82.05000305175781,7653
2026-07-24 11:59:00-04:00,82.02999877929688,82.02999877929688,82.05950164794922,82.02999877929688,82.04499816894531,8037
2026-07-24 12:00:00-04:00,82.0,82.0,82.05000305175781,81.98429870605469,82.03500366210938,19826
2026-07-24 12:01:00-04:00,82.01000213623047,82.01000213623047,82.0199966430664,81.98999786376953,81.98999786376953,8627
2026-07-24 12:02:00-04:00,82.02999877929688,82.02999877929688,82.04000091552734,81.99500274658203,82.01000213623047,9897
2026-07-24 12:03:00-04:00,81.98999786376953,81.98999786376953,82.05999755859375,81.9800033569336,82.02999877929688,20497
2026-07-24 12:04:00-04:00,81.97000122070312,81.97000122070312,81.9800033569336,81.96499633789062,81.9800033569336,9796
2026-07-24 12:05:00-04:00,81.91999816894531,81.91999816894531,81.97000122070312,81.91999816894531,81.97000122070312,19045
2026-07-24 12:06:00-04:00,81.93000030517578,81.93000030517578,81.93000030517578,81.88999938964844,81.91000366210938,22194
2026-07-24 12:07:00-04:00,81.8949966430664,81.8949966430664,81.93240356445312,81.8949966430664,81.93000030517578,8734
2026-07-24 12:08:00-04:00,81.92500305175781,81.92500305175781,81.93000030517578,81.8949966430664,81.9000015258789,16282
2026-07-24 12:09:00-04:00,81.87999725341797,81.87999725341797,81.91999816894531,81.8499984741211,81.91000366210938,13283
2026-07-24 12:10:00-04:00,81.86000061035156,81.86000061035156,81.87000274658203,81.80000305175781,81.87000274658203,17308
2026-07-24 12:11:00-04:00,81.85559844970703,81.85559844970703,81.88059997558594,81.83999633789062,81.8499984741211,33023
2026-07-24 12:12:00-04:00,81.83499908447266,81.83499908447266,81.87000274658203,81.81999969482422,81.86000061035156,10867
2026-07-24 12:13:00-04:00,81.875,81.875,81.875,81.83999633789062,81.83999633789062,11453
2026-07-24 12:14:00-04:00,81.94000244140625,81.94000244140625,81.94000244140625,81.87000274658203,81.875,44451
2026-07-24 12:15:00-04:00,81.94999694824219,81.94999694824219,81.9800033569336,81.93000030517578,81.94000244140625,8384
2026-07-24 12:16:00-04:00,81.94999694824219,81.94999694824219,81.96009826660156,81.94000244140625,81.95500183105469,8038
2026-07-24 12:17:00-04:00,81.97000122070312,81.97000122070312,81.9800033569336,81.94999694824219,81.94999694824219,7866
2026-07-24 12:18:00-04:00,81.93000030517578,81.93000030517578,81.95999908447266,81.93000030517578,81.95999908447266,6192
2026-07-24 12:19:00-04:00,81.91999816894531,81.91999816894531,81.94000244140625,81.91999816894531,81.93499755859375,7392
2026-07-24 12:20:00-04:00,81.875,81.875,81.91999816894531,81.875,81.91999816894531,9202
2026-07-24 12:21:00-04:00,81.875,81.875,81.88500213623047,81.8499984741211,81.87000274658203,11858
2026-07-24 12:22:00-04:00,81.8550033569336,81.8550033569336,81.88500213623047,81.8550033569336,81.875,8518
2026-07-24 12:23:00-04:00,81.8550033569336,81.8550033569336,81.86499786376953,81.83999633789062,81.8550033569336,8917
2026-07-24 12:24:00-04:00,81.86499786376953,81.86499786376953,81.87000274658203,81.8501968383789,81.8501968383789,6957
2026-07-24 12:25:00-04:00,81.9000015258789,81.9000015258789,81.92500305175781,81.86499786376953,81.86499786376953,8371
2026-07-24 12:26:00-04:00,81.8949966430664,81.8949966430664,81.8949966430664,81.875,81.88999938964844,8302
2026-07-24 12:27:00-04:00,81.94999694824219,81.94999694824219,81.95999908447266,81.8949966430664,81.8949966430664,12435
2026-07-24 12:28:00-04:00,81.92500305175781,81.92500305175781,81.94999694824219,81.92500305175781,81.94999694824219,8345
2026-07-24 12:29:00-04:00,81.94999694824219,81.94999694824219,81.94999694824219,81.91999816894531,81.91999816894531,12030
2026-07-24 12:30:00-04:00,81.98999786376953,81.98999786376953,82.05000305175781,81.95999908447266,81.95999908447266,22109
2026-07-24 12:31:00-04:00,81.95999908447266,81.95999908447266,82.01499938964844,81.95999908447266,81.9800033569336,12446
2026-07-24 12:32:00-04:00,81.94499969482422,81.94499969482422,81.95500183105469,81.91999816894531,81.94999694824219,7442
2026-07-24 12:33:00-04:00,81.94000244140625,81.94000244140625,81.94000244140625,81.93499755859375,81.94000244140625,6088
2026-07-24 12:34:00-04:00,81.91000366210938,81.91000366210938,81.94010162353516,81.90499877929688,81.94000244140625,6585
2026-07-24 12:35:00-04:00,81.91000366210938,81.91000366210938,81.93000030517578,81.90010070800781,81.91999816894531,9507
2026-07-24 12:36:00-04:00,81.94000244140625,81.94000244140625,81.94010162353516,81.91000366210938,81.91000366210938,8575
2026-07-24 12:37:00-04:00,81.91999816894531,81.91999816894531,81.94000244140625,81.91999816894531,81.94000244140625,8530
2026-07-24 12:38:00-04:00,81.91999816894531,81.91999816894531,81.93000030517578,81.91000366210938,81.91829681396484,4517
2026-07-24 12:39:00-04:00,81.91500091552734,81.91500091552734,81.92510223388672,81.91500091552734,81.91999816894531,3291
2026-07-24 12:40:00-04:00,81.91999816894531,81.91999816894531,81.93000030517578,81.88999938964844,81.91999816894531,11426
2026-07-24 12:41:00-04:00,81.90499877929688,81.90499877929688,81.93499755859375,81.9000015258789,81.93000030517578,11721
2026-07-24 12:42:00-04:00,81.82499694824219,81.82499694824219,81.90499877929688,81.82499694824219,81.9000015258789,31405
2026-07-24 12:43:00-04:00,81.875,81.875,81.875,81.83000183105469,81.83000183105469,16192
2026-07-24 12:44:00-04:00,81.83499908447266,81.83499908447266,81.88500213623047,81.83000183105469,81.875,43223
2026-07-24 12:45:00-04:00,81.87000274658203,81.87000274658203,81.88500213623047,81.83000183105469,81.83000183105469,8526
2026-07-24 12:46:00-04:00,81.91000366210938,81.91000366210938,81.91000366210938,81.87000274658203,81.87000274658203,5451
2026-07-24 12:47:00-04:00,81.90640258789062,81.90640258789062,81.93000030517578,81.90640258789062,81.91500091552734,10611
2026-07-24 12:48:00-04:00,81.90499877929688,81.90499877929688,81.91500091552734,81.9000015258789,81.9000015258789,8401
2026-07-24 12:49:00-04:00,81.91000366210938,81.91000366210938,81.93000030517578,81.8949966430664,81.90499877929688,8979
2026-07-24 12:50:00-04:00,81.94000244140625,81.94000244140625,81.94499969482422,81.91500091552734,81.91500091552734,6299
2026-07-24 12:51:00-04:00,81.9800033569336,81.9800033569336,81.98500061035156,81.92500305175781,81.94000244140625,14313
2026-07-24 12:52:00-04:00,81.98500061035156,81.98500061035156,81.98999786376953,81.9749984741211,81.9800033569336,10504
2026-07-24 12:53:00-04:00,82.01499938964844,82.01499938964844,82.01499938964844,81.98999786376953,81.98999786376953,6068
2026-07-24 12:54:00-04:00,82.01000213623047,82.01000213623047,82.01000213623047,82.0,82.01000213623047,11175
2026-07-24 12:55:00-04:00,81.97000122070312,81.97000122070312,82.01000213623047,81.97000122070312,82.01000213623047,8599
2026-07-24 12:56:00-04:00,81.94000244140625,81.94000244140625,81.95999908447266,81.93000030517578,81.95999908447266,10735
2026-07-24 12:57:00-04:00,81.93499755859375,81.93499755859375,81.93499755859375,81.9219970703125,81.93000030517578,3886
2026-07-24 12:58:00-04:00,81.94499969482422,81.94499969482422,81.94999694824219,81.93499755859375,81.93499755859375,7574
2026-07-24 12:59:00-04:00,81.94999694824219,81.94999694824219,81.95500183105469,81.94380187988281,81.94499969482422,9988
2026-07-24 13:00:00-04:00,81.96990203857422,81.96990203857422,81.96990203857422,81.94499969482422,81.94499969482422,7516
2026-07-24 13:01:00-04:00,82.0199966430664,82.0199966430664,82.0250015258789,81.96499633789062,81.97000122070312,11268
2026-07-24 13:02:00-04:00,82.00499725341797,82.00499725341797,82.01499938964844,82.00499725341797,82.01000213623047,4812
2026-07-24 13:03:00-04:00,82.0,82.0,82.00499725341797,81.98999786376953,82.0,4375
2026-07-24 13:04:00-04:00,81.99500274658203,81.99500274658203,82.00659942626953,81.98999786376953,82.0,9130
2026-07-24 13:05:00-04:00,81.99019622802734,81.99019622802734,82.00499725341797,81.99019622802734,81.99500274658203,6107
2026-07-24 13:06:00-04:00,81.99500274658203,81.99500274658203,82.01499938964844,81.96499633789062,81.99500274658203,34688
2026-07-24 13:07:00-04:00,82.0199966430664,82.0199966430664,82.0250015258789,81.99500274658203,81.99500274658203,6416
2026-07-24 13:08:00-04:00,82.0000991821289,82.0000991821289,82.0199966430664,81.99140167236328,82.0198974609375,8230
2026-07-24 13:09:00-04:00,82.00499725341797,82.00499725341797,82.00640106201172,81.99500274658203,82.0,10203
2026-07-24 13:10:00-04:00,82.01000213623047,82.01000213623047,82.0199966430664,82.00499725341797,82.00499725341797,5948
2026-07-24 13:11:00-04:00,81.95999908447266,81.95999908447266,82.0,81.95500183105469,82.0,9927
2026-07-24 13:12:00-04:00,81.94499969482422,81.94499969482422,81.95999908447266,81.94000244140625,81.95500183105469,4626
2026-07-24 13:13:00-04:00,81.92500305175781,81.92500305175781,81.95500183105469,81.92500305175781,81.94499969482422,5694
2026-07-24 13:14:00-04:00,81.94000244140625,81.94000244140625,81.95500183105469,81.91500091552734,81.93000030517578,11263
2026-07-24 13:15:00-04:00,81.93499755859375,81.93499755859375,81.94999694824219,81.93000030517578,81.94999694824219,5215
2026-07-24 13:16:00-04:00,81.9800033569336,81.9800033569336,81.98500061035156,81.94000244140625,81.94000244140625,5998
2026-07-24 13:17:00-04:00,81.93499755859375,81.93499755859375,81.98500061035156,81.93499755859375,81.98500061035156,4853
2026-07-24 13:18:00-04:00,81.93000030517578,81.93000030517578,81.94000244140625,81.92500305175781,81.93000030517578,6502
2026-07-24 13:19:00-04:00,81.93499755859375,81.93499755859375,81.94999694824219,81.93000030517578,81.93000030517578,4259
2026-07-24 13:20:00-04:00,81.93499755859375,81.93499755859375,81.94499969482422,81.91500091552734,81.94499969482422,5684
2026-07-24 13:21:00-04:00,81.9113998413086,81.9113998413086,81.94000244140625,81.91000366210938,81.94000244140625,5409
2026-07-24 13:22:00-04:00,81.92500305175781,81.92500305175781,81.93499755859375,81.91500091552734,81.91500091552734,4840
2026-07-24 13:23:00-04:00,81.91000366210938,81.91000366210938,81.927001953125,81.91000366210938,81.92500305175781,8118
2026-07-24 13:24:00-04:00,81.88999938964844,81.88999938964844,81.91000366210938,81.87999725341797,81.9000015258789,40382
2026-07-24 13:25:00-04:00,81.88500213623047,81.88500213623047,81.88999938964844,81.86000061035156,81.87999725341797,8478
2026-07-24 13:26:00-04:00,81.875,81.875,81.88999938964844,81.87000274658203,81.88500213623047,7037
2026-07-24 13:27:00-04:00,81.91500091552734,81.91500091552734,81.91500091552734,81.87999725341797,81.87999725341797,20593
2026-07-24 13:28:00-04:00,81.93499755859375,81.93499755859375,81.93499755859375,81.8949966430664,81.91000366210938,5574
2026-07-24 13:29:00-04:00,81.94999694824219,81.94999694824219,81.94999694824219,81.93499755859375,81.93499755859375,5709
2026-07-24 13:30:00-04:00,81.9749984741211,81.9749984741211,81.9800033569336,81.94499969482422,81.94499969482422,10240
2026-07-24 13:31:00-04:00,81.95500183105469,81.95500183105469,81.9749984741211,81.93250274658203,81.9749984741211,10884
2026-07-24 13:32:00-04:00,81.9800033569336,81.9800033569336,81.98999786376953,81.95500183105469,81.95500183105469,11711
2026-07-24 13:33:00-04:00,81.91500091552734,81.91500091552734,82.0,81.91500091552734,81.9800033569336,24611
2026-07-24 13:34:00-04:00,81.91999816894531,81.91999816894531,81.93000030517578,81.9000015258789,81.91449737548828,13627
2026-07-24 13:35:00-04:00,81.93000030517578,81.93000030517578,81.94999694824219,81.91999816894531,81.93000030517578,6675
2026-07-24 13:36:00-04:00,81.95999908447266,81.95999908447266,81.96499633789062,81.92500305175781,81.92500305175781,7741
2026-07-24 13:37:00-04:00,81.97000122070312,81.97000122070312,81.9800033569336,81.95999908447266,81.96499633789062,3941
2026-07-24 13:38:00-04:00,81.96499633789062,81.96499633789062,81.97000122070312,81.96499633789062,81.96499633789062,4699
2026-07-24 13:39:00-04:00,82.01000213623047,82.01000213623047,82.01000213623047,81.96499633789062,81.96499633789062,7610
2026-07-24 13:40:00-04:00,82.01499938964844,82.01499938964844,82.0199966430664,82.00499725341797,82.01499938964844,7414
2026-07-24 13:41:00-04:00,82.05000305175781,82.05000305175781,82.05000305175781,82.00309753417969,82.01000213623047,9645
2026-07-24 13:42:00-04:00,82.01000213623047,82.01000213623047,82.05500030517578,82.01000213623047,82.05500030517578,5282
2026-07-24 13:43:00-04:00,82.0199966430664,82.0199966430664,82.0250015258789,82.01000213623047,82.01000213623047,4202
2026-07-24 13:44:00-04:00,82.02999877929688,82.02999877929688,82.02999877929688,82.0,82.0199966430664,8930
2026-07-24 13:45:00-04:00,82.08000183105469,82.08000183105469,82.08499908447266,82.02999877929688,82.02999877929688,15591
2026-07-24 13:46:00-04:00,82.05500030517578,82.05500030517578,82.08499908447266,82.05500030517578,82.08000183105469,8321
2026-07-24 13:47:00-04:00,82.04499816894531,82.04499816894531,82.05999755859375,82.04499816894531,82.05500030517578,2690
2026-07-24 13:48:00-04:00,82.0250015258789,82.0250015258789,82.04000091552734,82.0250015258789,82.04000091552734,5201
2026-07-24 13:49:00-04:00,82.01000213623047,82.01000213623047,82.02999877929688,82.01000213623047,82.0250015258789,5605
2026-07-24 13:50:00-04:00,82.0,82.0,82.0199966430664,82.0,82.01499938964844,7859
2026-07-24 13:51:00-04:00,81.96499633789062,81.96499633789062,81.98999786376953,81.96499633789062,81.98999786376953,12144
2026-07-24 13:52:00-04:00,81.96499633789062,81.96499633789062,81.9800033569336,81.95999908447266,81.96499633789062,3612
2026-07-24 13:53:00-04:00,81.9800033569336,81.9800033569336,81.9800033569336,81.93499755859375,81.95999908447266,15853
2026-07-24 13:54:00-04:00,81.9749984741211,81.9749984741211,81.9800033569336,81.97000122070312,81.9749984741211,5986
2026-07-24 13:55:00-04:00,81.9749984741211,81.9749984741211,81.9800033569336,81.96499633789062,81.9749984741211,9759
2026-07-24 13:56:00-04:00,81.97000122070312,81.97000122070312,81.9800033569336,81.97000122070312,81.97000122070312,2995
2026-07-24 13:57:00-04:00,81.97000122070312,81.97000122070312,81.99500274658203,81.95999908447266,81.97679901123047,10832
2026-07-24 13:58:00-04:00,81.9749984741211,81.9749984741211,81.98989868164062,81.94999694824219,81.9749984741211,15979
2026-07-24 13:59:00-04:00,81.98500061035156,81.98500061035156,81.99500274658203,81.97149658203125,81.9749984741211,7942
2026-07-24 14:00:00-04:00,81.9800033569336,81.9800033569336,81.98500061035156,81.9749984741211,81.9800033569336,11825
2026-07-24 14:01:00-04:00,81.9749984741211,81.9749984741211,81.98500061035156,81.97000122070312,81.9800033569336,8523
2026-07-24 14:02:00-04:00,81.9749984741211,81.9749984741211,81.98999786376953,81.95500183105469,81.9749984741211,10532
2026-07-24 14:03:00-04:00,81.9800033569336,81.9800033569336,81.98500061035156,81.97000122070312,81.9749984741211,4325
2026-07-24 14:04:00-04:00,81.98999786376953,81.98999786376953,82.00499725341797,81.9749984741211,81.9749984741211,6731
2026-07-24 14:05:00-04:00,81.98500061035156,81.98500061035156,81.99500274658203,81.9800033569336,81.99500274658203,6705
2026-07-24 14:06:00-04:00,82.02999877929688,82.02999877929688,82.02999877929688,81.9800033569336,81.98999786376953,19717
2026-07-24 14:07:00-04:00,82.05500030517578,82.05500030517578,82.05500030517578,82.0250015258789,82.02999877929688,4940
2026-07-24 14:08:00-04:00,82.05000305175781,82.05000305175781,82.05999755859375,82.04499816894531,82.05000305175781,10757
2026-07-24 14:09:00-04:00,82.02999877929688,82.02999877929688,82.04499816894531,82.0199966430664,82.04499816894531,5433
2026-07-24 14:10:00-04:00,82.05000305175781,82.05000305175781,82.05999755859375,82.0250015258789,82.04499816894531,50128
2026-07-24 14:11:00-04:00,82.06439971923828,82.06439971923828,82.06439971923828,82.05000305175781,82.05000305175781,5260
2026-07-24 14:12:00-04:00,82.05500030517578,82.05500030517578,82.08499908447266,82.05000305175781,82.06500244140625,7344
2026-07-24 14:13:00-04:00,82.06500244140625,82.06500244140625,82.06500244140625,82.03500366210938,82.05000305175781,4872
2026-07-24 14:14:00-04:00,82.05500030517578,82.05500030517578,82.08499908447266,82.05000305175781,82.06500244140625,9994
2026-07-24 14:15:00-04:00,82.08000183105469,82.08000183105469,82.08999633789062,82.05500030517578,82.05500030517578,6472
2026-07-24 14:16:00-04:00,82.08000183105469,82.08000183105469,82.08380126953125,82.05000305175781,82.07564544677734,12272
2026-07-24 14:17:00-04:00,82.05500030517578,82.05500030517578,82.09500122070312,82.04000091552734,82.08999633789062,11124
2026-07-24 14:18:00-04:00,82.06849670410156,82.06849670410156,82.06999969482422,82.04499816894531,82.04499816894531,9463
2026-07-24 14:19:00-04:00,82.08499908447266,82.08499908447266,82.09500122070312,82.06500244140625,82.07499694824219,22477
2026-07-24 14:20:00-04:00,82.08499908447266,82.08499908447266,82.09700012207031,82.08499908447266,82.08999633789062,12535
2026-07-24 14:21:00-04:00,82.1050033569336,82.1050033569336,82.10635375976562,82.08999633789062,82.08999633789062,6066
2026-07-24 14:22:00-04:00,82.12000274658203,82.12000274658203,82.12000274658203,82.1050033569336,82.11000061035156,8835
2026-07-24 14:23:00-04:00,82.11499786376953,82.11499786376953,82.12999725341797,82.1050033569336,82.11000061035156,12130
2026-07-24 14:24:00-04:00,82.13999938964844,82.13999938964844,82.1500015258789,82.12000274658203,82.12000274658203,6627
2026-07-24 14:25:00-04:00,82.13999938964844,82.13999938964844,82.1449966430664,82.12999725341797,82.13999938964844,9928
2026-07-24 14:26:00-04:00,82.15380096435547,82.15380096435547,82.16999816894531,82.13999938964844,82.13999938964844,21904
2026-07-24 14:27:00-04:00,82.1449966430664,82.1449966430664,82.15499877929688,82.13500213623047,82.1500015258789,6326
2026-07-24 14:28:00-04:00,82.13999938964844,82.13999938964844,82.14769744873047,82.12999725341797,82.13999938964844,6450
2026-07-24 14:29:00-04:00,82.12999725341797,82.12999725341797,82.15499877929688,82.12999725341797,82.13999938964844,11185
2026-07-24 14:30:00-04:00,82.13009643554688,82.13009643554688,82.1500015258789,82.125,82.12999725341797,11055
2026-07-24 14:31:00-04:00,82.08999633789062,82.08999633789062,82.1449966430664,82.08999633789062,82.13999938964844,21060
2026-07-24 14:32:00-04:00,82.05500030517578,82.05500030517578,82.0999984741211,82.04499816894531,82.08999633789062,12893
2026-07-24 14:33:00-04:00,82.02999877929688,82.02999877929688,82.05999755859375,82.02999877929688,82.05989837646484,12648
2026-07-24 14:34:00-04:00,82.0199966430664,82.0199966430664,82.05000305175781,82.0199966430664,82.0376968383789,14991
2026-07-24 14:35:00-04:00,82.05000305175781,82.05000305175781,82.05000305175781,82.01000213623047,82.02999877929688,222016
2026-07-24 14:36:00-04:00,82.05999755859375,82.05999755859375,82.05999755859375,82.02999877929688,82.04499816894531,8024
2026-07-24 14:37:00-04:00,82.07990264892578,82.07990264892578,82.08989715576172,82.05500030517578,82.05999755859375,8966
2026-07-24 14:38:00-04:00,82.0999984741211,82.0999984741211,82.0999984741211,82.07499694824219,82.07499694824219,5161
2026-07-24 14:39:00-04:00,82.125,82.125,82.13999938964844,82.0999984741211,82.0999984741211,14015
2026-07-24 14:40:00-04:00,82.11499786376953,82.11499786376953,82.12999725341797,82.11499786376953,82.125,9663
2026-07-24 14:41:00-04:00,82.12999725341797,82.12999725341797,82.13999938964844,82.11000061035156,82.12000274658203,8797
2026-07-24 14:42:00-04:00,82.12000274658203,82.12000274658203,82.15950012207031,82.12000274658203,82.13970184326172,7304
2026-07-24 14:43:00-04:00,82.11000061035156,82.11000061035156,82.12000274658203,82.0999984741211,82.12000274658203,9970
2026-07-24 14:44:00-04:00,82.12000274658203,82.12000274658203,82.12999725341797,82.0999984741211,82.12000274658203,14421
2026-07-24 14:45:00-04:00,82.07499694824219,82.07499694824219,82.13459777832031,82.06999969482422,82.12129974365234,13546
2026-07-24 14:46:00-04:00,82.09500122070312,82.09500122070312,82.09500122070312,82.06999969482422,82.07499694824219,13656
2026-07-24 14:47:00-04:00,82.0999984741211,82.0999984741211,82.1050033569336,82.06999969482422,82.09500122070312,22537
2026-07-24 14:48:00-04:00,82.0999984741211,82.0999984741211,82.12000274658203,82.08999633789062,82.08999633789062,10000
2026-07-24 14:49:00-04:00,82.1050033569336,82.1050033569336,82.10990142822266,82.08499908447266,82.0999984741211,8588
2026-07-24 14:50:00-04:00,82.1050033569336,82.1050033569336,82.11000061035156,82.09500122070312,82.1050033569336,7827
2026-07-24 14:51:00-04:00,82.08499908447266,82.08499908447266,82.10009765625,82.08000183105469,82.0999984741211,7781
2026-07-24 14:52:00-04:00,82.08000183105469,82.08000183105469,82.0999984741211,82.06500244140625,82.08499908447266,7916
2026-07-24 14:53:00-04:00,82.0999984741211,82.0999984741211,82.1083984375,82.08000183105469,82.08000183105469,6166
2026-07-24 14:54:00-04:00,82.0999984741211,82.0999984741211,82.125,82.08999633789062,82.0999984741211,7794
2026-07-24 14:55:00-04:00,82.08499908447266,82.08499908447266,82.11000061035156,82.08499908447266,82.1050033569336,12523
2026-07-24 14:56:00-04:00,82.0999984741211,82.0999984741211,82.0999984741211,82.08000183105469,82.08999633789062,12225
2026-07-24 14:57:00-04:00,82.12999725341797,82.12999725341797,82.13999938964844,82.08999633789062,82.1050033569336,12022
2026-07-24 14:58:00-04:00,82.17659759521484,82.17659759521484,82.17659759521484,82.13500213623047,82.13500213623047,10125
2026-07-24 14:59:00-04:00,82.17500305175781,82.17500305175781,82.18000030517578,82.1500015258789,82.17500305175781,20662
2026-07-24 15:00:00-04:00,82.21499633789062,82.21499633789062,82.22000122070312,82.17500305175781,82.18000030517578,46484
2026-07-24 15:01:00-04:00,82.27999877929688,82.27999877929688,82.27999877929688,82.20500183105469,82.20999908447266,15576
2026-07-24 15:02:00-04:00,82.25,82.25,82.28500366210938,82.23500061035156,82.2750015258789,15587
2026-07-24 15:03:00-04:00,82.16500091552734,82.16500091552734,82.25,82.16500091552734,82.25,20736
2026-07-24 15:04:00-04:00,82.18499755859375,82.18499755859375,82.19000244140625,82.16500091552734,82.16999816894531,12862
2026-07-24 15:05:00-04:00,82.1449966430664,82.1449966430664,82.19640350341797,82.13999938964844,82.19000244140625,14021
2026-07-24 15:06:00-04:00,82.16999816894531,82.16999816894531,82.16999816894531,82.11000061035156,82.13999938964844,8549
2026-07-24 15:07:00-04:00,82.20999908447266,82.20999908447266,82.2300033569336,82.16500091552734,82.16999816894531,40305
2026-07-24 15:08:00-04:00,82.19999694824219,82.19999694824219,82.20999908447266,82.19000244140625,82.19000244140625,11288
2026-07-24 15:09:00-04:00,82.21499633789062,82.21499633789062,82.2300033569336,82.19300079345703,82.19999694824219,13661
2026-07-24 15:10:00-04:00,82.23999786376953,82.23999786376953,82.24500274658203,82.21499633789062,82.22000122070312,12512
2026-07-24 15:11:00-04:00,82.21499633789062,82.21499633789062,82.23999786376953,82.20999908447266,82.2300033569336,9153
2026-07-24 15:12:00-04:00,82.24500274658203,82.24500274658203,82.25,82.18000030517578,82.20999908447266,27190
2026-07-24 15:13:00-04:00,82.2699966430664,82.2699966430664,82.28990173339844,82.24500274658203,82.24500274658203,12079
2026-07-24 15:14:00-04:00,82.27999877929688,82.27999877929688,82.27999877929688,82.25,82.26480102539062,7696
2026-07-24 15:15:00-04:00,82.28500366210938,82.28500366210938,82.33000183105469,82.2750015258789,82.2750015258789,42989
2026-07-24 15:16:00-04:00,82.28500366210938,82.28500366210938,82.30500030517578,82.28500366210938,82.29000091552734,8657
2026-07-24 15:17:00-04:00,82.22000122070312,82.22000122070312,82.27999877929688,82.21499633789062,82.27999877929688,10262
2026-07-24 15:18:00-04:00,82.25,82.25,82.25499725341797,82.2249984741211,82.2300033569336,14149
2026-07-24 15:19:00-04:00,82.22000122070312,82.22000122070312,82.23999786376953,82.20999908447266,82.23999786376953,13100
2026-07-24 15:20:00-04:00,82.22000122070312,82.22000122070312,82.25,82.20999908447266,82.22000122070312,20524
2026-07-24 15:21:00-04:00,82.20999908447266,82.20999908447266,82.22000122070312,82.20500183105469,82.22000122070312,9968
2026-07-24 15:22:00-04:00,82.2083969116211,82.2083969116211,82.2083969116211,82.16500091552734,82.19999694824219,16187
2026-07-24 15:23:00-04:00,82.19499969482422,82.19499969482422,82.22000122070312,82.19000244140625,82.20999908447266,10856
2026-07-24 15:24:00-04:00,82.18499755859375,82.18499755859375,82.20189666748047,82.16999816894531,82.19499969482422,10263
2026-07-24 15:25:00-04:00,82.1541976928711,82.1541976928711,82.19000244140625,82.1541976928711,82.17500305175781,10301
2026-07-24 15:26:00-04:00,82.1449966430664,82.1449966430664,82.17510223388672,82.12999725341797,82.1500015258789,17519
2026-07-24 15:27:00-04:00,82.13999938964844,82.13999938964844,82.16000366210938,82.12000274658203,82.12999725341797,17598
2026-07-24 15:28:00-04:00,82.08999633789062,82.08999633789062,82.1500015258789,82.08999633789062,82.1500015258789,15007
2026-07-24 15:29:00-04:00,82.0999984741211,82.0999984741211,82.10870361328125,82.08000183105469,82.08999633789062,15147
2026-07-24 15:30:00-04:00,82.1050033569336,82.1050033569336,82.11000061035156,82.05000305175781,82.08999633789062,30101
2026-07-24 15:31:00-04:00,82.16000366210938,82.16000366210938,82.16000366210938,82.06999969482422,82.1050033569336,23371
2026-07-24 15:32:00-04:00,82.18000030517578,82.18000030517578,82.19000244140625,82.1500015258789,82.1500015258789,29019
2026-07-24 15:33:00-04:00,82.22000122070312,82.22000122070312,82.22360229492188,82.17500305175781,82.18000030517578,19263
2026-07-24 15:34:00-04:00,82.18000030517578,82.18000030517578,82.22000122070312,82.18000030517578,82.20999908447266,10540
2026-07-24 15:35:00-04:00,82.20500183105469,82.20500183105469,82.2300033569336,82.16999816894531,82.19000244140625,29885
2026-07-24 15:36:00-04:00,82.20159912109375,82.20159912109375,82.22000122070312,82.18099975585938,82.20500183105469,21999
2026-07-24 15:37:00-04:00,82.19499969482422,82.19499969482422,82.20999908447266,82.18000030517578,82.20999908447266,15960
2026-07-24 15:38:00-04:00,82.19000244140625,82.19000244140625,82.23999786376953,82.19000244140625,82.19499969482422,13143
2026-07-24 15:39:00-04:00,82.19000244140625,82.19000244140625,82.22000122070312,82.18000030517578,82.19000244140625,18054
2026-07-24 15:40:00-04:00,82.22969818115234,82.22969818115234,82.2300033569336,82.19000244140625,82.20999908447266,20570
2026-07-24 15:41:00-04:00,82.2300033569336,82.2300033569336,82.23500061035156,82.21499633789062,82.2300033569336,17836
2026-07-24 15:42:00-04:00,82.2699966430664,82.2699966430664,82.2699966430664,82.22000122070312,82.22000122070312,87215
2026-07-24 15:43:00-04:00,82.22250366210938,82.22250366210938,82.2750015258789,82.22000122070312,82.2699966430664,24808
2026-07-24 15:44:00-04:00,82.26499938964844,82.26499938964844,82.2699966430664,82.22000122070312,82.22000122070312,16688
2026-07-24 15:45:00-04:00,82.26000213623047,82.26000213623047,82.2699966430664,82.23999786376953,82.26000213623047,41689
2026-07-24 15:46:00-04:00,82.24500274658203,82.24500274658203,82.2699966430664,82.23500061035156,82.2699966430664,18304
2026-07-24 15:47:00-04:00,82.18499755859375,82.18499755859375,82.25,82.18000030517578,82.25,32043
2026-07-24 15:48:00-04:00,82.20500183105469,82.20500183105469,82.22000122070312,82.19000244140625,82.19000244140625,25820
2026-07-24 15:49:00-04:00,82.20999908447266,82.20999908447266,82.23570251464844,82.18000030517578,82.20500183105469,40056
2026-07-24 15:50:00-04:00,82.2750015258789,82.2750015258789,82.2750015258789,82.19000244140625,82.19999694824219,83905
2026-07-24 15:51:00-04:00,82.2699966430664,82.2699966430664,82.30000305175781,82.2699966430664,82.27999877929688,33852
2026-07-24 15:52:00-04:00,82.2750015258789,82.2750015258789,82.29499816894531,82.26000213623047,82.2699966430664,50408
2026-07-24 15:53:00-04:00,82.27200317382812,82.27200317382812,82.29000091552734,82.25,82.27999877929688,39807
2026-07-24 15:54:00-04:00,82.2300033569336,82.2300033569336,82.2699966430664,82.18499755859375,82.2699966430664,47056
2026-07-24 15:55:00-04:00,82.2300033569336,82.2300033569336,82.27539825439453,82.19000244140625,82.2300033569336,82022
2026-07-24 15:56:00-04:00,82.21499633789062,82.21499633789062,82.23999786376953,82.19999694824219,82.22000122070312,76211
2026-07-24 15:57:00-04:00,82.13500213623047,82.13500213623047,82.22000122070312,82.11499786376953,82.21499633789062,121407
2026-07-24 15:58:00-04:00,82.18000030517578,82.18000030517578,82.20500183105469,82.12000274658203,82.13500213623047,202737
2026-07-24 15:59:00-04:00,82.25,82.25,82.2699966430664,82.16000366210938,82.16999816894531,263779
2026-07-27 09:30:00-04:00,83.0990982055664,83.0990982055664,83.24949645996094,82.904296875,83.07499694824219,525079
2026-07-27 09:31:00-04:00,82.88999938964844,82.88999938964844,83.26000213623047,82.87999725341797,83.11000061035156,119308
2026-07-27 09:32:00-04:00,82.86499786376953,82.86499786376953,82.94000244140625,82.7770004272461,82.88999938964844,102543
2026-07-27 09:33:00-04:00,82.83999633789062,82.83999633789062,82.86000061035156,82.74500274658203,82.80999755859375,58749
2026-07-27 09:34:00-04:00,82.71499633789062,82.71499633789062,82.82099914550781,82.67500305175781,82.81999969482422,61327
2026-07-27 09:35:00-04:00,82.55000305175781,82.55000305175781,82.71499633789062,82.5,82.71499633789062,49962
2026-07-27 09:36:00-04:00,82.56500244140625,82.56500244140625,82.6449966430664,82.5,82.54000091552734,64972
2026-07-27 09:37:00-04:00,82.61000061035156,82.61000061035156,82.6500015258789,82.53500366210938,82.55999755859375,46806
2026-07-27 09:38:00-04:00,82.79000091552734,82.79000091552734,82.79000091552734,82.56999969482422,82.5999984741211,36100
2026-07-27 09:39:00-04:00,82.7750015258789,82.7750015258789,82.80999755859375,82.73999786376953,82.80999755859375,28480
2026-07-27 09:40:00-04:00,82.83499908447266,82.83499908447266,82.8499984741211,82.7300033569336,82.76150512695312,48923
2026-07-27 09:41:00-04:00,82.88999938964844,82.88999938964844,82.9000015258789,82.7750015258789,82.83000183105469,108019
2026-07-27 09:42:00-04:00,82.91999816894531,82.91999816894531,82.91999816894531,82.85340118408203,82.9000015258789,35896
2026-07-27 09:43:00-04:00,83.0,83.0,83.0199966430664,82.93000030517578,82.93000030517578,80754
2026-07-27 09:44:00-04:00,82.86000061035156,82.86000061035156,83.0,82.81999969482422,82.98999786376953,93864
2026-07-27 09:45:00-04:00,82.9000015258789,82.9000015258789,82.91999816894531,82.81999969482422,82.87000274658203,88669
2026-07-27 09:46:00-04:00,82.91079711914062,82.91079711914062,83.01000213623047,82.87999725341797,82.9000015258789,29650
2026-07-27 09:47:00-04:00,82.97000122070312,82.97000122070312,82.9800033569336,82.9000015258789,82.91000366210938,25486
2026-07-27 09:48:00-04:00,82.91000366210938,82.91000366210938,83.01000213623047,82.9000015258789,82.9749984741211,27769
2026-07-27 09:49:00-04:00,82.88999938964844,82.88999938964844,82.91000366210938,82.79000091552734,82.9000015258789,68112
2026-07-27 09:50:00-04:00,82.86000061035156,82.86000061035156,83.0199966430664,82.8550033569336,82.88999938964844,64047
2026-07-27 09:51:00-04:00,82.83999633789062,82.83999633789062,83.0199966430664,82.77999877929688,82.86499786376953,58301
2026-07-27 09:52:00-04:00,82.80999755859375,82.80999755859375,82.8949966430664,82.79000091552734,82.83999633789062,64205
2026-07-27 09:53:00-04:00,82.875,82.875,82.94499969482422,82.81999969482422,82.81999969482422,37316
2026-07-27 09:54:00-04:00,82.83499908447266,82.83499908447266,82.9000015258789,82.80000305175781,82.875,41376
2026-07-27 09:55:00-04:00,82.87999725341797,82.87999725341797,82.93000030517578,82.78500366210938,82.81999969482422,56529
2026-07-27 09:56:00-04:00,82.87899780273438,82.87899780273438,82.94999694824219,82.87000274658203,82.88999938964844,27486
2026-07-27 09:57:00-04:00,82.87000274658203,82.87000274658203,82.89990234375,82.83000183105469,82.87000274658203,45885
2026-07-27 09:58:00-04:00,82.8499984741211,82.8499984741211,82.88999938964844,82.8499984741211,82.87999725341797,35092
2026-07-27 09:59:00-04:00,82.86499786376953,82.86499786376953,82.8949966430664,82.81999969482422,82.86000061035156,43732
2026-07-27 10:00:00-04:00,82.87000274658203,82.87000274658203,82.8949966430664,82.81999969482422,82.86000061035156,38551
2026-07-27 10:01:00-04:00,82.94999694824219,82.94999694824219,82.97000122070312,82.87000274658203,82.87000274658203,50653
2026-07-27 10:02:00-04:00,83.03500366210938,83.03500366210938,83.03949737548828,82.94999694824219,82.94999694824219,55216
2026-07-27 10:03:00-04:00,83.04000091552734,83.04000091552734,83.07499694824219,83.01000213623047,83.03500366210938,71471
2026-07-27 10:04:00-04:00,82.91999816894531,82.91999816894531,83.06999969482422,82.91999816894531,83.04000091552734,118350
2026-07-27 10:05:00-04:00,82.9843978881836,82.9843978881836,82.9843978881836,82.86000061035156,82.91500091552734,36317
2026-07-27 10:06:00-04:00,83.01499938964844,83.01499938964844,83.04499816894531,82.95999908447266,82.97509765625,30493
2026-07-27 10:07:00-04:00,82.93009948730469,82.93009948730469,83.02999877929688,82.91000366210938,83.01499938964844,44785
2026-07-27 10:08:00-04:00,82.95999908447266,82.95999908447266,82.9749984741211,82.9000015258789,82.94999694824219,61430
2026-07-27 10:09:00-04:00,82.94000244140625,82.94000244140625,82.95999908447266,82.93000030517578,82.94000244140625,18289
2026-07-27 10:10:00-04:00,82.98999786376953,82.98999786376953,83.01499938964844,82.93499755859375,82.94000244140625,39022
2026-07-27 10:11:00-04:00,83.0,83.0,83.04940032958984,82.9749984741211,82.98999786376953,35177
2026-07-27 10:12:00-04:00,82.875,82.875,83.00990295410156,82.875,82.98999786376953,34592
2026-07-27 10:13:00-04:00,82.83000183105469,82.83000183105469,82.8906021118164,82.81500244140625,82.87999725341797,50082
2026-07-27 10:14:00-04:00,82.80010223388672,82.80010223388672,82.87000274658203,82.79000091552734,82.83000183105469,30613
2026-07-27 10:15:00-04:00,82.94879913330078,82.94879913330078,82.95999908447266,82.7300033569336,82.80999755859375,84024
2026-07-27 10:16:00-04:00,83.05000305175781,83.05000305175781,83.05500030517578,82.91999816894531,82.94000244140625,62130
2026-07-27 10:17:00-04:00,83.13999938964844,83.13999938964844,83.16500091552734,83.04000091552734,83.05000305175781,65544
2026-07-27 10:18:00-04:00,83.12000274658203,83.12000274658203,83.1500015258789,83.0999984741211,83.13999938964844,29024
2026-07-27 10:19:00-04:00,83.08000183105469,83.08000183105469,83.12000274658203,83.08000183105469,83.12000274658203,22372
2026-07-27 10:20:00-04:00,83.18000030517578,83.18000030517578,83.18000030517578,83.08000183105469,83.08000183105469,23653
2026-07-27 10:21:00-04:00,83.16000366210938,83.16000366210938,83.22000122070312,83.13999938964844,83.18000030517578,34640
2026-07-27 10:22:00-04:00,83.2249984741211,83.2249984741211,83.2300033569336,83.13999938964844,83.16999816894531,48671
2026-07-27 10:23:00-04:00,83.2699966430664,83.2699966430664,83.30000305175781,83.18499755859375,83.22000122070312,80317
2026-07-27 10:24:00-04:00,83.26000213623047,83.26000213623047,83.29989624023438,83.20999908447266,83.2699966430664,35422
2026-07-27 10:25:00-04:00,83.30000305175781,83.30000305175781,83.32499694824219,83.25,83.26000213623047,24699
2026-07-27 10:26:00-04:00,83.2300033569336,83.2300033569336,83.30000305175781,83.20999908447266,83.29000091552734,29367
2026-07-27 10:27:00-04:00,83.2300033569336,83.2300033569336,83.2699966430664,83.20999908447266,83.22000122070312,45556
2026-07-27 10:28:00-04:00,83.29010009765625,83.29010009765625,83.32499694824219,83.2300033569336,83.2300033569336,25479
2026-07-27 10:29:00-04:00,83.31999969482422,83.31999969482422,83.33000183105469,83.30000305175781,83.30500030517578,29644
2026-07-27 10:30:00-04:00,83.3949966430664,83.3949966430664,83.3949966430664,83.30000305175781,83.31999969482422,36617
2026-07-27 10:31:00-04:00,83.38500213623047,83.38500213623047,83.41999816894531,83.37000274658203,83.3949966430664,22527
2026-07-27 10:32:00-04:00,83.41999816894531,83.41999816894531,83.44000244140625,83.36000061035156,83.37999725341797,40034
2026-07-27 10:33:00-04:00,83.41999816894531,83.41999816894531,83.44000244140625,83.3949966430664,83.41999816894531,20230
2026-07-27 10:34:00-04:00,83.43499755859375,83.43499755859375,83.45999908447266,83.40499877929688,83.43000030517578,22185
2026-07-27 10:35:00-04:00,83.4000015258789,83.4000015258789,83.46499633789062,83.3949966430664,83.43000030517578,24469
2026-07-27 10:36:00-04:00,83.53929901123047,83.53929901123047,83.53929901123047,83.41000366210938,83.41000366210938,36612
2026-07-27 10:37:00-04:00,83.55999755859375,83.55999755859375,83.56500244140625,83.50749969482422,83.53600311279297,17960
2026-07-27 10:38:00-04:00,83.61000061035156,83.61000061035156,83.61000061035156,83.50990295410156,83.55999755859375,58541
2026-07-27 10:39:00-04:00,83.63469696044922,83.63469696044922,83.63999938964844,83.58570098876953,83.61000061035156,25069
2026-07-27 10:40:00-04:00,83.66999816894531,83.66999816894531,83.69999694824219,83.63999938964844,83.63999938964844,16172
2026-07-27 10:41:00-04:00,83.78250122070312,83.78250122070312,83.81999969482422,83.66000366210938,83.66999816894531,31911
2026-07-27 10:42:00-04:00,83.7699966430664,83.7699966430664,83.80999755859375,83.76000213623047,83.77999877929688,45398
2026-07-27 10:43:00-04:00,83.83999633789062,83.83999633789062,83.8499984741211,83.76000213623047,83.76000213623047,35344
2026-07-27 10:44:00-04:00,83.87999725341797,83.87999725341797,83.91000366210938,83.82140350341797,83.83000183105469,39692
2026-07-27 10:45:00-04:00,83.70999908447266,83.70999908447266,83.87999725341797,83.69000244140625,83.87999725341797,52313
2026-07-27 10:46:00-04:00,83.56089782714844,83.56089782714844,83.7300033569336,83.55999755859375,83.70999908447266,35180
2026-07-27 10:47:00-04:00,83.44000244140625,83.44000244140625,83.58000183105469,83.43000030517578,83.56500244140625,29643
2026-07-27 10:48:00-04:00,83.38999938964844,83.38999938964844,83.45999908447266,83.37999725341797,83.44000244140625,22888
2026-07-27 10:49:00-04:00,83.2699966430664,83.2699966430664,83.4000015258789,83.26000213623047,83.37999725341797,41937
2026-07-27 10:50:00-04:00,83.22000122070312,83.22000122070312,83.2699966430664,83.19000244140625,83.25499725341797,32979
2026-07-27 10:51:00-04:00,83.2300033569336,83.2300033569336,83.23999786376953,83.16000366210938,83.20999908447266,67068
2026-07-27 10:52:00-04:00,83.23500061035156,83.23500061035156,83.2594985961914,83.19499969482422,83.2300033569336,43904
2026-07-27 10:53:00-04:00,83.26499938964844,83.26499938964844,83.29000091552734,83.23500061035156,83.23500061035156,18478
2026-07-27 10:54:00-04:00,83.29000091552734,83.29000091552734,83.29000091552734,83.23999786376953,83.26000213623047,27112
2026-07-27 10:55:00-04:00,83.26499938964844,83.26499938964844,83.34500122070312,83.25499725341797,83.29499816894531,44463
2026-07-27 10:56:00-04:00,83.31999969482422,83.31999969482422,83.31999969482422,83.2300033569336,83.26010131835938,53651
2026-07-27 10:57:00-04:00,83.34500122070312,83.34500122070312,83.3499984741211,83.26499938964844,83.30999755859375,52390
2026-07-27 10:58:00-04:00,83.36499786376953,83.36499786376953,83.37000274658203,83.32849884033203,83.33999633789062,40684
2026-07-27 10:59:00-04:00,83.38999938964844,83.38999938964844,83.41000366210938,83.33999633789062,83.37000274658203,35969
2026-07-27 11:00:00-04:00,83.41999816894531,83.41999816894531,83.43000030517578,83.37999725341797,83.37999725341797,43773
2026-07-27 11:01:00-04:00,83.5,83.5,83.5,83.43000030517578,83.43000030517578,27330
2026-07-27 11:02:00-04:00,83.5199966430664,83.5199966430664,83.55000305175781,83.5,83.5,50966
2026-07-27 11:03:00-04:00,83.51000213623047,83.51000213623047,83.5199966430664,83.47000122070312,83.5199966430664,29216
2026-07-27 11:04:00-04:00,83.52999877929688,83.52999877929688,83.54930114746094,83.46499633789062,83.51000213623047,38402
2026-07-27 11:05:00-04:00,83.57009887695312,83.57009887695312,83.62000274658203,83.5199966430664,83.5250015258789,58898
2026-07-27 11:06:00-04:00,83.55000305175781,83.55000305175781,83.58999633789062,83.54000091552734,83.56999969482422,62295
2026-07-27 11:07:00-04:00,83.48500061035156,83.48500061035156,83.55999755859375,83.47000122070312,83.55000305175781,44652
2026-07-27 11:08:00-04:00,83.5,83.5,83.51000213623047,83.44000244140625,83.48500061035156,52861
2026-07-27 11:09:00-04:00,83.44999694824219,83.44999694824219,83.54000091552734,83.44999694824219,83.51000213623047,50631
2026-07-27 11:10:00-04:00,83.44999694824219,83.44999694824219,83.48999786376953,83.37999725341797,83.46499633789062,43844
2026-07-27 11:11:00-04:00,83.5199966430664,83.5199966430664,83.53970336914062,83.43000030517578,83.45500183105469,39384
2026-07-27 11:12:00-04:00,83.56500244140625,83.56500244140625,83.58499908447266,83.48500061035156,83.51000213623047,31438
2026-07-27 11:13:00-04:00,83.6249008178711,83.6249008178711,83.6500015258789,83.56500244140625,83.56500244140625,32344
2026-07-27 11:14:00-04:00,83.69000244140625,83.69000244140625,83.69000244140625,83.61499786376953,83.62000274658203,62198
2026-07-27 11:15:00-04:00,83.73500061035156,83.73500061035156,83.75,83.65499877929688,83.69000244140625,77866
2026-07-27 11:16:00-04:00,83.76499938964844,83.76499938964844,83.79000091552734,83.70570373535156,83.7300033569336,66143
2026-07-27 11:17:00-04:00,83.73999786376953,83.73999786376953,83.76499938964844,83.70999908447266,83.76499938964844,20164
2026-07-27 11:18:00-04:00,83.67859649658203,83.67859649658203,83.75499725341797,83.66000366210938,83.73999786376953,29517
2026-07-27 11:19:00-04:00,83.62999725341797,83.62999725341797,83.68000030517578,83.62000274658203,83.66999816894531,42215
2026-07-27 11:20:00-04:00,83.62000274658203,83.62000274658203,83.68000030517578,83.5999984741211,83.62999725341797,18820
2026-07-27 11:21:00-04:00,83.59010314941406,83.59010314941406,83.62000274658203,83.55999755859375,83.58999633789062,19168
2026-07-27 11:22:00-04:00,83.61000061035156,83.61000061035156,83.62000274658203,83.58999633789062,83.61499786376953,18900
2026-07-27 11:23:00-04:00,83.66999816894531,83.66999816894531,83.69999694824219,83.6050033569336,83.6050033569336,28007
2026-07-27 11:24:00-04:00,83.69000244140625,83.69000244140625,83.70999908447266,83.66000366210938,83.66999816894531,38253
2026-07-27 11:25:00-04:00,83.71499633789062,83.71499633789062,83.7300033569336,83.68000030517578,83.68000030517578,63553
2026-07-27 11:26:00-04:00,83.76499938964844,83.76499938964844,83.76499938964844,83.70500183105469,83.71499633789062,35384
2026-07-27 11:27:00-04:00,83.81999969482422,83.81999969482422,83.81999969482422,83.7699966430664,83.7699966430664,39406
2026-07-27 11:28:00-04:00,83.86499786376953,83.86499786376953,83.87000274658203,83.80999755859375,83.81999969482422,33261
2026-07-27 11:29:00-04:00,83.79499816894531,83.79499816894531,83.86499786376953,83.77999877929688,83.86499786376953,65820
2026-07-27 11:30:00-04:00,83.75,83.75,83.80000305175781,83.72000122070312,83.79499816894531,36613
2026-07-27 11:31:00-04:00,83.75499725341797,83.75499725341797,83.7699966430664,83.69499969482422,83.7384262084961,28999
2026-07-27 11:32:00-04:00,83.77999877929688,83.77999877929688,83.80500030517578,83.75,83.76499938964844,27310
2026-07-27 11:33:00-04:00,83.82499694824219,83.82499694824219,83.83999633789062,83.79000091552734,83.79000091552734,15764
2026-07-27 11:34:00-04:00,83.80999755859375,83.80999755859375,83.84500122070312,83.80180358886719,83.81999969482422,19781
2026-07-27 11:35:00-04:00,83.82587432861328,83.82587432861328,83.8499984741211,83.80000305175781,83.81500244140625,45144
2026-07-27 11:36:00-04:00,83.83999633789062,83.83999633789062,83.8499984741211,83.79180145263672,83.83000183105469,17464
2026-07-27 11:37:00-04:00,83.86499786376953,83.86499786376953,83.86499786376953,83.80999755859375,83.83999633789062,36026
2026-07-27 11:38:00-04:00,83.9000015258789,83.9000015258789,83.9000015258789,83.86000061035156,83.86000061035156,13278
2026-07-27 11:39:00-04:00,83.98999786376953,83.98999786376953,83.98999786376953,83.86000061035156,83.88999938964844,125140
2026-07-27 11:40:00-04:00,84.05000305175781,84.05000305175781,84.11000061035156,83.98999786376953,83.98999786376953,78677
2026-07-27 11:41:00-04:00,83.99500274658203,83.99500274658203,84.05000305175781,83.98999786376953,84.05000305175781,26448
2026-07-27 11:42:00-04:00,83.98999786376953,83.98999786376953,83.99500274658203,83.94999694824219,83.97000122070312,23398
2026-07-27 11:43:00-04:00,83.94750213623047,83.94750213623047,83.99500274658203,83.93000030517578,83.99500274658203,28529
2026-07-27 11:44:00-04:00,83.93000030517578,83.93000030517578,83.94999694824219,83.87999725341797,83.94000244140625,22711
2026-07-27 11:45:00-04:00,83.88500213623047,83.88500213623047,83.93000030517578,83.87000274658203,83.93000030517578,36807
2026-07-27 11:46:00-04:00,83.875,83.875,83.90499877929688,83.86000061035156,83.88500213623047,13062
2026-07-27 11:47:00-04:00,83.87999725341797,83.87999725341797,83.88500213623047,83.8499984741211,83.87000274658203,24822
2026-07-27 11:48:00-04:00,83.8499984741211,83.8499984741211,83.87000274658203,83.81999969482422,83.87000274658203,12072
2026-07-27 11:49:00-04:00,83.80999755859375,83.80999755859375,83.86499786376953,83.80999755859375,83.84500122070312,13975
2026-07-27 11:50:00-04:00,83.80999755859375,83.80999755859375,83.81999969482422,83.79000091552734,83.80999755859375,14457
2026-07-27 11:51:00-04:00,83.86000061035156,83.86000061035156,83.86000061035156,83.77999877929688,83.80000305175781,47395
2026-07-27 11:52:00-04:00,83.86499786376953,83.86499786376953,83.88500213623047,83.8499984741211,83.86000061035156,15076
2026-07-27 11:53:00-04:00,83.8949966430664,83.8949966430664,83.9000015258789,83.86000061035156,83.87000274658203,17994
2026-07-27 11:54:00-04:00,83.91500091552734,83.91500091552734,83.91999816894531,83.87999725341797,83.8949966430664,19333
2026-07-27 11:55:00-04:00,83.87000274658203,83.87000274658203,83.91000366210938,83.86000061035156,83.90499877929688,19265
2026-07-27 11:56:00-04:00,83.8499984741211,83.8499984741211,83.87000274658203,83.8499984741211,83.86000061035156,15135
2026-07-27 11:57:00-04:00,83.80999755859375,83.80999755859375,83.87000274658203,83.79000091552734,83.8499984741211,29915
2026-07-27 11:58:00-04:00,83.81500244140625,83.81500244140625,83.83000183105469,83.79000091552734,83.80999755859375,14740
2026-07-27 11:59:00-04:00,83.82499694824219,83.82499694824219,83.83000183105469,83.80449676513672,83.80999755859375,25254
2026-07-27 12:00:00-04:00,83.77999877929688,83.77999877929688,83.83000183105469,83.7699966430664,83.81999969482422,26951
2026-07-27 12:01:00-04:00,83.76000213623047,83.76000213623047,83.7699966430664,83.75,83.7699966430664,14237
2026-07-27 12:02:00-04:00,83.7699966430664,83.7699966430664,83.7699966430664,83.73500061035156,83.75,38472
2026-07-27 12:03:00-04:00,83.75499725341797,83.75499725341797,83.76000213623047,83.72000122070312,83.76000213623047,33207
2026-07-27 12:04:00-04:00,83.72000122070312,83.72000122070312,83.76000213623047,83.69999694824219,83.76000213623047,16544
2026-07-27 12:05:00-04:00,83.72000122070312,83.72000122070312,83.7249984741211,83.68000030517578,83.72000122070312,20463
2026-07-27 12:06:00-04:00,83.72000122070312,83.72000122070312,83.75499725341797,83.70999908447266,83.70999908447266,18659
2026-07-27 12:07:00-04:00,83.6698989868164,83.6698989868164,83.72000122070312,83.63999938964844,83.72000122070312,19523
2026-07-27 12:08:00-04:00,83.63999938964844,83.63999938964844,83.67500305175781,83.625,83.66999816894531,20119
2026-07-27 12:09:00-04:00,83.6500015258789,83.6500015258789,83.6698989868164,83.63459777832031,83.63459777832031,18734
2026-07-27 12:10:00-04:00,83.58000183105469,83.58000183105469,83.65499877929688,83.58000183105469,83.65499877929688,21415
2026-07-27 12:11:00-04:00,83.625,83.625,83.625,83.56999969482422,83.56999969482422,22423
2026-07-27 12:12:00-04:00,83.62000274658203,83.62000274658203,83.63500213623047,83.6050033569336,83.62000274658203,23756
2026-07-27 12:13:00-04:00,83.66500091552734,83.66500091552734,83.68000030517578,83.625,83.625,35030
2026-07-27 12:14:00-04:00,83.68000030517578,83.68000030517578,83.69499969482422,83.6500015258789,83.66500091552734,49990
2026-07-27 12:15:00-04:00,83.68000030517578,83.68000030517578,83.69499969482422,83.66000366210938,83.66999816894531,51394
2026-07-27 12:16:00-04:00,83.73999786376953,83.73999786376953,83.75,83.69000244140625,83.69000244140625,20586
2026-07-27 12:17:00-04:00,83.74500274658203,83.74500274658203,83.78500366210938,83.74500274658203,83.75,22622
2026-07-27 12:18:00-04:00,83.7300033569336,83.7300033569336,83.76000213623047,83.7300033569336,83.74500274658203,16248
2026-07-27 12:19:00-04:00,83.76000213623047,83.76000213623047,83.79000091552734,83.7300033569336,83.73500061035156,21591
2026-07-27 12:20:00-04:00,83.76010131835938,83.76010131835938,83.79499816894531,83.76000213623047,83.76439666748047,39774
2026-07-27 12:21:00-04:00,83.7699966430664,83.7699966430664,83.79000091552734,83.75499725341797,83.76499938964844,29582
2026-07-27 12:22:00-04:00,83.79000091552734,83.79000091552734,83.79000091552734,83.7697982788086,83.7697982788086,8878
2026-07-27 12:23:00-04:00,83.73999786376953,83.73999786376953,83.78500366210938,83.73999786376953,83.78500366210938,23106
2026-07-27 12:24:00-04:00,83.66999816894531,83.66999816894531,83.73999786376953,83.66500091552734,83.7300033569336,15827
2026-07-27 12:25:00-04:00,83.6449966430664,83.6449966430664,83.68000030517578,83.62000274658203,83.66999816894531,55677
2026-07-27 12:26:00-04:00,83.61000061035156,83.61000061035156,83.63999938964844,83.58999633789062,83.63500213623047,36626
2026-07-27 12:27:00-04:00,83.58000183105469,83.58000183105469,83.61620330810547,83.54000091552734,83.61620330810547,45316
2026-07-27 12:28:00-04:00,83.50499725341797,83.50499725341797,83.57499694824219,83.5,83.57499694824219,91295
2026-07-27 12:29:00-04:00,83.5,83.5,83.5199966430664,83.4800033569336,83.5,26658
2026-07-27 12:30:00-04:00,83.45999908447266,83.45999908447266,83.5,83.41000366210938,83.49500274658203,85956
2026-07-27 12:31:00-04:00,83.48999786376953,83.48999786376953,83.5199966430664,83.45999908447266,83.47000122070312,39563
2026-07-27 12:32:00-04:00,83.5199966430664,83.5199966430664,83.53500366210938,83.48999786376953,83.48999786376953,43153
2026-07-27 12:33:00-04:00,83.5,83.5,83.5199966430664,83.48999786376953,83.5199966430664,13831
2026-07-27 12:34:00-04:00,83.55500030517578,83.55500030517578,83.55999755859375,83.48999786376953,83.5,29016
2026-07-27 12:35:00-04:00,83.55000305175781,83.55000305175781,83.55999755859375,83.52999877929688,83.55999755859375,28387
2026-07-27 12:36:00-04:00,83.53500366210938,83.53500366210938,83.55999755859375,83.53269958496094,83.55000305175781,31963
2026-07-27 12:37:00-04:00,83.53510284423828,83.53510284423828,83.53510284423828,83.5,83.5250015258789,13907
2026-07-27 12:38:00-04:00,83.45999908447266,83.45999908447266,83.52999877929688,83.45500183105469,83.52999877929688,17228
2026-07-27 12:39:00-04:00,83.45999908447266,83.45999908447266,83.45999908447266,83.43000030517578,83.45999908447266,14576
2026-07-27 12:40:00-04:00,83.51499938964844,83.51499938964844,83.55500030517578,83.45999908447266,83.45999908447266,32325
2026-07-27 12:41:00-04:00,83.55000305175781,83.55000305175781,83.56500244140625,83.51499938964844,83.51499938964844,26774
2026-07-27 12:42:00-04:00,83.58999633789062,83.58999633789062,83.5999984741211,83.55000305175781,83.55000305175781,18925
2026-07-27 12:43:00-04:00,83.61000061035156,83.61000061035156,83.61000061035156,83.58999633789062,83.59500122070312,16946
2026-07-27 12:44:00-04:00,83.62000274658203,83.62000274658203,83.63500213623047,83.61499786376953,83.62000274658203,18025
2026-07-27 12:45:00-04:00,83.62999725341797,83.62999725341797,83.65789794921875,83.62000274658203,83.625,17311
2026-07-27 12:46:00-04:00,83.6449966430664,83.6449966430664,83.6500015258789,83.61000061035156,83.625,17990
2026-07-27 12:47:00-04:00,83.62000274658203,83.62000274658203,83.6500015258789,83.5999984741211,83.6449966430664,23641
2026-07-27 12:48:00-04:00,83.59500122070312,83.59500122070312,83.63500213623047,83.59500122070312,83.62999725341797,13425
2026-07-27 12:49:00-04:00,83.61000061035156,83.61000061035156,83.62999725341797,83.58999633789062,83.58999633789062,20301
2026-07-27 12:50:00-04:00,83.61000061035156,83.61000061035156,83.62999725341797,83.58499908447266,83.61499786376953,21400
2026-07-27 12:51:00-04:00,83.65989685058594,83.65989685058594,83.67500305175781,83.62000274658203,83.62000274658203,23881
2026-07-27 12:52:00-04:00,83.5999984741211,83.5999984741211,83.66000366210938,83.5999984741211,83.66000366210938,15411
2026-07-27 12:53:00-04:00,83.62000274658203,83.62000274658203,83.6500015258789,83.61000061035156,83.62000274658203,31631
2026-07-27 12:54:00-04:00,83.6500015258789,83.6500015258789,83.67500305175781,83.62999725341797,83.63999938964844,24357
2026-07-27 12:55:00-04:00,83.67990112304688,83.67990112304688,83.68000030517578,83.63999938964844,83.63999938964844,10019
2026-07-27 12:56:00-04:00,83.6449966430664,83.6449966430664,83.66999816894531,83.62999725341797,83.66999816894531,17778
2026-07-27 12:57:00-04:00,83.63999938964844,83.63999938964844,83.6500015258789,83.61000061035156,83.6449966430664,16746
2026-07-27 12:58:00-04:00,83.63999938964844,83.63999938964844,83.6500015258789,83.62000274658203,83.63500213623047,12706
2026-07-27 12:59:00-04:00,83.625,83.625,83.6500015258789,83.62000274658203,83.625,15312
2026-07-27 13:00:00-04:00,83.5999984741211,83.5999984741211,83.63999938964844,83.5999984741211,83.62000274658203,11955
2026-07-27 13:01:00-04:00,83.69499969482422,83.69499969482422,83.69499969482422,83.61000061035156,83.61000061035156,21334
2026-07-27 13:02:00-04:00,83.69999694824219,83.69999694824219,83.70500183105469,83.66020202636719,83.697998046875,17772
2026-07-27 13:03:00-04:00,83.63999938964844,83.63999938964844,83.71499633789062,83.63999938964844,83.69999694824219,16329
2026-07-27 13:04:00-04:00,83.66500091552734,83.66500091552734,83.66500091552734,83.63500213623047,83.6449966430664,18523
2026-07-27 13:05:00-04:00,83.66999816894531,83.66999816894531,83.67500305175781,83.6449966430664,83.66999816894531,18393
2026-07-27 13:06:00-04:00,83.69999694824219,83.69999694824219,83.70500183105469,83.65010070800781,83.66999816894531,15508
2026-07-27 13:07:00-04:00,83.71499633789062,83.71499633789062,83.73500061035156,83.69000244140625,83.69999694824219,30738
2026-07-27 13:08:00-04:00,83.68000030517578,83.68000030517578,83.75,83.68000030517578,83.71499633789062,56136
2026-07-27 13:09:00-04:00,83.66999816894531,83.66999816894531,83.68000030517578,83.6500015258789,83.68000030517578,9107
2026-07-27 13:10:00-04:00,83.66000366210938,83.66000366210938,83.67500305175781,83.66000366210938,83.66999816894531,9876
2026-07-27 13:11:00-04:00,83.70500183105469,83.70500183105469,83.7300033569336,83.6500015258789,83.6500015258789,21217
2026-07-27 13:12:00-04:00,83.70570373535156,83.70570373535156,83.70999908447266,83.69000244140625,83.70999908447266,5489
2026-07-27 13:13:00-04:00,83.69000244140625,83.69000244140625,83.70999908447266,83.69000244140625,83.69999694824219,7674
2026-07-27 13:14:00-04:00,83.66999816894531,83.66999816894531,83.69000244140625,83.6510009765625,83.69000244140625,12699
2026-07-27 13:15:00-04:00,83.66999816894531,83.66999816894531,83.68499755859375,83.66000366210938,83.66999816894531,21108
2026-07-27 13:16:00-04:00,83.70999908447266,83.70999908447266,83.70999908447266,83.66000366210938,83.66000366210938,9626
2026-07-27 13:17:00-04:00,83.75499725341797,83.75499725341797,83.7699966430664,83.72000122070312,83.72000122070312,15684
2026-07-27 13:18:00-04:00,83.75,83.75,83.7697982788086,83.74500274658203,83.75,15818
2026-07-27 13:19:00-04:00,83.74500274658203,83.74500274658203,83.75499725341797,83.7300033569336,83.73999786376953,10755
2026-07-27 13:20:00-04:00,83.69999694824219,83.69999694824219,83.7499008178711,83.68499755859375,83.74500274658203,18563
2026-07-27 13:21:00-04:00,83.7249984741211,83.7249984741211,83.72989654541016,83.68499755859375,83.69999694824219,9242
2026-07-27 13:22:00-04:00,83.71499633789062,83.71499633789062,83.75,83.71009826660156,83.72000122070312,17663
2026-07-27 13:23:00-04:00,83.7300033569336,83.7300033569336,83.7300033569336,83.70500183105469,83.72000122070312,9930
2026-07-27 13:24:00-04:00,83.70999908447266,83.70999908447266,83.73999786376953,83.70999908447266,83.7300033569336,11347
2026-07-27 13:25:00-04:00,83.73500061035156,83.73500061035156,83.73500061035156,83.70999908447266,83.70999908447266,11320
2026-07-27 13:26:00-04:00,83.70500183105469,83.70500183105469,83.74500274658203,83.69999694824219,83.73500061035156,11437
2026-07-27 13:27:00-04:00,83.70999908447266,83.70999908447266,83.7300033569336,83.70500183105469,83.70500183105469,10767
2026-07-27 13:28:00-04:00,83.69999694824219,83.69999694824219,83.70999908447266,83.69000244140625,83.70999908447266,18548
2026-07-27 13:29:00-04:00,83.69999694824219,83.69999694824219,83.71499633789062,83.69000244140625,83.69999694824219,36457
2026-07-27 13:30:00-04:00,83.69000244140625,83.69000244140625,83.72000122070312,83.69000244140625,83.70500183105469,10998
2026-07-27 13:31:00-04:00,83.72000122070312,83.72000122070312,83.7300033569336,83.69000244140625,83.69000244140625,10732
2026-07-27 13:32:00-04:00,83.70500183105469,83.70500183105469,83.73999786376953,83.70500183105469,83.7249984741211,13459
2026-07-27 13:33:00-04:00,83.69999694824219,83.69999694824219,83.70999908447266,83.69499969482422,83.70500183105469,11392
2026-07-27 13:34:00-04:00,83.70500183105469,83.70500183105469,83.70999908447266,83.68000030517578,83.69999694824219,13590
2026-07-27 13:35:00-04:00,83.71499633789062,83.71499633789062,83.71499633789062,83.69000244140625,83.70500183105469,22845
2026-07-27 13:36:00-04:00,83.69999694824219,83.69999694824219,83.7300033569336,83.69499969482422,83.72000122070312,18693
2026-07-27 13:37:00-04:00,83.69499969482422,83.69499969482422,83.70999908447266,83.67500305175781,83.70500183105469,16615
2026-07-27 13:38:00-04:00,83.69499969482422,83.69499969482422,83.70500183105469,83.67500305175781,83.69509887695312,15946
2026-07-27 13:39:00-04:00,83.70999908447266,83.70999908447266,83.70999908447266,83.69499969482422,83.69499969482422,16523
2026-07-27 13:40:00-04:00,83.7300033569336,83.7300033569336,83.73519897460938,83.70999908447266,83.70999908447266,19246
2026-07-27 13:41:00-04:00,83.7300033569336,83.7300033569336,83.74500274658203,83.70999908447266,83.73500061035156,29309
2026-07-27 13:42:00-04:00,83.7300033569336,83.7300033569336,83.73999786376953,83.70999908447266,83.73989868164062,13582
2026-07-27 13:43:00-04:00,83.73500061035156,83.73500061035156,83.75,83.7300033569336,83.7301025390625,11840
2026-07-27 13:44:00-04:00,83.75,83.75,83.75499725341797,83.73989868164062,83.73989868164062,9892
2026-07-27 13:45:00-04:00,83.75990295410156,83.75990295410156,83.7699966430664,83.73999786376953,83.73999786376953,18067
2026-07-27 13:46:00-04:00,83.71499633789062,83.71499633789062,83.75509643554688,83.69000244140625,83.75,27437
2026-07-27 13:47:00-04:00,83.70999908447266,83.70999908447266,83.72000122070312,83.69499969482422,83.70999908447266,38798
2026-07-27 13:48:00-04:00,83.73999786376953,83.73999786376953,83.73999786376953,83.69499969482422,83.70800018310547,19438
2026-07-27 13:49:00-04:00,83.7249984741211,83.7249984741211,83.73999786376953,83.72000122070312,83.73999786376953,6103
2026-07-27 13:50:00-04:00,83.72000122070312,83.72000122070312,83.7300033569336,83.70359802246094,83.7249984741211,18624
2026-07-27 13:51:00-04:00,83.76000213623047,83.76000213623047,83.77410125732422,83.72000122070312,83.7249984741211,10560
2026-07-27 13:52:00-04:00,83.75,83.75,83.76000213623047,83.73999786376953,83.76000213623047,10000
2026-07-27 13:53:00-04:00,83.83499908447266,83.83499908447266,83.83499908447266,83.75,83.75,36755
2026-07-27 13:54:00-04:00,83.83999633789062,83.83999633789062,83.83999633789062,83.80999755859375,83.83000183105469,27386
2026-07-27 13:55:00-04:00,83.83999633789062,83.83999633789062,83.8499984741211,83.80999755859375,83.83499908447266,45063
2026-07-27 13:56:00-04:00,83.86000061035156,83.86000061035156,83.87000274658203,83.83000183105469,83.83499908447266,25896
2026-07-27 13:57:00-04:00,83.8499984741211,83.8499984741211,83.86000061035156,83.83999633789062,83.86000061035156,21528
2026-07-27 13:58:00-04:00,83.84500122070312,83.84500122070312,83.86000061035156,83.81999969482422,83.86000061035156,29419
2026-07-27 13:59:00-04:00,83.8550033569336,83.8550033569336,83.86000061035156,83.83999633789062,83.8499984741211,8079
2026-07-27 14:00:00-04:00,83.83000183105469,83.83000183105469,83.8550033569336,83.80999755859375,83.8550033569336,29135
2026-07-27 14:01:00-04:00,83.82499694824219,83.82499694824219,83.83499908447266,83.80000305175781,83.83499908447266,27158
2026-07-27 14:02:00-04:00,83.83999633789062,83.83999633789062,83.8499984741211,83.83000183105469,83.83000183105469,12803
2026-07-27 14:03:00-04:00,83.84500122070312,83.84500122070312,83.8550033569336,83.83499908447266,83.83499908447266,9370
2026-07-27 14:04:00-04:00,83.86000061035156,83.86000061035156,83.86499786376953,83.8499984741211,83.8499984741211,19978
2026-07-27 14:05:00-04:00,83.88500213623047,83.88500213623047,83.88500213623047,83.83999633789062,83.86000061035156,22226
2026-07-27 14:06:00-04:00,83.9000015258789,83.9000015258789,83.92500305175781,83.87999725341797,83.88999938964844,33902
2026-07-27 14:07:00-04:00,83.90499877929688,83.90499877929688,83.91500091552734,83.88999938964844,83.88999938964844,7705
2026-07-27 14:08:00-04:00,83.91999816894531,83.91999816894531,83.93499755859375,83.9000015258789,83.9000015258789,18980
2026-07-27 14:09:00-04:00,83.9000015258789,83.9000015258789,83.91999816894531,83.9000015258789,83.91999816894531,23335
2026-07-27 14:10:00-04:00,83.87999725341797,83.87999725341797,83.91999816894531,83.87999725341797,83.90499877929688,58114
2026-07-27 14:11:00-04:00,83.91999816894531,83.91999816894531,83.91999816894531,83.86000061035156,83.88500213623047,24113
2026-07-27 14:12:00-04:00,83.91000366210938,83.91000366210938,83.92500305175781,83.90499877929688,83.91000366210938,16295
2026-07-27 14:13:00-04:00,83.94499969482422,83.94499969482422,83.94499969482422,83.90499877929688,83.91000366210938,10349
2026-07-27 14:14:00-04:00,83.94499969482422,83.94499969482422,83.95500183105469,83.92500305175781,83.94499969482422,15161
2026-07-27 14:15:00-04:00,83.95359802246094,83.95359802246094,83.96620178222656,83.91999816894531,83.94000244140625,26113
2026-07-27 14:16:00-04:00,83.98500061035156,83.98500061035156,83.99970245361328,83.95999908447266,83.95999908447266,17620
2026-07-27 14:17:00-04:00,84.00499725341797,84.00499725341797,84.0250015258789,83.98500061035156,83.98999786376953,44528
2026-07-27 14:18:00-04:00,83.95999908447266,83.95999908447266,84.01499938964844,83.95999908447266,84.0,30125
2026-07-27 14:19:00-04:00,84.00499725341797,84.00499725341797,84.00499725341797,83.95999908447266,83.95999908447266,18568
2026-07-27 14:20:00-04:00,84.01000213623047,84.01000213623047,84.0199966430664,84.0,84.0,10210
2026-07-27 14:21:00-04:00,84.01499938964844,84.01499938964844,84.03500366210938,84.0,84.01000213623047,19291
2026-07-27 14:22:00-04:00,84.0199966430664,84.0199966430664,84.05999755859375,84.01000213623047,84.01000213623047,21543
2026-07-27 14:23:00-04:00,84.0199966430664,84.0199966430664,84.03500366210938,84.00499725341797,84.0250015258789,13692
2026-07-27 14:24:00-04:00,84.05000305175781,84.05000305175781,84.07640075683594,84.04000091552734,84.04000091552734,23521
2026-07-27 14:25:00-04:00,84.05500030517578,84.05500030517578,84.06500244140625,84.04000091552734,84.05000305175781,19417
2026-07-27 14:26:00-04:00,84.0199966430664,84.0199966430664,84.05999755859375,84.0199966430664,84.05000305175781,20648
2026-07-27 14:27:00-04:00,84.01000213623047,84.01000213623047,84.02999877929688,84.0,84.0199966430664,15164
2026-07-27 14:28:00-04:00,84.04049682617188,84.04049682617188,84.04049682617188,84.00377655029297,84.01499938964844,12570
2026-07-27 14:29:00-04:00,84.0250015258789,84.0250015258789,84.05000305175781,84.0250015258789,84.04000091552734,5760
2026-07-27 14:30:00-04:00,84.0250015258789,84.0250015258789,84.03500366210938,84.01000213623047,84.0199966430664,18267
2026-07-27 14:31:00-04:00,84.05999755859375,84.05999755859375,84.05999755859375,84.01000213623047,84.0199966430664,13719
2026-07-27 14:32:00-04:00,84.1050033569336,84.1050033569336,84.12000274658203,84.05149841308594,84.05999755859375,36709
2026-07-27 14:33:00-04:00,84.09500122070312,84.09500122070312,84.13500213623047,84.08999633789062,84.11000061035156,28653
2026-07-27 14:34:00-04:00,84.08149719238281,84.08149719238281,84.0999984741211,84.08000183105469,84.09500122070312,15361
2026-07-27 14:35:00-04:00,84.05500030517578,84.05500030517578,84.08499908447266,84.0199966430664,84.08000183105469,40144
2026-07-27 14:36:00-04:00,84.09500122070312,84.09500122070312,84.1050033569336,84.05500030517578,84.05500030517578,15381
2026-07-27 14:37:00-04:00,84.05000305175781,84.05000305175781,84.0999984741211,84.05000305175781,84.08999633789062,20709
2026-07-27 14:38:00-04:00,84.06500244140625,84.06500244140625,84.06500244140625,84.04000091552734,84.04000091552734,11949
2026-07-27 14:39:00-04:00,84.06500244140625,84.06500244140625,84.06999969482422,84.05000305175781,84.05999755859375,13332
2026-07-27 14:40:00-04:00,84.08499908447266,84.08499908447266,84.08989715576172,84.06500244140625,84.06500244140625,16547
2026-07-27 14:41:00-04:00,84.04000091552734,84.04000091552734,84.08999633789062,84.04000091552734,84.0801010131836,57675
2026-07-27 14:42:00-04:00,84.06500244140625,84.06500244140625,84.06999969482422,84.0199966430664,84.04000091552734,16308
2026-07-27 14:43:00-04:00,84.08000183105469,84.08000183105469,84.08999633789062,84.06500244140625,84.06999969482422,11185
2026-07-27 14:44:00-04:00,84.03500366210938,84.03500366210938,84.07499694824219,84.0199966430664,84.07499694824219,19776
2026-07-27 14:45:00-04:00,84.0199966430664,84.0199966430664,84.02999877929688,84.0,84.02999877929688,20331
2026-07-27 14:46:00-04:00,84.01499938964844,84.01499938964844,84.02999877929688,84.0,84.0199966430664,18795
2026-07-27 14:47:00-04:00,84.02649688720703,84.02649688720703,84.05000305175781,84.0,84.0199966430664,46836
2026-07-27 14:48:00-04:00,84.01499938964844,84.01499938964844,84.04499816894531,84.01499938964844,84.02999877929688,11790
2026-07-27 14:49:00-04:00,84.0250015258789,84.0250015258789,84.02999877929688,84.01499938964844,84.01499938964844,9437
2026-07-27 14:50:00-04:00,84.01499938964844,84.01499938964844,84.03500366210938,84.01000213623047,84.0250015258789,15995
2026-07-27 14:51:00-04:00,84.01000213623047,84.01000213623047,84.0199966430664,84.00499725341797,84.01499938964844,10542
2026-07-27 14:52:00-04:00,84.04000091552734,84.04000091552734,84.04000091552734,84.0,84.0,22612
2026-07-27 14:53:00-04:00,84.05999755859375,84.05999755859375,84.05999755859375,84.02999877929688,84.05000305175781,13955
2026-07-27 14:54:00-04:00,84.02999877929688,84.02999877929688,84.05500030517578,84.02999877929688,84.05500030517578,17424
2026-07-27 14:55:00-04:00,84.0250015258789,84.0250015258789,84.02999877929688,84.0,84.0250015258789,15191
2026-07-27 14:56:00-04:00,84.0,84.0,84.02999877929688,83.9800033569336,84.0250015258789,35104
2026-07-27 14:57:00-04:00,83.97000122070312,83.97000122070312,83.99500274658203,83.94999694824219,83.99500274658203,16615
2026-07-27 14:58:00-04:00,83.9800033569336,83.9800033569336,83.98500061035156,83.93499755859375,83.9800033569336,36299
2026-07-27 14:59:00-04:00,84.00330352783203,84.00330352783203,84.01000213623047,83.97000122070312,83.97000122070312,31133
2026-07-27 15:00:00-04:00,83.98500061035156,83.98500061035156,84.01499938964844,83.97000122070312,84.01000213623047,24361
2026-07-27 15:01:00-04:00,83.98500061035156,83.98500061035156,84.0,83.97000122070312,83.9800033569336,30180
2026-07-27 15:02:00-04:00,83.98500061035156,83.98500061035156,83.99500274658203,83.96499633789062,83.98500061035156,22749
2026-07-27 15:03:00-04:00,83.9802017211914,83.9802017211914,83.98999786376953,83.95999908447266,83.98500061035156,26508
2026-07-27 15:04:00-04:00,83.96499633789062,83.96499633789062,84.00499725341797,83.95999908447266,83.9800033569336,57331
2026-07-27 15:05:00-04:00,83.98999786376953,83.98999786376953,84.0,83.95500183105469,83.96499633789062,31997
2026-07-27 15:06:00-04:00,83.99500274658203,83.99500274658203,84.0,83.97000122070312,83.98999786376953,38686
2026-07-27 15:07:00-04:00,83.9800033569336,83.9800033569336,84.0,83.9800033569336,83.98999786376953,14869
2026-07-27 15:08:00-04:00,83.98500061035156,83.98500061035156,84.01499938964844,83.97000122070312,83.97000122070312,16129
2026-07-27 15:09:00-04:00,83.875,83.875,83.9800033569336,83.86499786376953,83.9800033569336,53061
2026-07-27 15:10:00-04:00,83.82499694824219,83.82499694824219,83.88500213623047,83.80999755859375,83.87999725341797,30881
2026-07-27 15:11:00-04:00,83.80000305175781,83.80000305175781,83.82499694824219,83.7750015258789,83.82499694824219,37641
2026-07-27 15:12:00-04:00,83.79499816894531,83.79499816894531,83.80000305175781,83.7699966430664,83.80000305175781,24897
2026-07-27 15:13:00-04:00,83.8550033569336,83.8550033569336,83.8550033569336,83.79499816894531,83.79499816894531,26150
2026-07-27 15:14:00-04:00,83.90499877929688,83.90499877929688,83.91000366210938,83.84149932861328,83.8499984741211,21971
2026-07-27 15:15:00-04:00,83.875,83.875,83.91000366210938,83.87000274658203,83.91000366210938,34712
2026-07-27 15:16:00-04:00,83.88999938964844,83.88999938964844,83.91500091552734,83.86499786376953,83.87000274658203,29275
2026-07-27 15:17:00-04:00,83.87000274658203,83.87000274658203,83.90499877929688,83.87000274658203,83.88999938964844,25472
2026-07-27 15:18:00-04:00,83.87999725341797,83.87999725341797,83.8949966430664,83.8550033569336,83.86499786376953,24156
2026-07-27 15:19:00-04:00,83.8949966430664,83.8949966430664,83.91500091552734,83.88500213623047,83.88500213623047,16916
2026-07-27 15:20:00-04:00,83.90499877929688,83.90499877929688,83.92500305175781,83.87999725341797,83.88999938964844,29501
2026-07-27 15:21:00-04:00,83.94000244140625,83.94000244140625,83.94499969482422,83.90499877929688,83.90499877929688,18375
2026-07-27 15:22:00-04:00,83.91999816894531,83.91999816894531,83.95999908447266,83.91999816894531,83.94999694824219,19932
2026-07-27 15:23:00-04:00,83.93499755859375,83.93499755859375,83.94000244140625,83.91000366210938,83.91999816894531,18778
2026-07-27 15:24:00-04:00,83.94499969482422,83.94499969482422,83.95500183105469,83.91999816894531,83.93499755859375,34747
2026-07-27 15:25:00-04:00,83.9000015258789,83.9000015258789,83.9800033569336,83.9000015258789,83.94000244140625,42136
2026-07-27 15:26:00-04:00,83.875,83.875,83.91999816894531,83.875,83.90499877929688,34492
2026-07-27 15:27:00-04:00,83.8949966430664,83.8949966430664,83.91000366210938,83.86000061035156,83.87999725341797,25965
2026-07-27 15:28:00-04:00,83.91500091552734,83.91500091552734,83.91500091552734,83.88999938964844,83.8949966430664,20600
2026-07-27 15:29:00-04:00,83.9000015258789,83.9000015258789,83.91500091552734,83.86499786376953,83.91000366210938,39310
2026-07-27 15:30:00-04:00,83.875,83.875,83.9000015258789,83.84500122070312,83.88999938964844,48626
2026-07-27 15:31:00-04:00,83.88999938964844,83.88999938964844,83.90499877929688,83.8550033569336,83.87999725341797,59912
2026-07-27 15:32:00-04:00,83.89510345458984,83.89510345458984,83.91000366210938,83.87999725341797,83.87999725341797,27012
2026-07-27 15:33:00-04:00,83.91500091552734,83.91500091552734,83.94000244140625,83.8949966430664,83.8949966430664,27266
2026-07-27 15:34:00-04:00,83.91500091552734,83.91500091552734,83.93000030517578,83.90499877929688,83.91999816894531,16118
2026-07-27 15:35:00-04:00,83.91000366210938,83.91000366210938,83.93000030517578,83.88999938964844,83.91500091552734,45473
2026-07-27 15:36:00-04:00,83.93000030517578,83.93000030517578,83.93000030517578,83.9000015258789,83.91500091552734,22879
2026-07-27 15:37:00-04:00,83.93499755859375,83.93499755859375,83.95500183105469,83.93000030517578,83.94000244140625,24016
2026-07-27 15:38:00-04:00,83.95500183105469,83.95500183105469,83.95999908447266,83.93000030517578,83.93499755859375,24163
2026-07-27 15:39:00-04:00,83.95500183105469,83.95500183105469,83.9749984741211,83.93000030517578,83.95500183105469,27690
2026-07-27 15:40:00-04:00,83.99500274658203,83.99500274658203,84.0,83.94999694824219,83.95500183105469,29566
2026-07-27 15:41:00-04:00,83.96499633789062,83.96499633789062,83.99500274658203,83.95999908447266,83.99500274658203,30165
2026-07-27 15:42:00-04:00,84.01499938964844,84.01499938964844,84.01499938964844,83.93000030517578,83.96499633789062,40844
2026-07-27 15:43:00-04:00,84.0199966430664,84.0199966430664,84.04499816894531,84.01499938964844,84.01499938964844,31057
2026-07-27 15:44:00-04:00,84.0250015258789,84.0250015258789,84.04889678955078,84.0,84.0199966430664,48779
2026-07-27 15:45:00-04:00,84.0250015258789,84.0250015258789,84.05000305175781,83.98999786376953,84.0199966430664,146246
2026-07-27 15:46:00-04:00,84.0199966430664,84.0199966430664,84.0553970336914,84.01000213623047,84.0199966430664,36766
2026-07-27 15:47:00-04:00,84.05249786376953,84.05249786376953,84.05989837646484,84.0,84.0199966430664,47924
2026-07-27 15:48:00-04:00,84.00499725341797,84.00499725341797,84.05500030517578,84.0,84.05000305175781,133639
2026-07-27 15:49:00-04:00,84.03500366210938,84.03500366210938,84.04499816894531,84.0,84.0,89963
2026-07-27 15:50:00-04:00,84.06500244140625,84.06500244140625,84.06999969482422,84.01219940185547,84.04000091552734,120708
2026-07-27 15:51:00-04:00,83.93000030517578,83.93000030517578,84.06500244140625,83.93000030517578,84.06500244140625,249839
2026-07-27 15:52:00-04:00,83.9000015258789,83.9000015258789,83.93499755859375,83.88500213623047,83.93499755859375,75552
2026-07-27 15:53:00-04:00,83.93365478515625,83.93365478515625,83.94000244140625,83.87000274658203,83.9000015258789,70448
2026-07-27 15:54:00-04:00,83.9800033569336,83.9800033569336,83.98780059814453,83.9000015258789,83.94000244140625,131996
2026-07-27 15:55:00-04:00,84.01000213623047,84.01000213623047,84.02999877929688,83.94999694824219,83.98999786376953,133707
2026-07-27 15:56:00-04:00,84.03500366210938,84.03500366210938,84.05000305175781,83.99500274658203,84.00499725341797,175309
2026-07-27 15:57:00-04:00,84.07499694824219,84.07499694824219,84.08499908447266,83.99500274658203,84.03500366210938,161418
2026-07-27 15:58:00-04:00,84.06500244140625,84.06500244140625,84.08999633789062,84.0199966430664,84.08000183105469,287901
2026-07-27 15:59:00-04:00,84.1050033569336,84.1050033569336,84.11000061035156,84.05000305175781,84.06999969482422,556643
2026-07-28 09:30:00-04:00,86.66000366210938,86.66000366210938,88.47000122070312,86.51000213623047,88.29499816894531,2211642
2026-07-28 09:31:00-04:00,87.54000091552734,87.54000091552734,87.54000091552734,86.25,86.62460327148438,400643
2026-07-28 09:32:00-04:00,88.16000366210938,88.16000366210938,88.20999908447266,87.44000244140625,87.5250015258789,393025
2026-07-28 09:33:00-04:00,87.96499633789062,87.96499633789062,88.30000305175781,87.81500244140625,88.13999938964844,220059
2026-07-28 09:34:00-04:00,88.2699966430664,88.2699966430664,88.31999969482422,87.86250305175781,88.0,189643
2026-07-28 09:35:00-04:00,88.7211685180664,88.7211685180664,88.75,88.1500015258789,88.29000091552734,375728
2026-07-28 09:36:00-04:00,88.87000274658203,88.87000274658203,88.9800033569336,88.66999816894531,88.69999694824219,234938
2026-07-28 09:37:00-04:00,89.13500213623047,89.13500213623047,89.2300033569336,88.80999755859375,88.87000274658203,238926
2026-07-28 09:38:00-04:00,89.23999786376953,89.23999786376953,89.44999694824219,89.05000305175781,89.1500015258789,238410
2026-07-28 09:39:00-04:00,89.20010375976562,89.20010375976562,89.47989654541016,89.18000030517578,89.25,184613
2026-07-28 09:40:00-04:00,89.20999908447266,89.20999908447266,89.31999969482422,89.05010223388672,89.2249984741211,233600
2026-07-28 09:41:00-04:00,89.17500305175781,89.17500305175781,89.3499984741211,89.12000274658203,89.22000122070312,230777
2026-07-28 09:42:00-04:00,88.87989807128906,88.87989807128906,89.16000366210938,88.8499984741211,89.16000366210938,137346
2026-07-28 09:43:00-04:00,88.83499908447266,88.83499908447266,89.01000213623047,88.81999969482422,88.86000061035156,141603
2026-07-28 09:44:00-04:00,88.7750015258789,88.7750015258789,88.87999725341797,88.69000244140625,88.86499786376953,142394
2026-07-28 09:45:00-04:00,89.11000061035156,89.11000061035156,89.11000061035156,88.73799896240234,88.7750015258789,241749
2026-07-28 09:46:00-04:00,89.20999908447266,89.20999908447266,89.41000366210938,89.06999969482422,89.06999969482422,222551
2026-07-28 09:47:00-04:00,89.16000366210938,89.16000366210938,89.38999938964844,89.13999938964844,89.20999908447266,179112
2026-07-28 09:48:00-04:00,89.19000244140625,89.19000244140625,89.19999694824219,89.04000091552734,89.16999816894531,165045
2026-07-28 09:49:00-04:00,89.47000122070312,89.47000122070312,89.4800033569336,89.15010070800781,89.19499969482422,169091
2026-07-28 09:50:00-04:00,89.37000274658203,89.37000274658203,89.4800033569336,89.25,89.47000122070312,161878
2026-07-28 09:51:00-04:00,89.54000091552734,89.54000091552734,89.58999633789062,89.3499984741211,89.36000061035156,195776
2026-07-28 09:52:00-04:00,89.58000183105469,89.58000183105469,89.5999984741211,89.47000122070312,89.53500366210938,129502
2026-07-28 09:53:00-04:00,89.70989990234375,89.70989990234375,89.77989959716797,89.55999755859375,89.57990264892578,252516
2026-07-28 09:54:00-04:00,89.70999908447266,89.70999908447266,89.77999877929688,89.6500015258789,89.69999694824219,181819
2026-07-28 09:55:00-04:00,89.75,89.75,89.94000244140625,89.68009948730469,89.7249984741211,303518
2026-07-28 09:56:00-04:00,89.66600036621094,89.66600036621094,89.80500030517578,89.63999938964844,89.73999786376953,147796
2026-07-28 09:57:00-04:00,89.5,89.5,89.69999694824219,89.47000122070312,89.66999816894531,132763
2026-07-28 09:58:00-04:00,89.62000274658203,89.62000274658203,89.67500305175781,89.48999786376953,89.48999786376953,114784
2026-07-28 09:59:00-04:00,89.5999984741211,89.5999984741211,89.69000244140625,89.55000305175781,89.6250991821289,102462
2026-07-28 10:00:00-04:00,89.63999938964844,89.63999938964844,89.68000030517578,89.49500274658203,89.5999984741211,181480
2026-07-28 10:01:00-04:00,89.40499877929688,89.40499877929688,89.65499877929688,89.39080047607422,89.63009643554688,118302
2026-07-28 10:02:00-04:00,89.22000122070312,89.22000122070312,89.47000122070312,89.19000244140625,89.41000366210938,142704
2026-07-28 10:03:00-04:00,89.36499786376953,89.36499786376953,89.38500213623047,89.19999694824219,89.22000122070312,143159
2026-07-28 10:04:00-04:00,89.25,89.25,89.37999725341797,89.20999908447266,89.37999725341797,68199
2026-07-28 10:05:00-04:00,89.22000122070312,89.22000122070312,89.29000091552734,89.1500015258789,89.24009704589844,132292
2026-07-28 10:06:00-04:00,89.26210021972656,89.26210021972656,89.33999633789062,89.19000244140625,89.22000122070312,162597
2026-07-28 10:07:00-04:00,89.27999877929688,89.27999877929688,89.33000183105469,89.19999694824219,89.2699966430664,84013
2026-07-28 10:08:00-04:00,89.58000183105469,89.58000183105469,89.62010192871094,89.2699966430664,89.29000091552734,161363
2026-07-28 10:09:00-04:00,89.55000305175781,89.55000305175781,89.66999816894531,89.52999877929688,89.58000183105469,87933
2026-07-28 10:10:00-04:00,89.4749984741211,89.4749984741211,89.58999633789062,89.4749984741211,89.55999755859375,102815
2026-07-28 10:11:00-04:00,89.51280212402344,89.51280212402344,89.58999633789062,89.44499969482422,89.45999908447266,67819
2026-07-28 10:12:00-04:00,89.6709976196289,89.6709976196289,89.68890380859375,89.44999694824219,89.51000213623047,112259
2026-07-28 10:13:00-04:00,89.7300033569336,89.7300033569336,89.73999786376953,89.5999984741211,89.67680358886719,127722
2026-07-28 10:14:00-04:00,89.9801025390625,89.9801025390625,90.0199966430664,89.70999908447266,89.72920227050781,381291
2026-07-28 10:15:00-04:00,89.88999938964844,89.88999938964844,90.01499938964844,89.88999938964844,89.98069763183594,149603
2026-07-28 10:16:00-04:00,89.94000244140625,89.94000244140625,90.00499725341797,89.87000274658203,89.87999725341797,80844
2026-07-28 10:17:00-04:00,89.8550033569336,89.8550033569336,89.91999816894531,89.83000183105469,89.91999816894531,56807
2026-07-28 10:18:00-04:00,89.88999938964844,89.88999938964844,89.93000030517578,89.84400177001953,89.8550033569336,76246
2026-07-28 10:19:00-04:00,89.77999877929688,89.77999877929688,89.94499969482422,89.75,89.88999938964844,110670
2026-07-28 10:20:00-04:00,89.77999877929688,89.77999877929688,89.82499694824219,89.69090270996094,89.77999877929688,104536
2026-07-28 10:21:00-04:00,89.75,89.75,89.87000274658203,89.74009704589844,89.77999877929688,131372
2026-07-28 10:22:00-04:00,89.80000305175781,89.80000305175781,89.83989715576172,89.70010375976562,89.75,104821
2026-07-28 10:23:00-04:00,89.73500061035156,89.73500061035156,89.87000274658203,89.73500061035156,89.80999755859375,65920
2026-07-28 10:24:00-04:00,89.7750015258789,89.7750015258789,89.7750015258789,89.55000305175781,89.72000122070312,88501
2026-07-28 10:25:00-04:00,89.92009735107422,89.92009735107422,89.98999786376953,89.7750015258789,89.7750015258789,97343
2026-07-28 10:26:00-04:00,89.83999633789062,89.83999633789062,89.94999694824219,89.80999755859375,89.93000030517578,72050
2026-07-28 10:27:00-04:00,89.83499908447266,89.83499908447266,89.91000366210938,89.79499816894531,89.81999969482422,64233
2026-07-28 10:28:00-04:00,89.9197998046875,89.9197998046875,89.93000030517578,89.81999969482422,89.83999633789062,48452
2026-07-28 10:29:00-04:00,90.0,90.0,90.02989959716797,89.93000030517578,89.93000030517578,126697
2026-07-28 10:30:00-04:00,90.03500366210938,90.03500366210938,90.08000183105469,89.94329833984375,90.01000213623047,191084
2026-07-28 10:31:00-04:00,90.03009796142578,90.03009796142578,90.06999969482422,89.98500061035156,90.03250122070312,93156
2026-07-28 10:32:00-04:00,90.04989624023438,90.04989624023438,90.11000061035156,89.94999694824219,90.02999877929688,173825
2026-07-28 10:33:00-04:00,90.11000061035156,90.11000061035156,90.13990020751953,90.02010345458984,90.04000091552734,103950
2026-07-28 10:34:00-04:00,90.05999755859375,90.05999755859375,90.16000366210938,90.05999755859375,90.0999984741211,163316
2026-07-28 10:35:00-04:00,89.88999938964844,89.88999938964844,90.08999633789062,89.87999725341797,90.05049896240234,145823
2026-07-28 10:36:00-04:00,89.87999725341797,89.87999725341797,89.9000015258789,89.77999877929688,89.88009643554688,86941
2026-07-28 10:37:00-04:00,89.97000122070312,89.97000122070312,90.05000305175781,89.87000274658203,89.87999725341797,123048
2026-07-28 10:38:00-04:00,90.05000305175781,90.05000305175781,90.05000305175781,89.93000030517578,89.95999908447266,75707
2026-07-28 10:39:00-04:00,90.01000213623047,90.01000213623047,90.08000183105469,90.0,90.04000091552734,70730
2026-07-28 10:40:00-04:00,90.03500366210938,90.03500366210938,90.04000091552734,89.91000366210938,89.98999786376953,112486
2026-07-28 10:41:00-04:00,90.02999877929688,90.02999877929688,90.06999969482422,89.99500274658203,90.05000305175781,164276
2026-07-28 10:42:00-04:00,90.05999755859375,90.05999755859375,90.08999633789062,89.97000122070312,90.02999877929688,89354
2026-07-28 10:43:00-04:00,90.125,90.125,90.1500015258789,90.02999877929688,90.05999755859375,63288
2026-07-28 10:44:00-04:00,90.125,90.125,90.12999725341797,90.05000305175781,90.125,74958
2026-07-28 10:45:00-04:00,90.15499877929688,90.15499877929688,90.22000122070312,90.02999877929688,90.12000274658203,99297
2026-07-28 10:46:00-04:00,90.12999725341797,90.12999725341797,90.16999816894531,90.05999755859375,90.15499877929688,88589
2026-07-28 10:47:00-04:00,89.86000061035156,89.86000061035156,90.11000061035156,89.84500122070312,90.11000061035156,249734
2026-07-28 10:48:00-04:00,89.73500061035156,89.73500061035156,89.84500122070312,89.69010162353516,89.84500122070312,95974
2026-07-28 10:49:00-04:00,89.6050033569336,89.6050033569336,89.79000091552734,89.5999984741211,89.73500061035156,61516
2026-07-28 10:50:00-04:00,89.51339721679688,89.51339721679688,89.64990234375,89.51339721679688,89.61609649658203,88075
2026-07-28 10:51:00-04:00,89.49500274658203,89.49500274658203,89.61000061035156,89.44000244140625,89.51000213623047,216723
2026-07-28 10:52:00-04:00,89.56999969482422,89.56999969482422,89.6449966430664,89.48999786376953,89.49849700927734,62271
2026-07-28 10:53:00-04:00,89.5792007446289,89.5792007446289,89.5792007446289,89.45999908447266,89.55999755859375,43194
2026-07-28 10:54:00-04:00,89.7699966430664,89.7699966430664,89.7699966430664,89.58000183105469,89.58000183105469,39461
2026-07-28 10:55:00-04:00,89.66999816894531,89.66999816894531,89.76000213623047,89.63999938964844,89.76000213623047,63627
2026-07-28 10:56:00-04:00,89.61000061035156,89.61000061035156,89.69000244140625,89.59500122070312,89.66999816894531,27566
2026-07-28 10:57:00-04:00,89.68000030517578,89.68000030517578,89.76000213623047,89.5999984741211,89.61000061035156,46369
2026-07-28 10:58:00-04:00,89.71499633789062,89.71499633789062,89.73999786376953,89.66500091552734,89.66999816894531,37675
2026-07-28 10:59:00-04:00,89.65499877929688,89.65499877929688,89.7300033569336,89.6404037475586,89.71499633789062,33033
2026-07-28 11:00:00-04:00,89.47419738769531,89.47419738769531,89.6449966430664,89.47000122070312,89.62999725341797,43582
2026-07-28 11:01:00-04:00,89.52310180664062,89.52310180664062,89.58000183105469,89.4800033569336,89.4800033569336,42612
2026-07-28 11:02:00-04:00,89.62000274658203,89.62000274658203,89.66999816894531,89.50499725341797,89.5199966430664,54097
2026-07-28 11:03:00-04:00,89.56999969482422,89.56999969482422,89.66000366210938,89.55000305175781,89.62000274658203,166430
2026-07-28 11:04:00-04:00,89.55000305175781,89.55000305175781,89.66999816894531,89.54000091552734,89.55000305175781,47755
2026-07-28 11:05:00-04:00,89.54000091552734,89.54000091552734,89.62000274658203,89.5199966430664,89.55999755859375,47851
2026-07-28 11:06:00-04:00,89.74500274658203,89.74500274658203,89.75830078125,89.52999877929688,89.55000305175781,95498
2026-07-28 11:07:00-04:00,89.70500183105469,89.70500183105469,89.87000274658203,89.69999694824219,89.7301025390625,168950
2026-07-28 11:08:00-04:00,89.7699966430664,89.7699966430664,89.79000091552734,89.68000030517578,89.69999694824219,82454
2026-07-28 11:09:00-04:00,89.66000366210938,89.66000366210938,89.76000213623047,89.63999938964844,89.76000213623047,82566
2026-07-28 11:10:00-04:00,89.58999633789062,89.58999633789062,89.66999816894531,89.55999755859375,89.63999938964844,101767
2026-07-28 11:11:00-04:00,89.55999755859375,89.55999755859375,89.62999725341797,89.5199966430664,89.58999633789062,134729
2026-07-28 11:12:00-04:00,89.33000183105469,89.33000183105469,89.58999633789062,89.26000213623047,89.55000305175781,171405
2026-07-28 11:13:00-04:00,89.44499969482422,89.44499969482422,89.44499969482422,89.31999969482422,89.33000183105469,79844
2026-07-28 11:14:00-04:00,89.57499694824219,89.57499694824219,89.61000061035156,89.44000244140625,89.44499969482422,66082
2026-07-28 11:15:00-04:00,89.73999786376953,89.73999786376953,89.73999786376953,89.58000183105469,89.58999633789062,132853
2026-07-28 11:16:00-04:00,89.7300033569336,89.7300033569336,89.73999786376953,89.66999816894531,89.72000122070312,95931
2026-07-28 11:17:00-04:00,89.68000030517578,89.68000030517578,89.79000091552734,89.63999938964844,89.73999786376953,66682
2026-07-28 11:18:00-04:00,89.65499877929688,89.65499877929688,89.77999877929688,89.6500015258789,89.69000244140625,68696
2026-07-28 11:19:00-04:00,89.56999969482422,89.56999969482422,89.66000366210938,89.56999969482422,89.65499877929688,52219
2026-07-28 11:20:00-04:00,89.2750015258789,89.2750015258789,89.5999984741211,89.2699966430664,89.58999633789062,90628
2026-07-28 11:21:00-04:00,89.19499969482422,89.19499969482422,89.29000091552734,89.12100219726562,89.2699966430664,42618
2026-07-28 11:22:00-04:00,89.26000213623047,89.26000213623047,89.30999755859375,89.19000244140625,89.19450378417969,83668
2026-07-28 11:23:00-04:00,89.27999877929688,89.27999877929688,89.27999877929688,89.2300033569336,89.26499938964844,59686
2026-07-28 11:24:00-04:00,89.20999908447266,89.20999908447266,89.28500366210938,89.17009735107422,89.28500366210938,56406
2026-07-28 11:25:00-04:00,89.12000274658203,89.12000274658203,89.20999908447266,89.12000274658203,89.20999908447266,38946
2026-07-28 11:26:00-04:00,89.19999694824219,89.19999694824219,89.23999786376953,89.12000274658203,89.12000274658203,36412
2026-07-28 11:27:00-04:00,89.04199981689453,89.04199981689453,89.24980163574219,89.01000213623047,89.20999908447266,86159
2026-07-28 11:28:00-04:00,89.18000030517578,89.18000030517578,89.18000030517578,89.01629638671875,89.05000305175781,60740
2026-07-28 11:29:00-04:00,89.21499633789062,89.21499633789062,89.29000091552734,89.18000030517578,89.18000030517578,33051
2026-07-28 11:30:00-04:00,89.12000274658203,89.12000274658203,89.21959686279297,89.09500122070312,89.21959686279297,39505
2026-07-28 11:31:00-04:00,89.11499786376953,89.11499786376953,89.16000366210938,89.06009674072266,89.12999725341797,55539
2026-07-28 11:32:00-04:00,89.05999755859375,89.05999755859375,89.11499786376953,88.98999786376953,89.11499786376953,101484
2026-07-28 11:33:00-04:00,89.06999969482422,89.06999969482422,89.13999938964844,89.04000091552734,89.06500244140625,71231
2026-07-28 11:34:00-04:00,89.16000366210938,89.16000366210938,89.16999816894531,89.05500030517578,89.07990264892578,67313
2026-07-28 11:35:00-04:00,89.12000274658203,89.12000274658203,89.18990325927734,89.11000061035156,89.16999816894531,43448
2026-07-28 11:36:00-04:00,89.13500213623047,89.13500213623047,89.16000366210938,89.08000183105469,89.12999725341797,50955
2026-07-28 11:37:00-04:00,89.16000366210938,89.16000366210938,89.16500091552734,89.125,89.12999725341797,27103
2026-07-28 11:38:00-04:00,89.11000061035156,89.11000061035156,89.13999938964844,89.08999633789062,89.13999938964844,26992
2026-07-28 11:39:00-04:00,89.12000274658203,89.12000274658203,89.1500015258789,89.08000183105469,89.0999984741211,37917
2026-07-28 11:40:00-04:00,89.06999969482422,89.06999969482422,89.13999938964844,89.05000305175781,89.12999725341797,25135
2026-07-28 11:41:00-04:00,89.12999725341797,89.12999725341797,89.12999725341797,89.05999755859375,89.06999969482422,25507
2026-07-28 11:42:00-04:00,89.16999816894531,89.16999816894531,89.19000244140625,89.12999725341797,89.12999725341797,43637
2026-07-28 11:43:00-04:00,89.12999725341797,89.12999725341797,89.19029998779297,89.12000274658203,89.17949676513672,37368
2026-07-28 11:44:00-04:00,89.11000061035156,89.11000061035156,89.13999938964844,89.05000305175781,89.12999725341797,48061
2026-07-28 11:45:00-04:00,89.0999984741211,89.0999984741211,89.11000061035156,89.02999877929688,89.11000061035156,45565
2026-07-28 11:46:00-04:00,89.0199966430664,89.0199966430664,89.12000274658203,89.01000213623047,89.0999984741211,20362
2026-07-28 11:47:00-04:00,89.02999877929688,89.02999877929688,89.08999633789062,89.0,89.0199966430664,73493
2026-07-28 11:48:00-04:00,89.00499725341797,89.00499725341797,89.05999755859375,88.94049835205078,89.0250015258789,177810
2026-07-28 11:49:00-04:00,88.95999908447266,88.95999908447266,89.0199966430664,88.94999694824219,89.00499725341797,67092
2026-07-28 11:50:00-04:00,89.0,89.0,89.0199966430664,88.94999694824219,88.98999786376953,32690
2026-07-28 11:51:00-04:00,89.0250015258789,89.0250015258789,89.07949829101562,88.98999786376953,89.00499725341797,36071
2026-07-28 11:52:00-04:00,89.04199981689453,89.04199981689453,89.05999755859375,89.0,89.04000091552734,135909
2026-07-28 11:53:00-04:00,89.0199966430664,89.0199966430664,89.08000183105469,88.99649810791016,89.04000091552734,51897
2026-07-28 11:54:00-04:00,89.0,89.0,89.05000305175781,88.97477722167969,89.0199966430664,42926
2026-07-28 11:55:00-04:00,88.87000274658203,88.87000274658203,89.05010223388672,88.86000061035156,89.01000213623047,96358
2026-07-28 11:56:00-04:00,88.81999969482422,88.81999969482422,88.87000274658203,88.76000213623047,88.87000274658203,74952
2026-07-28 11:57:00-04:00,88.73999786376953,88.73999786376953,88.8499984741211,88.7300033569336,88.83000183105469,38733
2026-07-28 11:58:00-04:00,88.81999969482422,88.81999969482422,88.83989715576172,88.73970031738281,88.73999786376953,28687
2026-07-28 11:59:00-04:00,88.86000061035156,88.86000061035156,88.8949966430664,88.82499694824219,88.83000183105469,31123
2026-07-28 12:00:00-04:00,88.70999908447266,88.70999908447266,88.9000015258789,88.7029037475586,88.8550033569336,46288
2026-07-28 12:01:00-04:00,88.7300033569336,88.7300033569336,88.73999786376953,88.68000030517578,88.69999694824219,41420
2026-07-28 12:02:00-04:00,88.66999816894531,88.66999816894531,88.73999786376953,88.62999725341797,88.7300033569336,40730
2026-07-28 12:03:00-04:00,88.70500183105469,88.70500183105469,88.76000213623047,88.6635971069336,88.6635971069336,30710
2026-07-28 12:04:00-04:00,88.79499816894531,88.79499816894531,88.81999969482422,88.70500183105469,88.70999908447266,68231
2026-07-28 12:05:00-04:00,88.72000122070312,88.72000122070312,88.79000091552734,88.69000244140625,88.79000091552734,59052
2026-07-28 12:06:00-04:00,88.70999908447266,88.70999908447266,88.77999877929688,88.70999908447266,88.72000122070312,50896
2026-07-28 12:07:00-04:00,88.72000122070312,88.72000122070312,88.77999877929688,88.69000244140625,88.7300033569336,61697
2026-07-28 12:08:00-04:00,88.56999969482422,88.56999969482422,88.75499725341797,88.56999969482422,88.7249984741211,67199
2026-07-28 12:09:00-04:00,88.5199966430664,88.5199966430664,88.58000183105469,88.51000213623047,88.56500244140625,89446
2026-07-28 12:10:00-04:00,88.5250015258789,88.5250015258789,88.54000091552734,88.45999908447266,88.52999877929688,100662
2026-07-28 12:11:00-04:00,88.44039916992188,88.44039916992188,88.54000091552734,88.43000030517578,88.5199966430664,57870
2026-07-28 12:12:00-04:00,88.5199966430664,88.5199966430664,88.5199966430664,88.43499755859375,88.44059753417969,58849
2026-07-28 12:13:00-04:00,88.52999877929688,88.52999877929688,88.55000305175781,88.5064926147461,88.5199966430664,69910
2026-07-28 12:14:00-04:00,88.44999694824219,88.44999694824219,88.56999969482422,88.43000030517578,88.52999877929688,57176
2026-07-28 12:15:00-04:00,88.622802734375,88.622802734375,88.622802734375,88.38999938964844,88.44999694824219,79618
2026-07-28 12:16:00-04:00,88.56999969482422,88.56999969482422,88.62999725341797,88.55000305175781,88.62950134277344,51858
2026-07-28 12:17:00-04:00,88.55999755859375,88.55999755859375,88.58999633789062,88.55000305175781,88.56999969482422,41056
2026-07-28 12:18:00-04:00,88.52999877929688,88.52999877929688,88.58999633789062,88.49500274658203,88.55999755859375,47708
2026-07-28 12:19:00-04:00,88.4800033569336,88.4800033569336,88.5199966430664,88.44010162353516,88.51000213623047,49365
2026-07-28 12:20:00-04:00,88.51499938964844,88.51499938964844,88.55000305175781,88.43649291992188,88.4749984741211,60469
2026-07-28 12:21:00-04:00,88.38999938964844,88.38999938964844,88.52999877929688,88.38999938964844,88.50379943847656,42311
2026-07-28 12:22:00-04:00,88.38999938964844,88.38999938964844,88.44000244140625,88.34500122070312,88.38999938964844,63408
2026-07-28 12:23:00-04:00,88.41999816894531,88.41999816894531,88.46009826660156,88.38999938964844,88.4000015258789,40722
2026-07-28 12:24:00-04:00,88.4800033569336,88.4800033569336,88.5199966430664,88.41999816894531,88.41999816894531,53991
2026-07-28 12:25:00-04:00,88.38400268554688,88.38400268554688,88.52999877929688,88.37000274658203,88.48999786376953,88307
2026-07-28 12:26:00-04:00,88.30500030517578,88.30500030517578,88.38999938964844,88.2699966430664,88.37999725341797,166144
2026-07-28 12:27:00-04:00,88.26000213623047,88.26000213623047,88.31999969482422,88.26000213623047,88.30000305175781,35517
2026-07-28 12:28:00-04:00,88.29000091552734,88.29000091552734,88.31999969482422,88.26000213623047,88.26000213623047,33469
2026-07-28 12:29:00-04:00,88.21499633789062,88.21499633789062,88.32990264892578,88.19999694824219,88.29000091552734,32683
2026-07-28 12:30:00-04:00,88.33000183105469,88.33000183105469,88.3499984741211,88.21499633789062,88.21499633789062,56637
2026-07-28 12:31:00-04:00,88.31999969482422,88.31999969482422,88.35990142822266,88.30000305175781,88.33999633789062,25480
2026-07-28 12:32:00-04:00,88.24500274658203,88.24500274658203,88.30999755859375,88.2300033569336,88.30999755859375,38550
2026-07-28 12:33:00-04:00,88.2699966430664,88.2699966430664,88.2699966430664,88.20999908447266,88.24500274658203,34772
2026-07-28 12:34:00-04:00,88.3499984741211,88.3499984741211,88.3499984741211,88.26000213623047,88.27999877929688,22939
2026-07-28 12:35:00-04:00,88.37999725341797,88.37999725341797,88.4000015258789,88.30999755859375,88.3499984741211,33164
2026-07-28 12:36:00-04:00,88.44999694824219,88.44999694824219,88.47000122070312,88.37000274658203,88.37999725341797,52196
2026-07-28 12:37:00-04:00,88.43000030517578,88.43000030517578,88.45999908447266,88.41999816894531,88.44499969482422,472870
2026-07-28 12:38:00-04:00,88.38500213623047,88.38500213623047,88.41999816894531,88.37000274658203,88.41999816894531,29736
2026-07-28 12:39:00-04:00,88.36499786376953,88.36499786376953,88.4000015258789,88.33999633789062,88.38500213623047,25696
2026-07-28 12:40:00-04:00,88.30000305175781,88.30000305175781,88.37000274658203,88.29000091552734,88.37000274658203,45160
2026-07-28 12:41:00-04:00,88.27279663085938,88.27279663085938,88.30000305175781,88.2699966430664,88.30000305175781,26939
2026-07-28 12:42:00-04:00,88.27999877929688,88.27999877929688,88.29000091552734,88.25,88.2750015258789,29910
2026-07-28 12:43:00-04:00,88.23999786376953,88.23999786376953,88.28820037841797,88.23999786376953,88.28820037841797,14688
2026-07-28 12:44:00-04:00,88.27999877929688,88.27999877929688,88.29000091552734,88.22000122070312,88.23999786376953,44477
2026-07-28 12:45:00-04:00,88.23999786376953,88.23999786376953,88.37000274658203,88.2300033569336,88.29000091552734,69001
2026-07-28 12:46:00-04:00,88.23999786376953,88.23999786376953,88.25,88.16999816894531,88.25,80148
2026-07-28 12:47:00-04:00,88.13999938964844,88.13999938964844,88.23999786376953,88.12000274658203,88.2300033569336,50699
2026-07-28 12:48:00-04:00,88.0302963256836,88.0302963256836,88.13999938964844,88.0302963256836,88.12999725341797,23886
2026-07-28 12:49:00-04:00,88.13999938964844,88.13999938964844,88.13999938964844,87.9800033569336,88.04000091552734,94850
2026-07-28 12:50:00-04:00,88.06999969482422,88.06999969482422,88.13999938964844,88.05069732666016,88.13999938964844,24181
2026-07-28 12:51:00-04:00,87.88999938964844,87.88999938964844,88.06999969482422,87.87000274658203,88.06999969482422,24390
2026-07-28 12:52:00-04:00,87.87999725341797,87.87999725341797,87.9209976196289,87.87000274658203,87.88009643554688,23412
2026-07-28 12:53:00-04:00,87.95999908447266,87.95999908447266,88.02999877929688,87.83999633789062,87.87000274658203,131202
2026-07-28 12:54:00-04:00,87.9999008178711,87.9999008178711,88.0,87.95999908447266,87.97000122070312,25400
2026-07-28 12:55:00-04:00,87.95999908447266,87.95999908447266,87.9800033569336,87.93000030517578,87.9800033569336,35941
2026-07-28 12:56:00-04:00,87.90499877929688,87.90499877929688,87.94999694824219,87.88999938964844,87.94999694824219,28789
2026-07-28 12:57:00-04:00,87.94499969482422,87.94499969482422,87.94499969482422,87.88999938964844,87.9000015258789,21066
2026-07-28 12:58:00-04:00,87.91999816894531,87.91999816894531,87.95999908447266,87.9000015258789,87.94499969482422,13870
2026-07-28 12:59:00-04:00,87.87000274658203,87.87000274658203,87.91000366210938,87.8499984741211,87.91000366210938,20083
2026-07-28 13:00:00-04:00,87.86000061035156,87.86000061035156,87.88999938964844,87.84500122070312,87.875,20574
2026-07-28 13:01:00-04:00,87.87000274658203,87.87000274658203,87.875,87.80000305175781,87.86000061035156,21648
2026-07-28 13:02:00-04:00,87.88999938964844,87.88999938964844,87.9198989868164,87.83999633789062,87.86000061035156,58198
2026-07-28 13:03:00-04:00,87.91999816894531,87.91999816894531,87.91999816894531,87.87000274658203,87.88999938964844,23923
2026-07-28 13:04:00-04:00,87.95500183105469,87.95500183105469,87.97000122070312,87.91500091552734,87.91500091552734,28328
2026-07-28 13:05:00-04:00,87.98500061035156,87.98500061035156,87.98999786376953,87.95999908447266,87.95999908447266,33874
2026-07-28 13:06:00-04:00,88.0199966430664,88.0199966430664,88.03990173339844,87.98500061035156,87.98500061035156,31986
2026-07-28 13:07:00-04:00,88.01000213623047,88.01000213623047,88.03500366210938,88.0,88.0199966430664,39649
2026-07-28 13:08:00-04:00,88.02999877929688,88.02999877929688,88.05000305175781,87.98999786376953,88.0,35509
2026-07-28 13:09:00-04:00,88.07849884033203,88.07849884033203,88.07849884033203,88.02010345458984,88.02010345458984,32953
2026-07-28 13:10:00-04:00,88.0999984741211,88.0999984741211,88.12999725341797,88.06999969482422,88.06999969482422,37802
2026-07-28 13:11:00-04:00,88.16500091552734,88.16500091552734,88.16999816894531,88.0990982055664,88.0990982055664,20032
2026-07-28 13:12:00-04:00,88.08999633789062,88.08999633789062,88.16000366210938,88.05999755859375,88.16000366210938,18297
2026-07-28 13:13:00-04:00,88.05000305175781,88.05000305175781,88.08000183105469,88.04000091552734,88.08000183105469,20258
2026-07-28 13:14:00-04:00,88.0199966430664,88.0199966430664,88.05989837646484,88.01000213623047,88.05500030517578,14129
2026-07-28 13:15:00-04:00,87.95010375976562,87.95010375976562,88.03500366210938,87.95010375976562,88.02999877929688,24058
2026-07-28 13:16:00-04:00,87.9800033569336,87.9800033569336,87.98500061035156,87.94000244140625,87.95999908447266,21697
2026-07-28 13:17:00-04:00,87.98999786376953,87.98999786376953,87.98999786376953,87.96499633789062,87.9800033569336,10089
2026-07-28 13:18:00-04:00,87.94999694824219,87.94999694824219,87.9800033569336,87.91000366210938,87.9800033569336,42309
2026-07-28 13:19:00-04:00,88.02749633789062,88.02749633789062,88.05000305175781,87.93000030517578,87.94999694824219,32771
2026-07-28 13:20:00-04:00,87.9749984741211,87.9749984741211,88.0199966430664,87.9749984741211,88.0199966430664,20381
2026-07-28 13:21:00-04:00,87.94999694824219,87.94999694824219,87.9749984741211,87.94499969482422,87.95999908447266,16909
2026-07-28 13:22:00-04:00,87.95999908447266,87.95999908447266,87.9800033569336,87.94999694824219,87.94999694824219,18562
2026-07-28 13:23:00-04:00,87.96279907226562,87.96279907226562,87.97000122070312,87.94999694824219,87.94999694824219,13738
2026-07-28 13:24:00-04:00,87.95999908447266,87.95999908447266,87.9800033569336,87.94999694824219,87.95999908447266,10590
2026-07-28 13:25:00-04:00,87.93000030517578,87.93000030517578,87.9800033569336,87.9000015258789,87.95999908447266,19395
2026-07-28 13:26:00-04:00,87.92500305175781,87.92500305175781,87.95500183105469,87.88999938964844,87.93499755859375,27203
2026-07-28 13:27:00-04:00,87.95169830322266,87.95169830322266,87.95999908447266,87.92500305175781,87.92500305175781,13153
2026-07-28 13:28:00-04:00,87.9031982421875,87.9031982421875,87.94999694824219,87.9031982421875,87.94999694824219,8814
2026-07-28 13:29:00-04:00,87.91000366210938,87.91000366210938,87.93000030517578,87.9000015258789,87.9000015258789,15190
2026-07-28 13:30:00-04:00,87.80000305175781,87.80000305175781,87.93000030517578,87.80000305175781,87.91999816894531,162851
2026-07-28 13:31:00-04:00,87.73139953613281,87.73139953613281,87.80500030517578,87.73139953613281,87.79010009765625,21389
2026-07-28 13:32:00-04:00,87.7300033569336,87.7300033569336,87.79000091552734,87.66999816894531,87.75980377197266,53434
2026-07-28 13:33:00-04:00,87.69499969482422,87.69499969482422,87.73999786376953,87.66999816894531,87.73999786376953,37840
2026-07-28 13:34:00-04:00,87.7300033569336,87.7300033569336,87.7300033569336,87.68000030517578,87.69499969482422,22149
2026-07-28 13:35:00-04:00,87.69999694824219,87.69999694824219,87.7300033569336,87.67500305175781,87.7300033569336,25274
2026-07-28 13:36:00-04:00,87.66999816894531,87.66999816894531,87.69000244140625,87.66000366210938,87.69000244140625,21363
2026-07-28 13:37:00-04:00,87.68499755859375,87.68499755859375,87.69000244140625,87.66000366210938,87.66999816894531,25199
2026-07-28 13:38:00-04:00,87.6500015258789,87.6500015258789,87.68000030517578,87.62999725341797,87.68000030517578,20603
2026-07-28 13:39:00-04:00,87.66000366210938,87.66000366210938,87.7300033569336,87.6500015258789,87.6500015258789,39921
2026-07-28 13:40:00-04:00,87.63999938964844,87.63999938964844,87.69999694824219,87.62999725341797,87.66999816894531,35154
2026-07-28 13:41:00-04:00,87.63999938964844,87.63999938964844,87.69000244140625,87.63719940185547,87.63719940185547,26426
2026-07-28 13:42:00-04:00,87.62999725341797,87.62999725341797,87.65499877929688,87.62999725341797,87.63999938964844,17427
2026-07-28 13:43:00-04:00,87.63999938964844,87.63999938964844,87.6500015258789,87.61000061035156,87.62646484375,18592
2026-07-28 13:44:00-04:00,87.7300033569336,87.7300033569336,87.73999786376953,87.62999725341797,87.62999725341797,31998
2026-07-28 13:45:00-04:00,87.77999877929688,87.77999877929688,87.77999877929688,87.7300033569336,87.7300033569336,25605
2026-07-28 13:46:00-04:00,87.77999877929688,87.77999877929688,87.79000091552734,87.75499725341797,87.76000213623047,23691
2026-07-28 13:47:00-04:00,87.69999694824219,87.69999694824219,87.80000305175781,87.69999694824219,87.78500366210938,37651
2026-07-28 13:48:00-04:00,87.7116470336914,87.7116470336914,87.72000122070312,87.68000030517578,87.70999908447266,32262
2026-07-28 13:49:00-04:00,87.75499725341797,87.75499725341797,87.75499725341797,87.7249984741211,87.7300033569336,22401
2026-07-28 13:50:00-04:00,87.7300033569336,87.7300033569336,87.77999877929688,87.7219009399414,87.75499725341797,50753
2026-07-28 13:51:00-04:00,87.7300033569336,87.7300033569336,87.7300033569336,87.67742919921875,87.72000122070312,17081
2026-07-28 13:52:00-04:00,87.69000244140625,87.69000244140625,87.72000122070312,87.68499755859375,87.72000122070312,13754
2026-07-28 13:53:00-04:00,87.69999694824219,87.69999694824219,87.70500183105469,87.68000030517578,87.69000244140625,29377
2026-07-28 13:54:00-04:00,87.70500183105469,87.70500183105469,87.73999786376953,87.68000030517578,87.70330047607422,23141
2026-07-28 13:55:00-04:00,87.94999694824219,87.94999694824219,87.97000122070312,87.70500183105469,87.70500183105469,78945
2026-07-28 13:56:00-04:00,87.86000061035156,87.86000061035156,87.94999694824219,87.8499984741211,87.94999694824219,19548
2026-07-28 13:57:00-04:00,87.84989929199219,87.84989929199219,87.87999725341797,87.83000183105469,87.8499984741211,20989
2026-07-28 13:58:00-04:00,87.87999725341797,87.87999725341797,87.9000015258789,87.83999633789062,87.8416976928711,37445
2026-07-28 13:59:00-04:00,87.9000015258789,87.9000015258789,87.9000015258789,87.875,87.87999725341797,24322
2026-07-28 14:00:00-04:00,87.76000213623047,87.76000213623047,87.9000015258789,87.76000213623047,87.88999938964844,19189
2026-07-28 14:01:00-04:00,87.83499908447266,87.83499908447266,87.86000061035156,87.7300033569336,87.75039672851562,170857
2026-07-28 14:02:00-04:00,87.83999633789062,87.83999633789062,87.87950134277344,87.81999969482422,87.83999633789062,40664
2026-07-28 14:03:00-04:00,87.8499984741211,87.8499984741211,87.87000274658203,87.81999969482422,87.83499908447266,32389
2026-07-28 14:04:00-04:00,87.91000366210938,87.91000366210938,87.9197998046875,87.8550033569336,87.8550033569336,60788
2026-07-28 14:05:00-04:00,87.93000030517578,87.93000030517578,87.93499755859375,87.88500213623047,87.91500091552734,82285
2026-07-28 14:06:00-04:00,87.92050170898438,87.92050170898438,87.93499755859375,87.9000015258789,87.92030334472656,159819
2026-07-28 14:07:00-04:00,87.9000015258789,87.9000015258789,87.97000122070312,87.89009857177734,87.94000244140625,42678
2026-07-28 14:08:00-04:00,87.83000183105469,87.83000183105469,87.9000015258789,87.80000305175781,87.9000015258789,20447
2026-07-28 14:09:00-04:00,87.83999633789062,87.83999633789062,87.8499984741211,87.80500030517578,87.83000183105469,28462
2026-07-28 14:10:00-04:00,87.81999969482422,87.81999969482422,87.83999633789062,87.81999969482422,87.83999633789062,13217
2026-07-28 14:11:00-04:00,87.87000274658203,87.87000274658203,87.88500213623047,87.80000305175781,87.81999969482422,62602
2026-07-28 14:12:00-04:00,87.87000274658203,87.87000274658203,87.9000015258789,87.87000274658203,87.87000274658203,12997
2026-07-28 14:13:00-04:00,87.87999725341797,87.87999725341797,87.88999938964844,87.84500122070312,87.87000274658203,30327
2026-07-28 14:14:00-04:00,87.87999725341797,87.87999725341797,87.87999725341797,87.83999633789062,87.87999725341797,33478
2026-07-28 14:15:00-04:00,87.83499908447266,87.83499908447266,87.9000015258789,87.83499908447266,87.88999938964844,32818
2026-07-28 14:16:00-04:00,87.76000213623047,87.76000213623047,87.84500122070312,87.72000122070312,87.83499908447266,99854
2026-07-28 14:17:00-04:00,87.94000244140625,87.94000244140625,87.94999694824219,87.76000213623047,87.76000213623047,61146
2026-07-28 14:18:00-04:00,87.91999816894531,87.91999816894531,87.94000244140625,87.9000015258789,87.93000030517578,56802
2026-07-28 14:19:00-04:00,87.8499984741211,87.8499984741211,87.94999694824219,87.83999633789062,87.91999816894531,49264
2026-07-28 14:20:00-04:00,87.91999816894531,87.91999816894531,87.93000030517578,87.79499816894531,87.85359954833984,37642
2026-07-28 14:21:00-04:00,87.90499877929688,87.90499877929688,87.93000030517578,87.86000061035156,87.91500091552734,27996
2026-07-28 14:22:00-04:00,87.83000183105469,87.83000183105469,87.92500305175781,87.81999969482422,87.90499877929688,20932
2026-07-28 14:23:00-04:00,87.80999755859375,87.80999755859375,87.84500122070312,87.80000305175781,87.84500122070312,24460
2026-07-28 14:24:00-04:00,87.87000274658203,87.87000274658203,87.87799835205078,87.81999969482422,87.81999969482422,33352
2026-07-28 14:25:00-04:00,87.83999633789062,87.83999633789062,87.88999938964844,87.83999633789062,87.87000274658203,57973
2026-07-28 14:26:00-04:00,87.8499984741211,87.8499984741211,87.87000274658203,87.81999969482422,87.83999633789062,231689
2026-07-28 14:27:00-04:00,87.87000274658203,87.87000274658203,87.90499877929688,87.83999633789062,87.8499984741211,22863
2026-07-28 14:28:00-04:00,87.83000183105469,87.83000183105469,87.87999725341797,87.80000305175781,87.87000274658203,42180
2026-07-28 14:29:00-04:00,87.80999755859375,87.80999755859375,87.8499984741211,87.80999755859375,87.83000183105469,21857
2026-07-28 14:30:00-04:00,87.76000213623047,87.76000213623047,87.83000183105469,87.72000122070312,87.81500244140625,313524
2026-07-28 14:31:00-04:00,87.80999755859375,87.80999755859375,87.80999755859375,87.72000122070312,87.76000213623047,23274
2026-07-28 14:32:00-04:00,87.83499908447266,87.83499908447266,87.87999725341797,87.80000305175781,87.80000305175781,24942
2026-07-28 14:33:00-04:00,87.81999969482422,87.81999969482422,87.87000274658203,87.77999877929688,87.83499908447266,43091
2026-07-28 14:34:00-04:00,87.8499984741211,87.8499984741211,87.8949966430664,87.80999755859375,87.80999755859375,77484
2026-07-28 14:35:00-04:00,87.80999755859375,87.80999755859375,87.87000274658203,87.80999755859375,87.8499984741211,19005
2026-07-28 14:36:00-04:00,87.79000091552734,87.79000091552734,87.80500030517578,87.76499938964844,87.79000091552734,15771
2026-07-28 14:37:00-04:00,87.78500366210938,87.78500366210938,87.80000305175781,87.7750015258789,87.77999877929688,14515
2026-07-28 14:38:00-04:00,87.77999877929688,87.77999877929688,87.80000305175781,87.76000213623047,87.77999877929688,17887
2026-07-28 14:39:00-04:00,87.81999969482422,87.81999969482422,87.82499694824219,87.7699966430664,87.79000091552734,23182
2026-07-28 14:40:00-04:00,87.74500274658203,87.74500274658203,87.81999969482422,87.70999908447266,87.81999969482422,68224
2026-07-28 14:41:00-04:00,87.7750015258789,87.7750015258789,87.77999877929688,87.75,87.75499725341797,28925
2026-07-28 14:42:00-04:00,87.70500183105469,87.70500183105469,87.7750015258789,87.69999694824219,87.7750015258789,54302
2026-07-28 14:43:00-04:00,87.75,87.75,87.77999877929688,87.70999908447266,87.70999908447266,33482
2026-07-28 14:44:00-04:00,87.79000091552734,87.79000091552734,87.80999755859375,87.7300033569336,87.76000213623047,50294
2026-07-28 14:45:00-04:00,87.81999969482422,87.81999969482422,87.83499908447266,87.80000305175781,87.80000305175781,42245
2026-07-28 14:46:00-04:00,87.77010345458984,87.77010345458984,87.80850219726562,87.76000213623047,87.80500030517578,23364
2026-07-28 14:47:00-04:00,87.7699966430664,87.7699966430664,87.79000091552734,87.76000213623047,87.7750015258789,20520
2026-07-28 14:48:00-04:00,87.80500030517578,87.80500030517578,87.80500030517578,87.7699966430664,87.7750015258789,16261
2026-07-28 14:49:00-04:00,87.79000091552734,87.79000091552734,87.83000183105469,87.79000091552734,87.80999755859375,17110
2026-07-28 14:50:00-04:00,87.86499786376953,87.86499786376953,87.86499786376953,87.76499938964844,87.79644775390625,24175
2026-07-28 14:51:00-04:00,87.91000366210938,87.91000366210938,87.91950225830078,87.83999633789062,87.86499786376953,44064
2026-07-28 14:52:00-04:00,87.90499877929688,87.90499877929688,87.91999816894531,87.83999633789062,87.90540313720703,88726
2026-07-28 14:53:00-04:00,87.97000122070312,87.97000122070312,88.0188980102539,87.87000274658203,87.9000015258789,335495
2026-07-28 14:54:00-04:00,88.0,88.0,88.05999755859375,87.95500183105469,87.97100067138672,36930
2026-07-28 14:55:00-04:00,88.01000213623047,88.01000213623047,88.06999969482422,88.00499725341797,88.00499725341797,42894
2026-07-28 14:56:00-04:00,88.05000305175781,88.05000305175781,88.05999755859375,88.01000213623047,88.01000213623047,36579
2026-07-28 14:57:00-04:00,88.01000213623047,88.01000213623047,88.05999755859375,88.01000213623047,88.04000091552734,21329
2026-07-28 14:58:00-04:00,88.0250015258789,88.0250015258789,88.02999877929688,88.0,88.0,14220
2026-07-28 14:59:00-04:00,88.00499725341797,88.00499725341797,88.05000305175781,88.0,88.02999877929688,26436
2026-07-28 15:00:00-04:00,87.91999816894531,87.91999816894531,88.01000213623047,87.88999938964844,88.01000213623047,32017
2026-07-28 15:01:00-04:00,87.8550033569336,87.8550033569336,87.91500091552734,87.81999969482422,87.91500091552734,52332
2026-07-28 15:02:00-04:00,87.9000015258789,87.9000015258789,87.94999694824219,87.84500122070312,87.8499984741211,53913
2026-07-28 15:03:00-04:00,87.8499984741211,87.8499984741211,87.87999725341797,87.80000305175781,87.87999725341797,14520
2026-07-28 15:04:00-04:00,87.8499984741211,87.8499984741211,87.86000061035156,87.80999755859375,87.8499984741211,41595
2026-07-28 15:05:00-04:00,87.83000183105469,87.83000183105469,87.86000061035156,87.81079864501953,87.84500122070312,40442
2026-07-28 15:06:00-04:00,87.92250061035156,87.92250061035156,87.92250061035156,87.82520294189453,87.83000183105469,25308
2026-07-28 15:07:00-04:00,87.875,87.875,87.92250061035156,87.83999633789062,87.92250061035156,47248
2026-07-28 15:08:00-04:00,87.80000305175781,87.80000305175781,87.88999938964844,87.79499816894531,87.87999725341797,37643
2026-07-28 15:09:00-04:00,87.76499938964844,87.76499938964844,87.81999969482422,87.75,87.80000305175781,239694
2026-07-28 15:10:00-04:00,87.76000213623047,87.76000213623047,87.80500030517578,87.75,87.7699966430664,47351
2026-07-28 15:11:00-04:00,87.7300033569336,87.7300033569336,87.79000091552734,87.7300033569336,87.7699966430664,22873
2026-07-28 15:12:00-04:00,87.7699966430664,87.7699966430664,87.82949829101562,87.73500061035156,87.73999786376953,33529
2026-07-28 15:13:00-04:00,87.7300033569336,87.7300033569336,87.77999877929688,87.69000244140625,87.7699966430664,36809
2026-07-28 15:14:00-04:00,87.75,87.75,87.75990295410156,87.69999694824219,87.7301025390625,37445
2026-07-28 15:15:00-04:00,87.79000091552734,87.79000091552734,87.80000305175781,87.75,87.75,58411
2026-07-28 15:16:00-04:00,87.81500244140625,87.81500244140625,87.81500244140625,87.7699966430664,87.79000091552734,47164
2026-07-28 15:17:00-04:00,87.83999633789062,87.83999633789062,87.8499984741211,87.80999755859375,87.81500244140625,35834
2026-07-28 15:18:00-04:00,87.82499694824219,87.82499694824219,87.8550033569336,87.80000305175781,87.83999633789062,55077
2026-07-28 15:19:00-04:00,87.8550033569336,87.8550033569336,87.8550033569336,87.81500244140625,87.83000183105469,29340
2026-07-28 15:20:00-04:00,87.92500305175781,87.92500305175781,87.93990325927734,87.86000061035156,87.86000061035156,71934
2026-07-28 15:21:00-04:00,87.93000030517578,87.93000030517578,87.95500183105469,87.91500091552734,87.92500305175781,38958
2026-07-28 15:22:00-04:00,87.9000015258789,87.9000015258789,87.94750213623047,87.87999725341797,87.91999816894531,50884
2026-07-28 15:23:00-04:00,87.93000030517578,87.93000030517578,87.93000030517578,87.87000274658203,87.88999938964844,35125
2026-07-28 15:24:00-04:00,87.94000244140625,87.94000244140625,87.9749984741211,87.92500305175781,87.94000244140625,32476
2026-07-28 15:25:00-04:00,87.87000274658203,87.87000274658203,87.94000244140625,87.87000274658203,87.94000244140625,46772
2026-07-28 15:26:00-04:00,87.83499908447266,87.83499908447266,87.88999938964844,87.82499694824219,87.87000274658203,38176
2026-07-28 15:27:00-04:00,87.8499984741211,87.8499984741211,87.87999725341797,87.80999755859375,87.83000183105469,32370
2026-07-28 15:28:00-04:00,87.86499786376953,87.86499786376953,87.88999938964844,87.8499984741211,87.8550033569336,43110
2026-07-28 15:29:00-04:00,87.8949966430664,87.8949966430664,87.91000366210938,87.86000061035156,87.87000274658203,36381
2026-07-28 15:30:00-04:00,87.86000061035156,87.86000061035156,87.88999938964844,87.79000091552734,87.88999938964844,71338
2026-07-28 15:31:00-04:00,87.86499786376953,87.86499786376953,87.88999938964844,87.80999755859375,87.8550033569336,60674
2026-07-28 15:32:00-04:00,87.91999816894531,87.91999816894531,87.94499969482422,87.84369659423828,87.86499786376953,44111
2026-07-28 15:33:00-04:00,87.88500213623047,87.88500213623047,87.95099639892578,87.8550033569336,87.91999816894531,62403
2026-07-28 15:34:00-04:00,87.88500213623047,87.88500213623047,87.88999938964844,87.80500030517578,87.87999725341797,55120
2026-07-28 15:35:00-04:00,88.05000305175781,88.05000305175781,88.06999969482422,87.88500213623047,87.88500213623047,83323
2026-07-28 15:36:00-04:00,88.13999938964844,88.13999938964844,88.13999938964844,87.98999786376953,88.04499816894531,108658
2026-07-28 15:37:00-04:00,88.18000030517578,88.18000030517578,88.20999908447266,88.13500213623047,88.1500015258789,42927
2026-07-28 15:38:00-04:00,88.12999725341797,88.12999725341797,88.19000244140625,88.11000061035156,88.18000030517578,52826
2026-07-28 15:39:00-04:00,88.22000122070312,88.22000122070312,88.25,88.12000274658203,88.12999725341797,42865
2026-07-28 15:40:00-04:00,88.16999816894531,88.16999816894531,88.24500274658203,88.1405029296875,88.22000122070312,44130
2026-07-28 15:41:00-04:00,88.19999694824219,88.19999694824219,88.2300033569336,88.13999938964844,88.16999816894531,50219
2026-07-28 15:42:00-04:00,88.20999908447266,88.20999908447266,88.2300033569336,88.1449966430664,88.19000244140625,49887
2026-07-28 15:43:00-04:00,88.20999908447266,88.20999908447266,88.25,88.20159912109375,88.21499633789062,44127
2026-07-28 15:44:00-04:00,88.22049713134766,88.22049713134766,88.23999786376953,88.20999908447266,88.20999908447266,55729
2026-07-28 15:45:00-04:00,88.20999908447266,88.20999908447266,88.2300033569336,88.1500015258789,88.22000122070312,81975
2026-07-28 15:46:00-04:00,88.20500183105469,88.20500183105469,88.25,88.19999694824219,88.20500183105469,82156
2026-07-28 15:47:00-04:00,88.19999694824219,88.19999694824219,88.22000122070312,88.16000366210938,88.18000030517578,59553
2026-07-28 15:48:00-04:00,88.3302001953125,88.3302001953125,88.3302001953125,88.18000030517578,88.19999694824219,83497
2026-07-28 15:49:00-04:00,88.4000015258789,88.4000015258789,88.4000015258789,88.30500030517578,88.33000183105469,84868
2026-07-28 15:50:00-04:00,88.4000015258789,88.4000015258789,88.4800033569336,88.37999725341797,88.4000015258789,177904
2026-07-28 15:51:00-04:00,88.3949966430664,88.3949966430664,88.41000366210938,88.33000183105469,88.38999938964844,88027
2026-07-28 15:52:00-04:00,88.41500091552734,88.41500091552734,88.45500183105469,88.37010192871094,88.4000015258789,111629
2026-07-28 15:53:00-04:00,88.3949966430664,88.3949966430664,88.41500091552734,88.36499786376953,88.41500091552734,130402
2026-07-28 15:54:00-04:00,88.33000183105469,88.33000183105469,88.4000015258789,88.25,88.3949966430664,163834
2026-07-28 15:55:00-04:00,88.31500244140625,88.31500244140625,88.38999938964844,88.2750015258789,88.33999633789062,174064
2026-07-28 15:56:00-04:00,88.38500213623047,88.38500213623047,88.43000030517578,88.31999969482422,88.31999969482422,207403
2026-07-28 15:57:00-04:00,88.4000015258789,88.4000015258789,88.43499755859375,88.33999633789062,88.38500213623047,232701
2026-07-28 15:58:00-04:00,88.43000030517578,88.43000030517578,88.50499725341797,88.4000015258789,88.4000015258789,284451
2026-07-28 15:59:00-04:00,88.33499908447266,88.33499908447266,88.44000244140625,88.23500061035156,88.43000030517578,581114
2026-07-29 09:30:00-04:00,88.87000274658203,88.87000274658203,89.25,88.63999938964844,88.6500015258789,820320
2026-07-29 09:31:00-04:00,89.40499877929688,89.40499877929688,89.45999908447266,88.82499694824219,88.91999816894531,127801
2026-07-29 09:32:00-04:00,89.28500366210938,89.28500366210938,89.48999786376953,89.1874008178711,89.44000244140625,179846
2026-07-29 09:33:00-04:00,89.6500015258789,89.6500015258789,89.80000305175781,89.25,89.25,116726
2026-07-29 09:34:00-04:00,89.5999984741211,89.5999984741211,89.74960327148438,89.56500244140625,89.66000366210938,112016
2026-07-29 09:35:00-04:00,89.57499694824219,89.57499694824219,89.71499633789062,89.5,89.5999984741211,79024
2026-07-29 09:36:00-04:00,89.79000091552734,89.79000091552734,89.8499984741211,89.55919647216797,89.60199737548828,81671
2026-07-29 09:37:00-04:00,89.83999633789062,89.83999633789062,89.94999694824219,89.80000305175781,89.81999969482422,91346
2026-07-29 09:38:00-04:00,90.05999755859375,90.05999755859375,90.05999755859375,89.77400207519531,89.83499908447266,234185
2026-07-29 09:39:00-04:00,90.09500122070312,90.09500122070312,90.20999908447266,90.01000213623047,90.01000213623047,211985
2026-07-29 09:40:00-04:00,90.04000091552734,90.04000091552734,90.13999938964844,89.94329833984375,90.11000061035156,106176
2026-07-29 09:41:00-04:00,90.16000366210938,90.16000366210938,90.16000366210938,89.96009826660156,90.02999877929688,146946
2026-07-29 09:42:00-04:00,90.14299774169922,90.14299774169922,90.26000213623047,90.05999755859375,90.16999816894531,166573
2026-07-29 09:43:00-04:00,90.29000091552734,90.29000091552734,90.33999633789062,90.02999877929688,90.0999984741211,150638
2026-07-29 09:44:00-04:00,90.2699966430664,90.2699966430664,90.37000274658203,90.23999786376953,90.29000091552734,86188
2026-07-29 09:45:00-04:00,90.19380187988281,90.19380187988281,90.36000061035156,90.16010284423828,90.29000091552734,57878
2026-07-29 09:46:00-04:00,90.41000366210938,90.41000366210938,90.44000244140625,90.17500305175781,90.17500305175781,56860
2026-07-29 09:47:00-04:00,90.49949645996094,90.49949645996094,90.55000305175781,90.37000274658203,90.4000015258789,133804
2026-07-29 09:48:00-04:00,90.45500183105469,90.45500183105469,90.52999877929688,90.37000274658203,90.45999908447266,93578
2026-07-29 09:49:00-04:00,90.3550033569336,90.3550033569336,90.5625,90.3550033569336,90.46600341796875,92457
2026-07-29 09:50:00-04:00,90.43499755859375,90.43499755859375,90.5,90.30999755859375,90.33999633789062,67778
2026-07-29 09:51:00-04:00,90.66000366210938,90.66000366210938,90.69989776611328,90.44999694824219,90.44999694824219,60742
2026-07-29 09:52:00-04:00,90.66999816894531,90.66999816894531,90.75,90.62999725341797,90.66000366210938,89258
2026-07-29 09:53:00-04:00,90.52999877929688,90.52999877929688,90.75,90.52999877929688,90.66000366210938,68442
2026-07-29 09:54:00-04:00,90.70500183105469,90.70500183105469,90.72000122070312,90.5,90.53500366210938,98382
2026-07-29 09:55:00-04:00,90.59500122070312,90.59500122070312,90.7698974609375,90.52999877929688,90.72000122070312,84655
2026-07-29 09:56:00-04:00,90.81500244140625,90.81500244140625,90.83999633789062,90.61000061035156,90.61000061035156,48484
2026-07-29 09:57:00-04:00,90.83000183105469,90.83000183105469,90.91999816894531,90.79499816894531,90.83000183105469,98864
2026-07-29 09:58:00-04:00,90.6500015258789,90.6500015258789,90.83000183105469,90.62000274658203,90.80999755859375,114331
2026-07-29 09:59:00-04:00,90.63999938964844,90.63999938964844,90.69999694824219,90.58000183105469,90.62000274658203,106078
2026-07-29 10:00:00-04:00,90.45999908447266,90.45999908447266,90.66999816894531,90.43000030517578,90.62999725341797,96050
2026-07-29 10:01:00-04:00,90.5,90.5,90.52909851074219,90.4000015258789,90.45500183105469,53318
2026-07-29 10:02:00-04:00,90.18000030517578,90.18000030517578,90.49500274658203,90.1500015258789,90.48999786376953,99612
2026-07-29 10:03:00-04:00,90.30999755859375,90.30999755859375,90.36000061035156,90.18000030517578,90.18000030517578,94905
2026-07-29 10:04:00-04:00,90.30000305175781,90.30000305175781,90.38400268554688,90.27999877929688,90.33999633789062,51513
2026-07-29 10:05:00-04:00,90.25,90.25,90.29000091552734,90.20999908447266,90.29000091552734,61222
2026-07-29 10:06:00-04:00,90.18000030517578,90.18000030517578,90.23999786376953,90.0999984741211,90.23999786376953,41248
2026-07-29 10:07:00-04:00,90.33499908447266,90.33499908447266,90.36000061035156,90.16000366210938,90.16000366210938,41310
2026-07-29 10:08:00-04:00,90.41000366210938,90.41000366210938,90.4800033569336,90.33999633789062,90.33999633789062,50248
2026-07-29 10:09:00-04:00,90.30000305175781,90.30000305175781,90.41000366210938,90.27999877929688,90.41000366210938,37148
2026-07-29 10:10:00-04:00,90.41000366210938,90.41000366210938,90.5,90.27999877929688,90.30999755859375,53063
2026-07-29 10:11:00-04:00,90.33999633789062,90.33999633789062,90.45999908447266,90.33999633789062,90.3949966430664,34022
2026-07-29 10:12:00-04:00,90.2042007446289,90.2042007446289,90.3499984741211,90.19999694824219,90.33999633789062,56406
2026-07-29 10:13:00-04:00,90.31999969482422,90.31999969482422,90.31999969482422,90.19999694824219,90.21499633789062,61172
2026-07-29 10:14:00-04:00,90.41699981689453,90.41699981689453,90.41699981689453,90.29000091552734,90.29000091552734,84603
2026-07-29 10:15:00-04:00,90.38999938964844,90.38999938964844,90.5,90.33999633789062,90.40499877929688,51147
2026-07-29 10:16:00-04:00,90.30999755859375,90.30999755859375,90.4000015258789,90.25499725341797,90.38500213623047,48320
2026-07-29 10:17:00-04:00,90.4219970703125,90.4219970703125,90.43000030517578,90.25,90.30500030517578,43334
2026-07-29 10:18:00-04:00,90.38999938964844,90.38999938964844,90.45999908447266,90.375,90.41999816894531,50230
2026-07-29 10:19:00-04:00,90.48500061035156,90.48500061035156,90.5199966430664,90.4000015258789,90.4000015258789,39085
2026-07-29 10:20:00-04:00,90.37000274658203,90.37000274658203,90.52999877929688,90.34500122070312,90.48500061035156,57155
2026-07-29 10:21:00-04:00,90.2699966430664,90.2699966430664,90.33999633789062,90.23490142822266,90.33999633789062,33488
2026-07-29 10:22:00-04:00,90.2699966430664,90.2699966430664,90.31999969482422,90.25,90.29000091552734,38737
2026-07-29 10:23:00-04:00,90.44000244140625,90.44000244140625,90.44000244140625,90.2699966430664,90.2699966430664,43441
2026-07-29 10:24:00-04:00,90.51499938964844,90.51499938964844,90.62000274658203,90.45999908447266,90.45999908447266,75115
2026-07-29 10:25:00-04:00,90.55000305175781,90.55000305175781,90.59500122070312,90.5199966430664,90.52999877929688,28934
2026-07-29 10:26:00-04:00,90.63999938964844,90.63999938964844,90.6500015258789,90.55500030517578,90.55999755859375,45844
2026-07-29 10:27:00-04:00,90.75250244140625,90.75250244140625,90.77999877929688,90.64510345458984,90.6500015258789,75809
2026-07-29 10:28:00-04:00,90.70999908447266,90.70999908447266,90.80000305175781,90.69000244140625,90.76000213623047,59298
2026-07-29 10:29:00-04:00,90.63999938964844,90.63999938964844,90.75,90.63999938964844,90.70999908447266,103999
2026-07-29 10:30:00-04:00,90.58789825439453,90.58789825439453,90.66999816894531,90.56600189208984,90.65499877929688,71449
2026-07-29 10:31:00-04:00,90.5199966430664,90.5199966430664,90.62000274658203,90.51000213623047,90.58999633789062,37429
2026-07-29 10:32:00-04:00,90.42500305175781,90.42500305175781,90.52999877929688,90.37409973144531,90.52999877929688,26754
2026-07-29 10:33:00-04:00,90.51000213623047,90.51000213623047,90.51000213623047,90.38999938964844,90.4000015258789,44691
2026-07-29 10:34:00-04:00,90.45999908447266,90.45999908447266,90.55000305175781,90.43499755859375,90.5199966430664,29029
2026-07-29 10:35:00-04:00,90.5199966430664,90.5199966430664,90.5199966430664,90.45999908447266,90.45999908447266,36233
2026-07-29 10:36:00-04:00,90.58999633789062,90.58999633789062,90.61000061035156,90.47000122070312,90.51000213623047,50760
2026-07-29 10:37:00-04:00,90.56500244140625,90.56500244140625,90.61499786376953,90.55500030517578,90.5999984741211,29919
2026-07-29 10:38:00-04:00,90.58999633789062,90.58999633789062,90.59989929199219,90.55000305175781,90.55000305175781,30304
2026-07-29 10:39:00-04:00,90.6500015258789,90.6500015258789,90.69000244140625,90.58999633789062,90.58999633789062,29390
2026-07-29 10:40:00-04:00,90.66500091552734,90.66500091552734,90.73999786376953,90.63999938964844,90.6500015258789,44242
2026-07-29 10:41:00-04:00,90.65499877929688,90.65499877929688,90.66999816894531,90.58999633789062,90.6500015258789,41141
2026-07-29 10:42:00-04:00,90.61000061035156,90.61000061035156,90.67500305175781,90.55000305175781,90.65499877929688,39663
2026-07-29 10:43:00-04:00,90.54000091552734,90.54000091552734,90.61000061035156,90.5199966430664,90.61000061035156,40074
2026-07-29 10:44:00-04:00,90.58000183105469,90.58000183105469,90.62000274658203,90.5250015258789,90.54000091552734,37853
2026-07-29 10:45:00-04:00,90.44000244140625,90.44000244140625,90.5999984741211,90.44000244140625,90.56999969482422,42467
2026-07-29 10:46:00-04:00,90.33999633789062,90.33999633789062,90.51000213623047,90.31500244140625,90.44499969482422,46591
2026-07-29 10:47:00-04:00,90.33000183105469,90.33000183105469,90.33799743652344,90.23999786376953,90.33000183105469,38980
2026-07-29 10:48:00-04:00,90.27999877929688,90.27999877929688,90.37000274658203,90.27999877929688,90.31500244140625,35314
2026-07-29 10:49:00-04:00,90.20500183105469,90.20500183105469,90.2750015258789,90.11000061035156,90.2699966430664,61292
2026-07-29 10:50:00-04:00,90.19999694824219,90.19999694824219,90.23500061035156,90.1500015258789,90.20500183105469,29481
2026-07-29 10:51:00-04:00,90.30000305175781,90.30000305175781,90.30999755859375,90.17009735107422,90.20500183105469,40663
2026-07-29 10:52:00-04:00,90.27999877929688,90.27999877929688,90.31500244140625,90.19000244140625,90.30989837646484,38166
2026-07-29 10:53:00-04:00,90.23999786376953,90.23999786376953,90.33000183105469,90.23999786376953,90.27999877929688,27903
2026-07-29 10:54:00-04:00,90.11920166015625,90.11920166015625,90.2699966430664,90.11920166015625,90.24500274658203,66959
2026-07-29 10:55:00-04:00,90.22000122070312,90.22000122070312,90.22000122070312,90.09010314941406,90.11499786376953,41570
2026-07-29 10:56:00-04:00,90.18000030517578,90.18000030517578,90.2300033569336,90.1449966430664,90.22000122070312,23523
2026-07-29 10:57:00-04:00,90.1050033569336,90.1050033569336,90.19000244140625,90.07499694824219,90.19000244140625,23551
2026-07-29 10:58:00-04:00,89.97000122070312,89.97000122070312,90.12000274658203,89.95999908447266,90.1050033569336,59752
2026-07-29 10:59:00-04:00,90.125,90.125,90.13999938964844,89.94000244140625,89.97000122070312,59521
2026-07-29 11:00:00-04:00,90.25,90.25,90.27999877929688,90.12000274658203,90.12000274658203,51281
2026-07-29 11:01:00-04:00,90.2699966430664,90.2699966430664,90.31999969482422,90.20999908447266,90.24500274658203,38898
2026-07-29 11:02:00-04:00,90.22000122070312,90.22000122070312,90.28500366210938,90.16000366210938,90.2699966430664,39190
2026-07-29 11:03:00-04:00,90.21150207519531,90.21150207519531,90.23999786376953,90.19000244140625,90.2300033569336,24744
2026-07-29 11:04:00-04:00,90.13999938964844,90.13999938964844,90.25,90.13999938964844,90.20999908447266,21314
2026-07-29 11:05:00-04:00,90.16000366210938,90.16000366210938,90.20999908447266,90.12000274658203,90.13999938964844,222318
2026-07-29 11:06:00-04:00,90.19000244140625,90.19000244140625,90.19999694824219,90.08999633789062,90.13999938964844,39399
2026-07-29 11:07:00-04:00,90.09500122070312,90.09500122070312,90.22000122070312,90.08000183105469,90.19999694824219,33182
2026-07-29 11:08:00-04:00,90.08000183105469,90.08000183105469,90.1500015258789,90.05000305175781,90.09500122070312,46211
2026-07-29 11:09:00-04:00,90.0999984741211,90.0999984741211,90.12999725341797,90.07499694824219,90.08499908447266,31826
2026-07-29 11:10:00-04:00,90.13999938964844,90.13999938964844,90.1500015258789,90.05000305175781,90.08000183105469,30617
2026-07-29 11:11:00-04:00,90.2300033569336,90.2300033569336,90.2699966430664,90.1500015258789,90.1500015258789,27211
2026-07-29 11:12:00-04:00,90.1500015258789,90.1500015258789,90.2699966430664,90.13999938964844,90.20999908447266,32285
2026-07-29 11:13:00-04:00,90.13999938964844,90.13999938964844,90.19000244140625,90.13999938964844,90.16000366210938,23531
2026-07-29 11:14:00-04:00,90.19999694824219,90.19999694824219,90.25499725341797,90.09500122070312,90.1500015258789,27869
2026-07-29 11:15:00-04:00,90.12000274658203,90.12000274658203,90.2249984741211,90.11499786376953,90.18000030517578,28132
2026-07-29 11:16:00-04:00,90.12000274658203,90.12000274658203,90.13999938964844,90.0199966430664,90.12999725341797,42976
2026-07-29 11:17:00-04:00,90.1050033569336,90.1050033569336,90.15499877929688,90.08499908447266,90.0999984741211,15589
2026-07-29 11:18:00-04:00,90.05999755859375,90.05999755859375,90.1050033569336,90.04000091552734,90.1050033569336,21490
2026-07-29 11:19:00-04:00,90.13999938964844,90.13999938964844,90.18000030517578,90.05000305175781,90.06999969482422,20316
2026-07-29 11:20:00-04:00,90.12999725341797,90.12999725341797,90.16500091552734,90.12000274658203,90.13999938964844,16613
2026-07-29 11:21:00-04:00,90.14179992675781,90.14179992675781,90.16500091552734,90.11000061035156,90.13999938964844,31104
2026-07-29 11:22:00-04:00,90.20999908447266,90.20999908447266,90.25,90.1500015258789,90.1500015258789,25097
2026-07-29 11:23:00-04:00,90.1449966430664,90.1449966430664,90.21990203857422,90.13999938964844,90.19499969482422,18117
2026-07-29 11:24:00-04:00,90.22000122070312,90.22000122070312,90.26499938964844,90.15499877929688,90.15499877929688,25527
2026-07-29 11:25:00-04:00,90.2300033569336,90.2300033569336,90.24500274658203,90.19999694824219,90.22000122070312,9484
2026-07-29 11:26:00-04:00,90.19999694824219,90.19999694824219,90.23999786376953,90.16999816894531,90.23999786376953,20439
2026-07-29 11:27:00-04:00,90.31999969482422,90.31999969482422,90.31999969482422,90.19999694824219,90.19999694824219,26118
2026-07-29 11:28:00-04:00,90.30000305175781,90.30000305175781,90.3499984741211,90.30000305175781,90.31999969482422,36589
2026-07-29 11:29:00-04:00,90.36499786376953,90.36499786376953,90.37999725341797,90.30000305175781,90.30000305175781,24501
2026-07-29 11:30:00-04:00,90.23999786376953,90.23999786376953,90.37000274658203,90.23999786376953,90.36000061035156,37043
2026-07-29 11:31:00-04:00,90.24500274658203,90.24500274658203,90.28250122070312,90.22000122070312,90.24485778808594,32375
2026-07-29 11:32:00-04:00,90.33999633789062,90.33999633789062,90.3499984741211,90.22000122070312,90.2300033569336,21697
2026-07-29 11:33:00-04:00,90.375,90.375,90.38500213623047,90.3499984741211,90.36000061035156,34025
2026-07-29 11:34:00-04:00,90.33000183105469,90.33000183105469,90.41500091552734,90.30999755859375,90.37000274658203,34947
2026-07-29 11:35:00-04:00,90.26000213623047,90.26000213623047,90.33000183105469,90.2300033569336,90.33000183105469,28257
2026-07-29 11:36:00-04:00,90.30000305175781,90.30000305175781,90.30500030517578,90.23999786376953,90.26000213623047,27734
2026-07-29 11:37:00-04:00,90.36000061035156,90.36000061035156,90.36000061035156,90.29499816894531,90.30000305175781,21663
2026-07-29 11:38:00-04:00,90.42500305175781,90.42500305175781,90.44000244140625,90.36000061035156,90.37000274658203,50099
2026-07-29 11:39:00-04:00,90.3949966430664,90.3949966430664,90.44999694824219,90.36000061035156,90.42500305175781,25025
2026-07-29 11:40:00-04:00,90.42500305175781,90.42500305175781,90.44000244140625,90.38610076904297,90.3949966430664,24638
2026-07-29 11:41:00-04:00,90.41999816894531,90.41999816894531,90.44000244140625,90.36499786376953,90.44000244140625,17579
2026-07-29 11:42:00-04:00,90.40499877929688,90.40499877929688,90.43499755859375,90.38999938964844,90.41999816894531,19039
2026-07-29 11:43:00-04:00,90.37000274658203,90.37000274658203,90.41000366210938,90.3499984741211,90.4000015258789,26386
2026-07-29 11:44:00-04:00,90.20999908447266,90.20999908447266,90.38999938964844,90.20999908447266,90.37000274658203,112124
2026-07-29 11:45:00-04:00,90.23999786376953,90.23999786376953,90.2699966430664,90.19999694824219,90.22000122070312,60877
2026-07-29 11:46:00-04:00,90.2300033569336,90.2300033569336,90.26000213623047,90.19999694824219,90.24500274658203,50346
2026-07-29 11:47:00-04:00,90.19999694824219,90.19999694824219,90.26499938964844,90.18000030517578,90.2300033569336,130418
2026-07-29 11:48:00-04:00,90.19000244140625,90.19000244140625,90.19999694824219,90.13500213623047,90.19999694824219,47078
2026-07-29 11:49:00-04:00,90.22000122070312,90.22000122070312,90.25499725341797,90.19499969482422,90.19999694824219,53504
2026-07-29 11:50:00-04:00,90.20500183105469,90.20500183105469,90.22000122070312,90.18499755859375,90.20999908447266,30224
2026-07-29 11:51:00-04:00,90.2699966430664,90.2699966430664,90.2699966430664,90.20010375976562,90.20500183105469,30898
2026-07-29 11:52:00-04:00,90.2249984741211,90.2249984741211,90.27999877929688,90.20999908447266,90.2699966430664,15641
2026-07-29 11:53:00-04:00,90.29000091552734,90.29000091552734,90.29499816894531,90.2249984741211,90.2249984741211,25623
2026-07-29 11:54:00-04:00,90.32499694824219,90.32499694824219,90.34500122070312,90.27999877929688,90.29000091552734,36758
2026-07-29 11:55:00-04:00,90.36000061035156,90.36000061035156,90.41999816894531,90.32499694824219,90.33000183105469,28522
2026-07-29 11:56:00-04:00,90.25,90.25,90.36000061035156,90.25,90.36000061035156,30298
2026-07-29 11:57:00-04:00,90.23999786376953,90.23999786376953,90.27999877929688,90.23999786376953,90.25,22467
2026-07-29 11:58:00-04:00,90.23759460449219,90.23759460449219,90.25,90.20999908447266,90.23999786376953,21122
2026-07-29 11:59:00-04:00,90.23999786376953,90.23999786376953,90.25,90.19999694824219,90.22000122070312,43646
2026-07-29 12:00:00-04:00,90.26000213623047,90.26000213623047,90.26000213623047,90.19999694824219,90.23999786376953,36830
2026-07-29 12:01:00-04:00,90.2300033569336,90.2300033569336,90.2699966430664,90.22000122070312,90.26000213623047,20688
2026-07-29 12:02:00-04:00,90.21499633789062,90.21499633789062,90.2699966430664,90.20999908447266,90.26000213623047,17650
2026-07-29 12:03:00-04:00,90.23999786376953,90.23999786376953,90.23999786376953,90.20999908447266,90.21499633789062,11981
2026-07-29 12:04:00-04:00,90.27999877929688,90.27999877929688,90.27999877929688,90.22000122070312,90.24500274658203,12761
2026-07-29 12:05:00-04:00,90.22010040283203,90.22010040283203,90.30999755859375,90.22010040283203,90.27999877929688,22243
2026-07-29 12:06:00-04:00,90.25,90.25,90.25,90.19999694824219,90.22000122070312,14545
2026-07-29 12:07:00-04:00,90.25,90.25,90.26499938964844,90.23999786376953,90.25,13643
2026-07-29 12:08:00-04:00,90.16500091552734,90.16500091552734,90.25499725341797,90.16500091552734,90.25499725341797,22368
2026-07-29 12:09:00-04:00,90.23999786376953,90.23999786376953,90.25,90.16999816894531,90.16999816894531,16278
2026-07-29 12:10:00-04:00,90.22000122070312,90.22000122070312,90.26000213623047,90.22000122070312,90.2300033569336,11289
2026-07-29 12:11:00-04:00,90.25990295410156,90.25990295410156,90.26499938964844,90.19999694824219,90.2300033569336,29911
2026-07-29 12:12:00-04:00,90.24500274658203,90.24500274658203,90.25,90.22000122070312,90.23999786376953,11813
2026-07-29 12:13:00-04:00,90.28500366210938,90.28500366210938,90.29000091552734,90.23999786376953,90.25,16880
2026-07-29 12:14:00-04:00,90.23999786376953,90.23999786376953,90.30000305175781,90.2300033569336,90.28500366210938,12701
2026-07-29 12:15:00-04:00,90.14990234375,90.14990234375,90.25,90.12999725341797,90.23999786376953,30692
2026-07-29 12:16:00-04:00,90.19000244140625,90.19000244140625,90.19499969482422,90.12000274658203,90.12999725341797,22297
2026-07-29 12:17:00-04:00,90.20500183105469,90.20500183105469,90.22000122070312,90.18000030517578,90.19000244140625,22554
2026-07-29 12:18:00-04:00,90.11209869384766,90.11209869384766,90.22000122070312,90.11209869384766,90.20999908447266,22630
2026-07-29 12:19:00-04:00,90.0250015258789,90.0250015258789,90.13999938964844,89.97000122070312,90.12000274658203,71178
2026-07-29 12:20:00-04:00,90.05999755859375,90.05999755859375,90.0999984741211,90.0,90.0250015258789,53454
2026-07-29 12:21:00-04:00,90.11000061035156,90.11000061035156,90.12999725341797,90.05000305175781,90.06179809570312,33943
2026-07-29 12:22:00-04:00,90.05500030517578,90.05500030517578,90.11499786376953,90.0199966430664,90.11499786376953,33898
2026-07-29 12:23:00-04:00,90.08000183105469,90.08000183105469,90.125,90.05500030517578,90.05500030517578,26853
2026-07-29 12:24:00-04:00,90.05000305175781,90.05000305175781,90.06999969482422,90.02010345458984,90.06999969482422,14964
2026-07-29 12:25:00-04:00,90.04000091552734,90.04000091552734,90.04000091552734,90.00499725341797,90.04000091552734,18567
2026-07-29 12:26:00-04:00,89.94499969482422,89.94499969482422,90.04000091552734,89.94000244140625,90.04000091552734,23911
2026-07-29 12:27:00-04:00,89.9800033569336,89.9800033569336,89.9800033569336,89.93720245361328,89.94499969482422,27378
2026-07-29 12:28:00-04:00,89.94000244140625,89.94000244140625,90.0,89.9000015258789,89.98999786376953,28700
2026-07-29 12:29:00-04:00,89.87999725341797,89.87999725341797,89.93000030517578,89.87999725341797,89.93000030517578,17483
2026-07-29 12:30:00-04:00,89.83999633789062,89.83999633789062,89.87000274658203,89.80500030517578,89.86000061035156,23677
2026-07-29 12:31:00-04:00,89.79499816894531,89.79499816894531,89.83999633789062,89.79000091552734,89.83000183105469,22213
2026-07-29 12:32:00-04:00,89.75,89.75,89.8499984741211,89.75,89.80000305175781,20848
2026-07-29 12:33:00-04:00,89.73999786376953,89.73999786376953,89.75440216064453,89.72000122070312,89.75,15124
2026-07-29 12:34:00-04:00,89.76000213623047,89.76000213623047,89.79499816894531,89.7300033569336,89.7300033569336,15777
2026-07-29 12:35:00-04:00,89.7300033569336,89.7300033569336,89.79000091552734,89.69999694824219,89.76000213623047,26981
2026-07-29 12:36:00-04:00,89.76000213623047,89.76000213623047,89.7699966430664,89.71499633789062,89.71499633789062,16326
2026-07-29 12:37:00-04:00,89.70999908447266,89.70999908447266,89.7750015258789,89.70999908447266,89.76499938964844,20339
2026-07-29 12:38:00-04:00,89.72419738769531,89.72419738769531,89.75,89.69999694824219,89.7300033569336,18934
2026-07-29 12:39:00-04:00,89.7249984741211,89.7249984741211,89.75,89.70999908447266,89.7249984741211,14581
2026-07-29 12:40:00-04:00,89.72000122070312,89.72000122070312,89.75,89.69999694824219,89.7300033569336,23345
2026-07-29 12:41:00-04:00,89.68000030517578,89.68000030517578,89.70999908447266,89.66999816894531,89.70999908447266,13479
2026-07-29 12:42:00-04:00,89.75,89.75,89.7699966430664,89.68000030517578,89.69000244140625,11977
2026-07-29 12:43:00-04:00,89.76000213623047,89.76000213623047,89.76000213623047,89.72000122070312,89.73500061035156,16216
2026-07-29 12:44:00-04:00,89.83000183105469,89.83000183105469,89.83499908447266,89.75,89.76000213623047,31259
2026-07-29 12:45:00-04:00,89.88999938964844,89.88999938964844,89.92669677734375,89.81999969482422,89.83000183105469,78810
2026-07-29 12:46:00-04:00,89.94999694824219,89.94999694824219,89.95989990234375,89.87000274658203,89.9000015258789,37078
2026-07-29 12:47:00-04:00,89.94000244140625,89.94000244140625,89.97000122070312,89.91999816894531,89.95999908447266,26332
2026-07-29 12:48:00-04:00,89.94000244140625,89.94000244140625,89.95999908447266,89.91999816894531,89.94999694824219,32542
2026-07-29 12:49:00-04:00,89.91000366210938,89.91000366210938,89.94000244140625,89.90499877929688,89.94000244140625,14068
2026-07-29 12:50:00-04:00,89.95999908447266,89.95999908447266,89.97989654541016,89.91000366210938,89.91999816894531,25325
2026-07-29 12:51:00-04:00,89.86499786376953,89.86499786376953,89.94999694824219,89.86499786376953,89.94999694824219,20393
2026-07-29 12:52:00-04:00,89.81999969482422,89.81999969482422,89.87999725341797,89.80999755859375,89.87000274658203,35231
2026-07-29 12:53:00-04:00,89.83000183105469,89.83000183105469,89.86499786376953,89.81999969482422,89.81999969482422,15022
2026-07-29 12:54:00-04:00,89.8499984741211,89.8499984741211,89.8760986328125,89.83989715576172,89.83989715576172,9712
2026-07-29 12:55:00-04:00,89.83999633789062,89.83999633789062,89.87000274658203,89.83000183105469,89.8499984741211,22459
2026-07-29 12:56:00-04:00,89.8499984741211,89.8499984741211,89.85800170898438,89.81999969482422,89.83000183105469,12172
2026-07-29 12:57:00-04:00,89.81999969482422,89.81999969482422,89.83999633789062,89.80999755859375,89.83999633789062,30624
2026-07-29 12:58:00-04:00,89.79499816894531,89.79499816894531,89.80999755859375,89.78900146484375,89.80999755859375,9520
2026-07-29 12:59:00-04:00,89.83999633789062,89.83999633789062,89.84725952148438,89.79000091552734,89.80000305175781,17734
2026-07-29 13:00:00-04:00,89.7300033569336,89.7300033569336,89.8499984741211,89.72000122070312,89.83999633789062,35502
2026-07-29 13:01:00-04:00,89.75,89.75,89.76000213623047,89.68000030517578,89.7300033569336,26509
2026-07-29 13:02:00-04:00,89.75,89.75,89.7699966430664,89.6520004272461,89.74500274658203,16290
2026-07-29 13:03:00-04:00,89.69999694824219,89.69999694824219,89.75,89.63999938964844,89.73999786376953,27919
2026-07-29 13:04:00-04:00,89.80999755859375,89.80999755859375,89.80999755859375,89.70500183105469,89.70999908447266,33530
2026-07-29 13:05:00-04:00,89.80999755859375,89.80999755859375,89.82630157470703,89.7750015258789,89.81500244140625,20974
2026-07-29 13:06:00-04:00,89.77999877929688,89.77999877929688,89.80000305175781,89.74500274658203,89.79000091552734,27143
2026-07-29 13:07:00-04:00,89.74500274658203,89.74500274658203,89.77999877929688,89.74500274658203,89.7699966430664,14678
2026-07-29 13:08:00-04:00,89.70999908447266,89.70999908447266,89.75,89.70500183105469,89.75,21286
2026-07-29 13:09:00-04:00,89.7750015258789,89.7750015258789,89.77999877929688,89.70500183105469,89.70500183105469,39878
2026-07-29 13:10:00-04:00,89.76000213623047,89.76000213623047,89.80000305175781,89.73999786376953,89.7699966430664,30547
2026-07-29 13:11:00-04:00,89.76000213623047,89.76000213623047,89.79000091552734,89.73999786376953,89.76000213623047,42360
2026-07-29 13:12:00-04:00,89.76000213623047,89.76000213623047,89.80500030517578,89.76000213623047,89.7699966430664,16812
2026-07-29 13:13:00-04:00,89.70999908447266,89.70999908447266,89.75499725341797,89.70999908447266,89.75,33268
2026-07-29 13:14:00-04:00,89.66000366210938,89.66000366210938,89.73999786376953,89.64209747314453,89.70999908447266,18322
2026-07-29 13:15:00-04:00,89.62000274658203,89.62000274658203,89.66999816894531,89.62000274658203,89.66000366210938,26644
2026-07-29 13:16:00-04:00,89.63999938964844,89.63999938964844,89.66510009765625,89.61000061035156,89.62000274658203,19332
2026-07-29 13:17:00-04:00,89.58999633789062,89.58999633789062,89.6449966430664,89.55999755859375,89.62999725341797,14581
2026-07-29 13:18:00-04:00,89.57499694824219,89.57499694824219,89.62000274658203,89.56999969482422,89.58999633789062,16413
2026-07-29 13:19:00-04:00,89.58000183105469,89.58000183105469,89.58999633789062,89.55000305175781,89.57499694824219,13957
2026-07-29 13:20:00-04:00,89.55000305175781,89.55000305175781,89.58999633789062,89.5199966430664,89.58000183105469,18216
2026-07-29 13:21:00-04:00,89.55000305175781,89.55000305175781,89.58000183105469,89.51000213623047,89.55000305175781,18366
2026-07-29 13:22:00-04:00,89.55999755859375,89.55999755859375,89.56500244140625,89.54000091552734,89.54000091552734,13579
2026-07-29 13:23:00-04:00,89.4749984741211,89.4749984741211,89.56500244140625,89.46499633789062,89.55999755859375,24306
2026-07-29 13:24:00-04:00,89.5199966430664,89.5199966430664,89.55049896240234,89.46499633789062,89.46499633789062,24929
2026-07-29 13:25:00-04:00,89.54000091552734,89.54000091552734,89.55999755859375,89.51000213623047,89.5199966430664,29586
2026-07-29 13:26:00-04:00,89.48999786376953,89.48999786376953,89.52999877929688,89.4800033569336,89.52999877929688,33586
2026-07-29 13:27:00-04:00,89.5250015258789,89.5250015258789,89.52999877929688,89.47000122070312,89.48999786376953,22639
2026-07-29 13:28:00-04:00,89.46499633789062,89.46499633789062,89.53500366210938,89.4000015258789,89.5250015258789,43776
2026-07-29 13:29:00-04:00,89.44000244140625,89.44000244140625,89.46749877929688,89.43379974365234,89.46499633789062,25643
2026-07-29 13:30:00-04:00,89.41000366210938,89.41000366210938,89.44999694824219,89.37999725341797,89.44000244140625,24873
2026-07-29 13:31:00-04:00,89.3499984741211,89.3499984741211,89.43499755859375,89.33000183105469,89.41500091552734,58228
2026-07-29 13:32:00-04:00,89.3949966430664,89.3949966430664,89.41000366210938,89.33999633789062,89.3499984741211,30072
2026-07-29 13:33:00-04:00,89.33499908447266,89.33499908447266,89.41000366210938,89.31999969482422,89.38999938964844,37112
2026-07-29 13:34:00-04:00,89.38009643554688,89.38009643554688,89.38999938964844,89.31999969482422,89.33000183105469,30712
2026-07-29 13:35:00-04:00,89.43000030517578,89.43000030517578,89.47000122070312,89.3499984741211,89.37999725341797,38882
2026-07-29 13:36:00-04:00,89.47000122070312,89.47000122070312,89.47000122070312,89.41999816894531,89.41999816894531,40539
2026-07-29 13:37:00-04:00,89.43499755859375,89.43499755859375,89.4800033569336,89.41999816894531,89.46510314941406,14595
2026-07-29 13:38:00-04:00,89.5,89.5,89.5199966430664,89.43499755859375,89.43769836425781,39626
2026-07-29 13:39:00-04:00,89.5,89.5,89.5250015258789,89.48999786376953,89.48999786376953,20066
2026-07-29 13:40:00-04:00,89.45999908447266,89.45999908447266,89.5250015258789,89.44999694824219,89.51000213623047,22712
2026-07-29 13:41:00-04:00,89.44000244140625,89.44000244140625,89.46499633789062,89.4000015258789,89.46499633789062,15237
2026-07-29 13:42:00-04:00,89.45999908447266,89.45999908447266,89.45999908447266,89.41000366210938,89.43000030517578,16170
2026-07-29 13:43:00-04:00,89.44989776611328,89.44989776611328,89.44999694824219,89.42500305175781,89.44999694824219,17453
2026-07-29 13:44:00-04:00,89.42500305175781,89.42500305175781,89.44000244140625,89.40499877929688,89.44000244140625,15985
2026-07-29 13:45:00-04:00,89.43499755859375,89.43499755859375,89.44999694824219,89.41999816894531,89.42500305175781,16264
2026-07-29 13:46:00-04:00,89.47000122070312,89.47000122070312,89.47000122070312,89.43000030517578,89.43499755859375,24267
2026-07-29 13:47:00-04:00,89.41500091552734,89.41500091552734,89.46499633789062,89.41000366210938,89.46499633789062,17468
2026-07-29 13:48:00-04:00,89.41999816894531,89.41999816894531,89.44999694824219,89.41000366210938,89.41999816894531,18978
2026-07-29 13:49:00-04:00,89.38999938964844,89.38999938964844,89.43689727783203,89.38999938964844,89.41999816894531,13705
2026-07-29 13:50:00-04:00,89.37000274658203,89.37000274658203,89.38999938964844,89.2699966430664,89.38500213623047,39372
2026-07-29 13:51:00-04:00,89.33999633789062,89.33999633789062,89.36000061035156,89.30999755859375,89.36000061035156,14741
2026-07-29 13:52:00-04:00,89.37000274658203,89.37000274658203,89.4000015258789,89.34500122070312,89.34500122070312,28130
2026-07-29 13:53:00-04:00,89.33999633789062,89.33999633789062,89.36000061035156,89.31199645996094,89.36000061035156,18520
2026-07-29 13:54:00-04:00,89.36000061035156,89.36000061035156,89.36499786376953,89.33000183105469,89.34500122070312,21783
2026-07-29 13:55:00-04:00,89.36000061035156,89.36000061035156,89.37000274658203,89.3499984741211,89.36000061035156,24825
2026-07-29 13:56:00-04:00,89.33999633789062,89.33999633789062,89.37000274658203,89.33000183105469,89.36000061035156,15140
2026-07-29 13:57:00-04:00,89.30500030517578,89.30500030517578,89.36000061035156,89.30000305175781,89.33999633789062,24867
2026-07-29 13:58:00-04:00,89.29000091552734,89.29000091552734,89.33000183105469,89.29000091552734,89.30999755859375,30166
2026-07-29 13:59:00-04:00,89.33999633789062,89.33999633789062,89.33999633789062,89.30000305175781,89.30000305175781,28287
2026-07-29 14:00:00-04:00,89.22250366210938,89.22250366210938,89.44999694824219,89.22000122070312,89.33999633789062,118798
2026-07-29 14:01:00-04:00,89.18499755859375,89.18499755859375,89.23500061035156,89.18000030517578,89.23500061035156,39153
2026-07-29 14:02:00-04:00,89.12999725341797,89.12999725341797,89.19000244140625,89.08000183105469,89.18000030517578,24196
2026-07-29 14:03:00-04:00,89.08999633789062,89.08999633789062,89.12999725341797,89.01499938964844,89.12000274658203,29639
2026-07-29 14:04:00-04:00,89.12000274658203,89.12000274658203,89.16000366210938,89.05999755859375,89.06999969482422,41063
2026-07-29 14:05:00-04:00,89.07499694824219,89.07499694824219,89.11000061035156,89.03500366210938,89.11000061035156,33616
2026-07-29 14:06:00-04:00,89.08100128173828,89.08100128173828,89.11000061035156,89.0,89.06500244140625,75323
2026-07-29 14:07:00-04:00,88.98100280761719,88.98100280761719,89.08499908447266,88.98100280761719,89.08499908447266,45612
2026-07-29 14:08:00-04:00,88.9800033569336,88.9800033569336,89.02999877929688,88.94000244140625,88.98999786376953,95560
2026-07-29 14:09:00-04:00,88.93000030517578,88.93000030517578,88.9800033569336,88.91999816894531,88.97000122070312,27256
2026-07-29 14:10:00-04:00,88.80000305175781,88.80000305175781,88.94999694824219,88.76499938964844,88.93000030517578,33217
2026-07-29 14:11:00-04:00,88.88500213623047,88.88500213623047,88.9000015258789,88.7938003540039,88.80000305175781,36078
2026-07-29 14:12:00-04:00,88.88500213623047,88.88500213623047,88.90750122070312,88.86000061035156,88.872802734375,24130
2026-07-29 14:13:00-04:00,88.95999908447266,88.95999908447266,88.97000122070312,88.88999938964844,88.8949966430664,24033
2026-07-29 14:14:00-04:00,88.9800033569336,88.9800033569336,88.99199676513672,88.91999816894531,88.95999908447266,24124
2026-07-29 14:15:00-04:00,89.04000091552734,89.04000091552734,89.04000091552734,88.93000030517578,88.9800033569336,45141
2026-07-29 14:16:00-04:00,88.91000366210938,88.91000366210938,89.04000091552734,88.91000366210938,89.04000091552734,30891
2026-07-29 14:17:00-04:00,88.88780212402344,88.88780212402344,88.9209976196289,88.86499786376953,88.91999816894531,40003
2026-07-29 14:18:00-04:00,88.88999938964844,88.88999938964844,88.91500091552734,88.87999725341797,88.88999938964844,42691
2026-07-29 14:19:00-04:00,88.91999816894531,88.91999816894531,88.91999816894531,88.877197265625,88.87999725341797,31485
2026-07-29 14:20:00-04:00,88.9800033569336,88.9800033569336,88.9800033569336,88.92500305175781,88.92500305175781,30229
2026-07-29 14:21:00-04:00,88.98999786376953,88.98999786376953,89.0199966430664,88.95999908447266,88.98999786376953,27185
2026-07-29 14:22:00-04:00,88.9800033569336,88.9800033569336,89.01499938964844,88.96009826660156,88.98999786376953,27752
2026-07-29 14:23:00-04:00,88.97689819335938,88.97689819335938,89.0,88.95999908447266,89.0,35193
2026-07-29 14:24:00-04:00,88.98999786376953,88.98999786376953,88.98999786376953,88.94499969482422,88.9749984741211,39241
2026-07-29 14:25:00-04:00,89.04000091552734,89.04000091552734,89.08999633789062,88.9800033569336,88.9800033569336,28939
2026-07-29 14:26:00-04:00,89.05500030517578,89.05500030517578,89.06999969482422,89.0199966430664,89.05000305175781,19005
2026-07-29 14:27:00-04:00,89.08000183105469,89.08000183105469,89.09500122070312,89.05000305175781,89.05999755859375,18596
2026-07-29 14:28:00-04:00,89.13999938964844,89.13999938964844,89.13999938964844,89.06999969482422,89.06999969482422,33831
2026-07-29 14:29:00-04:00,89.13999938964844,89.13999938964844,89.1500015258789,89.09500122070312,89.12999725341797,22670
2026-07-29 14:30:00-04:00,89.13999938964844,89.13999938964844,89.19000244140625,89.11000061035156,89.13999938964844,36630
2026-07-29 14:31:00-04:00,89.0999984741211,89.0999984741211,89.1500015258789,89.0999984741211,89.13999938964844,31604
2026-07-29 14:32:00-04:00,89.1050033569336,89.1050033569336,89.125,89.09500122070312,89.11499786376953,23616
2026-07-29 14:33:00-04:00,89.05000305175781,89.05000305175781,89.11000061035156,89.05000305175781,89.1050033569336,48604
2026-07-29 14:34:00-04:00,89.0999984741211,89.0999984741211,89.0999984741211,89.05000305175781,89.06500244140625,28652
2026-07-29 14:35:00-04:00,89.05000305175781,89.05000305175781,89.11000061035156,89.02999877929688,89.0999984741211,30269
2026-07-29 14:36:00-04:00,89.01499938964844,89.01499938964844,89.05999755859375,89.01499938964844,89.04000091552734,27644
2026-07-29 14:37:00-04:00,89.0,89.0,89.05999755859375,88.9800033569336,89.01499938964844,24038
2026-07-29 14:38:00-04:00,88.91999816894531,88.91999816894531,89.0250015258789,88.91999816894531,89.0,30676
2026-07-29 14:39:00-04:00,88.97000122070312,88.97000122070312,88.97000122070312,88.88999938964844,88.91999816894531,30114
2026-07-29 14:40:00-04:00,88.94999694824219,88.94999694824219,88.9800033569336,88.91000366210938,88.97000122070312,26950
2026-07-29 14:41:00-04:00,88.9800033569336,88.9800033569336,88.9800033569336,88.90499877929688,88.94999694824219,36425
2026-07-29 14:42:00-04:00,89.01000213623047,89.01000213623047,89.03510284423828,88.96499633789062,88.9800033569336,29458
2026-07-29 14:43:00-04:00,89.08999633789062,89.08999633789062,89.0999984741211,89.01499938964844,89.01499938964844,40120
2026-07-29 14:44:00-04:00,89.05999755859375,89.05999755859375,89.08000183105469,88.99500274658203,89.08000183105469,26583
2026-07-29 14:45:00-04:00,89.00499725341797,89.00499725341797,89.06500244140625,89.00499725341797,89.06500244140625,20392
2026-07-29 14:46:00-04:00,88.98999786376953,88.98999786376953,89.0,88.94999694824219,89.0,37445
2026-07-29 14:47:00-04:00,88.9800033569336,88.9800033569336,88.98999786376953,88.95999908447266,88.98999786376953,21898
2026-07-29 14:48:00-04:00,88.94499969482422,88.94499969482422,88.97000122070312,88.93499755859375,88.95999908447266,22622
2026-07-29 14:49:00-04:00,88.93000030517578,88.93000030517578,88.95999908447266,88.91000366210938,88.94999694824219,30885
2026-07-29 14:50:00-04:00,88.95999908447266,88.95999908447266,88.97000122070312,88.91500091552734,88.91999816894531,33644
2026-07-29 14:51:00-04:00,88.97000122070312,88.97000122070312,88.99500274658203,88.94999694824219,88.95999908447266,27735
2026-07-29 14:52:00-04:00,88.95999908447266,88.95999908447266,88.97000122070312,88.87000274658203,88.95999908447266,41004
2026-07-29 14:53:00-04:00,88.94000244140625,88.94000244140625,88.97000122070312,88.92500305175781,88.95999908447266,15959
2026-07-29 14:54:00-04:00,88.94499969482422,88.94499969482422,88.94999694824219,88.93000030517578,88.94499969482422,22355
2026-07-29 14:55:00-04:00,88.875,88.875,88.94499969482422,88.875,88.94499969482422,21573
2026-07-29 14:56:00-04:00,88.91000366210938,88.91000366210938,88.91000366210938,88.8499984741211,88.875,37956
2026-07-29 14:57:00-04:00,88.92510223388672,88.92510223388672,88.94999694824219,88.91000366210938,88.91000366210938,33102
2026-07-29 14:58:00-04:00,88.8499984741211,88.8499984741211,88.92500305175781,88.84500122070312,88.92500305175781,19680
2026-07-29 14:59:00-04:00,88.86000061035156,88.86000061035156,88.87409973144531,88.83499908447266,88.83999633789062,21668
2026-07-29 15:00:00-04:00,88.80000305175781,88.80000305175781,88.86000061035156,88.79000091552734,88.86000061035156,90192
2026-07-29 15:01:00-04:00,88.7699966430664,88.7699966430664,88.77999877929688,88.73999786376953,88.77999877929688,30210
2026-07-29 15:02:00-04:00,88.80999755859375,88.80999755859375,88.81999969482422,88.76499938964844,88.76499938964844,27010
2026-07-29 15:03:00-04:00,88.81500244140625,88.81500244140625,88.8499984741211,88.80999755859375,88.80999755859375,25896
2026-07-29 15:04:00-04:00,88.8499984741211,88.8499984741211,88.88999938964844,88.81500244140625,88.81500244140625,52897
2026-07-29 15:05:00-04:00,88.81999969482422,88.81999969482422,88.8550033569336,88.78500366210938,88.84500122070312,36423
2026-07-29 15:06:00-04:00,88.81999969482422,88.81999969482422,88.84500122070312,88.79499816894531,88.81999969482422,25647
2026-07-29 15:07:00-04:00,88.83000183105469,88.83000183105469,88.83000183105469,88.7750015258789,88.81990051269531,28575
2026-07-29 15:08:00-04:00,88.77999877929688,88.77999877929688,88.88999938964844,88.76499938964844,88.8499984741211,22760
2026-07-29 15:09:00-04:00,88.88999938964844,88.88999938964844,88.88999938964844,88.77999877929688,88.77999877929688,24326
2026-07-29 15:10:00-04:00,88.97000122070312,88.97000122070312,89.0,88.8949966430664,88.8949966430664,32929
2026-07-29 15:11:00-04:00,88.83000183105469,88.83000183105469,88.95999908447266,88.83000183105469,88.95999908447266,34793
2026-07-29 15:12:00-04:00,88.8499984741211,88.8499984741211,88.87920379638672,88.80110168457031,88.83000183105469,30604
2026-07-29 15:13:00-04:00,88.8550033569336,88.8550033569336,88.86620330810547,88.81500244140625,88.83999633789062,28141
2026-07-29 15:14:00-04:00,88.8499984741211,88.8499984741211,88.87000274658203,88.8301010131836,88.87000274658203,25100
2026-07-29 15:15:00-04:00,88.91000366210938,88.91000366210938,88.91999816894531,88.83999633789062,88.83999633789062,42494
2026-07-29 15:16:00-04:00,88.92500305175781,88.92500305175781,88.95999908447266,88.87999725341797,88.9000015258789,54241
2026-07-29 15:17:00-04:00,88.99500274658203,88.99500274658203,88.99500274658203,88.91500091552734,88.91999816894531,30810
2026-07-29 15:18:00-04:00,89.00499725341797,89.00499725341797,89.0199966430664,88.98999786376953,88.99500274658203,25270
2026-07-29 15:19:00-04:00,88.97000122070312,88.97000122070312,89.03500366210938,88.96499633789062,89.00499725341797,31282
2026-07-29 15:20:00-04:00,89.01000213623047,89.01000213623047,89.06999969482422,88.9800033569336,88.9800033569336,55589
2026-07-29 15:21:00-04:00,89.02999877929688,89.02999877929688,89.05000305175781,89.0,89.01000213623047,32097
2026-07-29 15:22:00-04:00,89.05500030517578,89.05500030517578,89.1050033569336,89.02999877929688,89.02999877929688,36991
2026-07-29 15:23:00-04:00,89.01499938964844,89.01499938964844,89.06999969482422,89.01000213623047,89.05999755859375,53082
2026-07-29 15:24:00-04:00,88.98500061035156,88.98500061035156,89.05000305175781,88.98500061035156,89.0199966430664,37380
2026-07-29 15:25:00-04:00,89.06999969482422,89.06999969482422,89.06999969482422,88.9800033569336,88.9800033569336,39118
2026-07-29 15:26:00-04:00,89.04000091552734,89.04000091552734,89.11409759521484,89.0199966430664,89.06999969482422,37682
2026-07-29 15:27:00-04:00,89.00499725341797,89.00499725341797,89.05999755859375,89.00499725341797,89.05000305175781,28936
2026-07-29 15:28:00-04:00,88.9480972290039,88.9480972290039,89.01499938964844,88.94499969482422,89.01000213623047,22018
2026-07-29 15:29:00-04:00,88.90499877929688,88.90499877929688,88.96099853515625,88.90499877929688,88.94999694824219,48477
2026-07-29 15:30:00-04:00,88.88500213623047,88.88500213623047,88.9000015258789,88.81500244140625,88.9000015258789,37764
2026-07-29 15:31:00-04:00,88.94000244140625,88.94000244140625,88.96499633789062,88.87999725341797,88.9000015258789,46386
2026-07-29 15:32:00-04:00,88.91000366210938,88.91000366210938,88.97000122070312,88.9000015258789,88.94000244140625,39915
2026-07-29 15:33:00-04:00,88.88999938964844,88.88999938964844,88.91999816894531,88.87000274658203,88.91000366210938,42514
2026-07-29 15:34:00-04:00,88.97000122070312,88.97000122070312,88.97000122070312,88.87000274658203,88.87999725341797,40321
2026-07-29 15:35:00-04:00,88.91999816894531,88.91999816894531,88.9800033569336,88.91000366210938,88.95999908447266,32581
2026-07-29 15:36:00-04:00,88.94999694824219,88.94999694824219,88.94999694824219,88.875,88.91510009765625,92568
2026-07-29 15:37:00-04:00,88.9749984741211,88.9749984741211,89.0,88.94999694824219,88.94999694824219,50170
2026-07-29 15:38:00-04:00,88.95500183105469,88.95500183105469,88.9749984741211,88.92500305175781,88.9749984741211,26691
2026-07-29 15:39:00-04:00,88.98999786376953,88.98999786376953,89.0,88.94999694824219,88.94999694824219,33910
2026-07-29 15:40:00-04:00,88.94000244140625,88.94000244140625,89.05000305175781,88.93000030517578,88.98999786376953,79050
2026-07-29 15:41:00-04:00,88.94999694824219,88.94999694824219,89.01499938964844,88.93499755859375,88.94999694824219,37385
2026-07-29 15:42:00-04:00,88.875,88.875,88.94999694824219,88.875,88.94999694824219,38848
2026-07-29 15:43:00-04:00,88.88999938964844,88.88999938964844,88.88999938964844,88.77999877929688,88.87000274658203,72349
2026-07-29 15:44:00-04:00,88.94999694824219,88.94999694824219,88.9749984741211,88.88999938964844,88.88999938964844,68995
2026-07-29 15:45:00-04:00,88.92500305175781,88.92500305175781,88.95500183105469,88.8550033569336,88.94000244140625,60039
2026-07-29 15:46:00-04:00,89.0199966430664,89.0199966430664,89.04000091552734,88.91000366210938,88.91999816894531,37736
2026-07-29 15:47:00-04:00,89.08000183105469,89.08000183105469,89.08999633789062,89.01000213623047,89.01000213623047,57806
2026-07-29 15:48:00-04:00,89.16999816894531,89.16999816894531,89.19499969482422,89.07499694824219,89.08000183105469,72552
2026-07-29 15:49:00-04:00,89.17500305175781,89.17500305175781,89.25499725341797,89.16000366210938,89.18000030517578,69635
2026-07-29 15:50:00-04:00,89.125,89.125,89.22000122070312,89.08999633789062,89.16999816894531,89471
2026-07-29 15:51:00-04:00,89.23500061035156,89.23500061035156,89.30000305175781,89.125,89.125,162180
2026-07-29 15:52:00-04:00,89.26499938964844,89.26499938964844,89.27999877929688,89.19000244140625,89.2300033569336,73407
2026-07-29 15:53:00-04:00,89.19999694824219,89.19999694824219,89.26499938964844,89.19000244140625,89.26499938964844,74700
2026-07-29 15:54:00-04:00,89.24500274658203,89.24500274658203,89.2699966430664,89.18000030517578,89.19499969482422,91900
2026-07-29 15:55:00-04:00,89.2300033569336,89.2300033569336,89.2699966430664,89.18000030517578,89.23999786376953,215499
2026-07-29 15:56:00-04:00,89.2249984741211,89.2249984741211,89.2593002319336,89.16000366210938,89.2249984741211,170987
2026-07-29 15:57:00-04:00,89.375,89.375,89.38990020751953,89.20999908447266,89.2300033569336,184094
2026-07-29 15:58:00-04:00,89.30999755859375,89.30999755859375,89.38500213623047,89.30000305175781,89.37000274658203,264568
2026-07-29 15:59:00-04:00,89.12000274658203,89.12000274658203,89.30999755859375,89.11000061035156,89.30000305175781,655388
2026-07-30 09:30:00-04:00,87.7300033569336,87.7300033569336,87.8499984741211,87.38999938964844,87.62999725341797,642196
2026-07-30 09:31:00-04:00,87.94000244140625,87.94000244140625,87.98999786376953,87.5199966430664,87.76000213623047,86141
2026-07-30 09:32:00-04:00,87.91000366210938,87.91000366210938,88.05500030517578,87.8499984741211,87.93000030517578,118033
2026-07-30 09:33:00-04:00,87.94499969482422,87.94499969482422,87.95999908447266,87.8499984741211,87.8499984741211,33202
2026-07-30 09:34:00-04:00,87.7300033569336,87.7300033569336,88.01000213623047,87.7300033569336,87.91999816894531,72275
2026-07-30 09:35:00-04:00,87.79499816894531,87.79499816894531,87.8499984741211,87.56999969482422,87.73999786376953,87961
2026-07-30 09:36:00-04:00,88.1332015991211,88.1332015991211,88.16000366210938,87.77999877929688,87.77999877929688,75390
2026-07-30 09:37:00-04:00,88.31999969482422,88.31999969482422,88.37000274658203,88.08999633789062,88.13999938964844,111246
2026-07-30 09:38:00-04:00,88.06999969482422,88.06999969482422,88.41000366210938,88.04000091552734,88.33989715576172,71476
2026-07-30 09:39:00-04:00,87.96540069580078,87.96540069580078,88.12000274658203,87.95999908447266,88.08999633789062,51452
2026-07-30 09:40:00-04:00,87.91000366210938,87.91000366210938,88.08000183105469,87.87999725341797,88.0,31258
2026-07-30 09:41:00-04:00,87.91999816894531,87.91999816894531,87.9749984741211,87.80500030517578,87.9000015258789,34282
2026-07-30 09:42:00-04:00,88.0,88.0,88.05000305175781,87.84558868408203,87.91999816894531,45004
2026-07-30 09:43:00-04:00,87.77999877929688,87.77999877929688,88.04000091552734,87.77999877929688,87.98500061035156,152934
2026-07-30 09:44:00-04:00,87.77999877929688,87.77999877929688,87.80000305175781,87.7300033569336,87.7699966430664,45937
2026-07-30 09:45:00-04:00,87.73999786376953,87.73999786376953,87.83999633789062,87.70999908447266,87.79000091552734,74286
2026-07-30 09:46:00-04:00,87.6449966430664,87.6449966430664,87.75,87.63999938964844,87.73999786376953,45893
2026-07-30 09:47:00-04:00,87.5999984741211,87.5999984741211,87.68000030517578,87.55000305175781,87.6500015258789,47609
2026-07-30 09:48:00-04:00,87.6050033569336,87.6050033569336,87.69000244140625,87.55000305175781,87.58999633789062,43873
2026-07-30 09:49:00-04:00,87.76000213623047,87.76000213623047,87.77999877929688,87.6050033569336,87.61000061035156,53241
2026-07-30 09:50:00-04:00,87.61000061035156,87.61000061035156,87.77999877929688,87.5999984741211,87.76000213623047,80750
2026-07-30 09:51:00-04:00,87.62999725341797,87.62999725341797,87.7300033569336,87.61299896240234,87.62999725341797,33020
2026-07-30 09:52:00-04:00,87.77999877929688,87.77999877929688,87.86000061035156,87.62999725341797,87.62999725341797,38040
2026-07-30 09:53:00-04:00,87.63619995117188,87.63619995117188,87.83000183105469,87.62999725341797,87.80999755859375,27969
2026-07-30 09:54:00-04:00,87.51499938964844,87.51499938964844,87.66999816894531,87.44000244140625,87.66999816894531,60032
2026-07-30 09:55:00-04:00,87.52999877929688,87.52999877929688,87.58000183105469,87.45999908447266,87.5,61961
2026-07-30 09:56:00-04:00,87.5,87.5,87.56999969482422,87.44999694824219,87.55000305175781,51101
2026-07-30 09:57:00-04:00,87.52999877929688,87.52999877929688,87.54000091552734,87.44999694824219,87.4800033569336,29225
2026-07-30 09:58:00-04:00,87.49839782714844,87.49839782714844,87.58000183105469,87.48999786376953,87.55000305175781,36083
2026-07-30 09:59:00-04:00,87.47000122070312,87.47000122070312,87.55000305175781,87.41999816894531,87.5199966430664,86482
2026-07-30 10:00:00-04:00,87.4800033569336,87.4800033569336,87.58000183105469,87.45500183105469,87.47000122070312,105072
2026-07-30 10:01:00-04:00,87.5250015258789,87.5250015258789,87.55000305175781,87.45999908447266,87.4800033569336,59693
2026-07-30 10:02:00-04:00,87.58999633789062,87.58999633789062,87.5999984741211,87.4800033569336,87.5199966430664,37733
2026-07-30 10:03:00-04:00,87.5199966430664,87.5199966430664,87.69999694824219,87.50499725341797,87.59500122070312,45816
2026-07-30 10:04:00-04:00,87.62999725341797,87.62999725341797,87.66999816894531,87.51000213623047,87.52999877929688,45028
2026-07-30 10:05:00-04:00,87.72000122070312,87.72000122070312,87.72000122070312,87.55999755859375,87.63999938964844,44775
2026-07-30 10:06:00-04:00,87.73500061035156,87.73500061035156,87.7750015258789,87.66000366210938,87.7300033569336,118354
2026-07-30 10:07:00-04:00,87.56500244140625,87.56500244140625,87.75,87.5199966430664,87.73500061035156,65097
2026-07-30 10:08:00-04:00,87.66000366210938,87.66000366210938,87.66999816894531,87.54000091552734,87.56999969482422,28378
2026-07-30 10:09:00-04:00,87.55999755859375,87.55999755859375,87.73999786376953,87.54000091552734,87.6500015258789,40736
2026-07-30 10:10:00-04:00,87.54000091552734,87.54000091552734,87.61000061035156,87.48999786376953,87.54000091552734,55303
2026-07-30 10:11:00-04:00,87.5199966430664,87.5199966430664,87.55799865722656,87.48500061035156,87.54000091552734,51634
2026-07-30 10:12:00-04:00,87.45500183105469,87.45500183105469,87.55500030517578,87.41999816894531,87.5,71191
2026-07-30 10:13:00-04:00,87.37999725341797,87.37999725341797,87.48999786376953,87.33380126953125,87.44999694824219,69243
2026-07-30 10:14:00-04:00,87.5,87.5,87.54000091552734,87.31999969482422,87.37000274658203,56446
2026-07-30 10:15:00-04:00,87.69000244140625,87.69000244140625,87.69000244140625,87.44999694824219,87.49500274658203,44327
2026-07-30 10:16:00-04:00,87.87000274658203,87.87000274658203,87.91000366210938,87.70500183105469,87.70500183105469,48708
2026-07-30 10:17:00-04:00,87.81999969482422,87.81999969482422,87.91000366210938,87.7750015258789,87.87000274658203,47367
2026-07-30 10:18:00-04:00,87.80500030517578,87.80500030517578,87.83000183105469,87.7699966430664,87.80000305175781,32999
2026-07-30 10:19:00-04:00,87.83000183105469,87.83000183105469,87.8499984741211,87.7300033569336,87.80000305175781,31296
2026-07-30 10:20:00-04:00,87.80000305175781,87.80000305175781,87.93000030517578,87.80000305175781,87.83999633789062,36225
2026-07-30 10:21:00-04:00,87.66000366210938,87.66000366210938,87.80000305175781,87.62000274658203,87.80000305175781,30935
2026-07-30 10:22:00-04:00,87.79000091552734,87.79000091552734,87.83000183105469,87.62999725341797,87.6500015258789,36347
2026-07-30 10:23:00-04:00,87.62000274658203,87.62000274658203,87.77999877929688,87.62000274658203,87.77999877929688,51999
2026-07-30 10:24:00-04:00,87.56999969482422,87.56999969482422,87.61000061035156,87.51499938964844,87.61000061035156,30742
2026-07-30 10:25:00-04:00,87.45999908447266,87.45999908447266,87.58000183105469,87.42500305175781,87.58000183105469,38791
2026-07-30 10:26:00-04:00,87.45999908447266,87.45999908447266,87.4749984741211,87.37999725341797,87.44999694824219,31555
2026-07-30 10:27:00-04:00,87.37000274658203,87.37000274658203,87.44999694824219,87.36000061035156,87.44499969482422,41385
2026-07-30 10:28:00-04:00,87.52999877929688,87.52999877929688,87.52999877929688,87.33000183105469,87.36000061035156,63267
2026-07-30 10:29:00-04:00,87.45999908447266,87.45999908447266,87.58999633789062,87.45999908447266,87.52999877929688,55784
2026-07-30 10:30:00-04:00,87.51000213623047,87.51000213623047,87.66999816894531,87.47000122070312,87.47000122070312,62936
2026-07-30 10:31:00-04:00,87.55999755859375,87.55999755859375,87.56999969482422,87.5,87.5199966430664,23684
2026-07-30 10:32:00-04:00,87.5,87.5,87.58000183105469,87.5,87.56999969482422,26418
2026-07-30 10:33:00-04:00,87.37000274658203,87.37000274658203,87.5199966430664,87.36000061035156,87.51000213623047,44429
2026-07-30 10:34:00-04:00,87.2300033569336,87.2300033569336,87.41000366210938,87.22000122070312,87.375,58779
2026-07-30 10:35:00-04:00,87.38999938964844,87.38999938964844,87.41000366210938,87.20999908447266,87.2300033569336,68275
2026-07-30 10:36:00-04:00,87.29499816894531,87.29499816894531,87.40499877929688,87.2300033569336,87.38999938964844,40745
2026-07-30 10:37:00-04:00,87.33000183105469,87.33000183105469,87.36000061035156,87.26499938964844,87.29000091552734,35599
2026-07-30 10:38:00-04:00,87.43499755859375,87.43499755859375,87.43499755859375,87.30999755859375,87.33000183105469,23580
2026-07-30 10:39:00-04:00,87.375,87.375,87.44999694824219,87.33999633789062,87.44000244140625,216779
2026-07-30 10:40:00-04:00,87.41000366210938,87.41000366210938,87.44999694824219,87.33999633789062,87.38999938964844,69524
2026-07-30 10:41:00-04:00,87.37000274658203,87.37000274658203,87.41999816894531,87.33999633789062,87.3949966430664,69331
2026-07-30 10:42:00-04:00,87.43499755859375,87.43499755859375,87.43800354003906,87.33000183105469,87.37000274658203,43359
2026-07-30 10:43:00-04:00,87.45500183105469,87.45500183105469,87.51000213623047,87.43000030517578,87.43499755859375,36872
2026-07-30 10:44:00-04:00,87.45999908447266,87.45999908447266,87.51000213623047,87.41999816894531,87.44999694824219,82060
2026-07-30 10:45:00-04:00,87.4800033569336,87.4800033569336,87.51000213623047,87.44000244140625,87.45999908447266,79357
2026-07-30 10:46:00-04:00,87.62999725341797,87.62999725341797,87.63800048828125,87.47000122070312,87.48999786376953,22033
2026-07-30 10:47:00-04:00,87.58000183105469,87.58000183105469,87.63999938964844,87.58000183105469,87.62000274658203,27600
2026-07-30 10:48:00-04:00,87.54000091552734,87.54000091552734,87.63999938964844,87.54000091552734,87.58000183105469,25508
2026-07-30 10:49:00-04:00,87.38999938964844,87.38999938964844,87.55000305175781,87.38999938964844,87.54000091552734,37888
2026-07-30 10:50:00-04:00,87.49500274658203,87.49500274658203,87.49500274658203,87.37000274658203,87.38999938964844,34872
2026-07-30 10:51:00-04:00,87.68000030517578,87.68000030517578,87.68000030517578,87.43000030517578,87.49500274658203,37343
2026-07-30 10:52:00-04:00,87.7699966430664,87.7699966430664,87.7699966430664,87.61000061035156,87.65499877929688,24145
2026-07-30 10:53:00-04:00,87.8499984741211,87.8499984741211,87.8499984741211,87.70999908447266,87.73999786376953,37977
2026-07-30 10:54:00-04:00,87.8499984741211,87.8499984741211,87.91000366210938,87.83000183105469,87.84500122070312,104387
2026-07-30 10:55:00-04:00,87.94000244140625,87.94000244140625,87.94499969482422,87.84200286865234,87.8499984741211,52123
2026-07-30 10:56:00-04:00,87.98999786376953,87.98999786376953,88.03500366210938,87.9000015258789,87.94999694824219,96142
2026-07-30 10:57:00-04:00,87.87999725341797,87.87999725341797,87.9999008178711,87.8550033569336,87.9800033569336,25085
2026-07-30 10:58:00-04:00,87.80999755859375,87.80999755859375,87.87000274658203,87.77999877929688,87.86000061035156,61740
2026-07-30 10:59:00-04:00,87.81999969482422,87.81999969482422,87.87999725341797,87.75499725341797,87.79060363769531,32092
2026-07-30 11:00:00-04:00,87.80500030517578,87.80500030517578,87.81999969482422,87.72000122070312,87.80999755859375,57744
2026-07-30 11:01:00-04:00,87.80500030517578,87.80500030517578,87.9000015258789,87.79000091552734,87.80999755859375,23815
2026-07-30 11:02:00-04:00,87.73999786376953,87.73999786376953,87.83999633789062,87.73999786376953,87.80999755859375,28605
2026-07-30 11:03:00-04:00,87.73999786376953,87.73999786376953,87.75990295410156,87.6500015258789,87.7300033569336,29296
2026-07-30 11:04:00-04:00,87.79000091552734,87.79000091552734,87.80000305175781,87.72000122070312,87.7300033569336,31052
2026-07-30 11:05:00-04:00,87.7300033569336,87.7300033569336,87.82969665527344,87.72000122070312,87.77999877929688,41419
2026-07-30 11:06:00-04:00,87.83000183105469,87.83000183105469,87.83999633789062,87.70999908447266,87.7300033569336,80848
2026-07-30 11:07:00-04:00,87.86000061035156,87.86000061035156,87.88999938964844,87.81500244140625,87.81999969482422,21961
2026-07-30 11:08:00-04:00,87.7750015258789,87.7750015258789,87.87000274658203,87.7750015258789,87.87000274658203,31808
2026-07-30 11:09:00-04:00,87.87000274658203,87.87000274658203,87.87999725341797,87.75,87.7699966430664,29432
2026-07-30 11:10:00-04:00,87.98999786376953,87.98999786376953,87.98999786376953,87.86499786376953,87.86499786376953,28200
2026-07-30 11:11:00-04:00,88.08999633789062,88.08999633789062,88.09500122070312,87.97000122070312,87.97000122070312,29863
2026-07-30 11:12:00-04:00,88.0199966430664,88.0199966430664,88.125,88.0199966430664,88.0999984741211,23222
2026-07-30 11:13:00-04:00,88.02999877929688,88.02999877929688,88.08999633789062,88.0,88.01499938964844,40318
2026-07-30 11:14:00-04:00,87.99019622802734,87.99019622802734,88.05999755859375,87.97000122070312,88.02999877929688,25459
2026-07-30 11:15:00-04:00,87.91999816894531,87.91999816894531,88.01000213623047,87.9000015258789,88.0,37828
2026-07-30 11:16:00-04:00,87.91000366210938,87.91000366210938,87.91999816894531,87.83999633789062,87.91000366210938,46759
2026-07-30 11:17:00-04:00,87.91999816894531,87.91999816894531,87.94000244140625,87.86000061035156,87.91000366210938,40413
2026-07-30 11:18:00-04:00,87.80000305175781,87.80000305175781,87.94000244140625,87.80000305175781,87.91999816894531,28455
2026-07-30 11:19:00-04:00,87.87999725341797,87.87999725341797,87.88500213623047,87.7300033569336,87.80000305175781,58853
2026-07-30 11:20:00-04:00,87.8550033569336,87.8550033569336,87.9000015258789,87.83999633789062,87.87999725341797,18555
2026-07-30 11:21:00-04:00,87.83999633789062,87.83999633789062,87.87999725341797,87.83000183105469,87.83999633789062,19146
2026-07-30 11:22:00-04:00,87.87000274658203,87.87000274658203,87.87999725341797,87.83000183105469,87.83999633789062,42334
2026-07-30 11:23:00-04:00,87.88999938964844,87.88999938964844,87.88999938964844,87.83999633789062,87.8499984741211,13372
2026-07-30 11:24:00-04:00,87.87000274658203,87.87000274658203,87.91999816894531,87.83999633789062,87.88500213623047,29130
2026-07-30 11:25:00-04:00,87.83000183105469,87.83000183105469,87.88999938964844,87.80000305175781,87.87999725341797,26892
2026-07-30 11:26:00-04:00,87.87999725341797,87.87999725341797,87.95999908447266,87.83000183105469,87.83000183105469,23393
2026-07-30 11:27:00-04:00,87.91999816894531,87.91999816894531,87.91999816894531,87.86000061035156,87.87999725341797,17673
2026-07-30 11:28:00-04:00,87.9000015258789,87.9000015258789,87.95999908447266,87.8949966430664,87.91999816894531,21536
2026-07-30 11:29:00-04:00,87.83999633789062,87.83999633789062,87.9000015258789,87.80999755859375,87.8949966430664,26988
2026-07-30 11:30:00-04:00,87.95999908447266,87.95999908447266,87.95999908447266,87.81999969482422,87.83000183105469,16922
2026-07-30 11:31:00-04:00,87.91999816894531,87.91999816894531,87.96499633789062,87.91000366210938,87.96089172363281,20132
2026-07-30 11:32:00-04:00,87.93930053710938,87.93930053710938,87.94999694824219,87.875,87.91000366210938,17167
2026-07-30 11:33:00-04:00,87.9000015258789,87.9000015258789,87.93000030517578,87.87000274658203,87.93000030517578,17067
2026-07-30 11:34:00-04:00,88.04000091552734,88.04000091552734,88.05000305175781,87.875,87.88999938964844,27313
2026-07-30 11:35:00-04:00,88.0,88.0,88.04000091552734,87.9800033569336,88.04000091552734,19768
2026-07-30 11:36:00-04:00,88.00499725341797,88.00499725341797,88.01000213623047,87.9749984741211,87.98999786376953,15973
2026-07-30 11:37:00-04:00,87.95999908447266,87.95999908447266,88.02999877929688,87.94999694824219,88.00499725341797,21268
2026-07-30 11:38:00-04:00,87.94000244140625,87.94000244140625,88.01000213623047,87.93000030517578,87.9749984741211,19137
2026-07-30 11:39:00-04:00,87.95999908447266,87.95999908447266,87.9800033569336,87.93000030517578,87.93000030517578,11267
2026-07-30 11:40:00-04:00,88.01499938964844,88.01499938964844,88.01499938964844,87.96009826660156,87.96929931640625,8296
2026-07-30 11:41:00-04:00,88.0250015258789,88.0250015258789,88.05999755859375,88.01000213623047,88.01499938964844,31673
2026-07-30 11:42:00-04:00,88.03500366210938,88.03500366210938,88.05000305175781,88.0,88.0208969116211,16208
2026-07-30 11:43:00-04:00,88.01499938964844,88.01499938964844,88.08000183105469,88.01499938964844,88.04000091552734,24780
2026-07-30 11:44:00-04:00,88.0199966430664,88.0199966430664,88.0199966430664,87.9749984741211,88.01000213623047,20126
2026-07-30 11:45:00-04:00,88.05280303955078,88.05280303955078,88.05999755859375,88.00499725341797,88.02999877929688,16778
2026-07-30 11:46:00-04:00,88.06999969482422,88.06999969482422,88.07009887695312,88.04000091552734,88.05500030517578,14600
2026-07-30 11:47:00-04:00,88.11499786376953,88.11499786376953,88.11499786376953,88.02999877929688,88.05999755859375,14368
2026-07-30 11:48:00-04:00,88.16999816894531,88.16999816894531,88.19999694824219,88.11499786376953,88.11499786376953,18096
2026-07-30 11:49:00-04:00,88.15010070800781,88.15010070800781,88.19999694824219,88.12999725341797,88.16999816894531,19132
2026-07-30 11:50:00-04:00,88.22000122070312,88.22000122070312,88.2300033569336,88.16000366210938,88.16000366210938,17100
2026-07-30 11:51:00-04:00,88.2300033569336,88.2300033569336,88.2699966430664,88.22000122070312,88.22000122070312,22859
2026-07-30 11:52:00-04:00,88.2979965209961,88.2979965209961,88.30999755859375,88.23200225830078,88.23500061035156,31387
2026-07-30 11:53:00-04:00,88.30000305175781,88.30000305175781,88.30999755859375,88.27999877929688,88.29000091552734,14543
2026-07-30 11:54:00-04:00,88.25,88.25,88.30999755859375,88.25,88.30999755859375,15308
2026-07-30 11:55:00-04:00,88.25499725341797,88.25499725341797,88.25499725341797,88.21900177001953,88.25,12223
2026-07-30 11:56:00-04:00,88.26499938964844,88.26499938964844,88.27940368652344,88.25499725341797,88.25499725341797,13272
2026-07-30 11:57:00-04:00,88.30999755859375,88.30999755859375,88.30999755859375,88.23500061035156,88.26499938964844,23415
2026-07-30 11:58:00-04:00,88.31999969482422,88.31999969482422,88.37999725341797,88.30500030517578,88.33000183105469,28189
2026-07-30 11:59:00-04:00,88.23999786376953,88.23999786376953,88.3499984741211,88.23999786376953,88.32499694824219,14847
2026-07-30 12:00:00-04:00,88.22000122070312,88.22000122070312,88.25,88.19000244140625,88.23999786376953,17331
2026-07-30 12:01:00-04:00,88.19719696044922,88.19719696044922,88.24500274658203,88.18000030517578,88.21209716796875,16264
2026-07-30 12:02:00-04:00,88.12000274658203,88.12000274658203,88.19999694824219,88.12000274658203,88.18000030517578,15101
2026-07-30 12:03:00-04:00,88.1001968383789,88.1001968383789,88.1500015258789,88.08999633789062,88.125,38939
2026-07-30 12:04:00-04:00,88.16000366210938,88.16000366210938,88.16999816894531,88.05999755859375,88.0999984741211,20305
2026-07-30 12:05:00-04:00,88.0999984741211,88.0999984741211,88.16000366210938,88.06999969482422,88.16000366210938,21011
2026-07-30 12:06:00-04:00,88.05000305175781,88.05000305175781,88.11000061035156,88.02999877929688,88.08999633789062,15790
2026-07-30 12:07:00-04:00,88.06999969482422,88.06999969482422,88.08499908447266,88.04000091552734,88.04499816894531,18859
2026-07-30 12:08:00-04:00,88.04000091552734,88.04000091552734,88.06999969482422,88.04000091552734,88.0602035522461,10710
2026-07-30 12:09:00-04:00,88.05000305175781,88.05000305175781,88.06500244140625,88.0199966430664,88.04000091552734,14279
2026-07-30 12:10:00-04:00,88.0199966430664,88.0199966430664,88.05999755859375,87.99500274658203,88.05000305175781,25323
2026-07-30 12:11:00-04:00,88.0250015258789,88.0250015258789,88.05000305175781,88.01499938964844,88.02999877929688,12864
2026-07-30 12:12:00-04:00,87.99030303955078,87.99030303955078,88.02999877929688,87.98500061035156,88.0199966430664,14858
2026-07-30 12:13:00-04:00,87.96019744873047,87.96019744873047,87.99500274658203,87.92500305175781,87.98999786376953,30731
2026-07-30 12:14:00-04:00,87.98999786376953,87.98999786376953,88.01000213623047,87.95999908447266,87.95999908447266,13797
2026-07-30 12:15:00-04:00,88.0199966430664,88.0199966430664,88.02999877929688,87.98999786376953,87.98999786376953,14563
2026-07-30 12:16:00-04:00,88.00830078125,88.00830078125,88.03500366210938,88.0,88.0199966430664,15429
2026-07-30 12:17:00-04:00,88.02999877929688,88.02999877929688,88.04000091552734,87.98999786376953,88.0,16570
2026-07-30 12:18:00-04:00,88.0,88.0,88.03500366210938,88.0,88.02069854736328,9914
2026-07-30 12:19:00-04:00,88.13999938964844,88.13999938964844,88.13999938964844,88.00509643554688,88.00509643554688,22338
2026-07-30 12:20:00-04:00,88.05999755859375,88.05999755859375,88.13500213623047,88.02999877929688,88.13500213623047,35298
2026-07-30 12:21:00-04:00,87.98999786376953,87.98999786376953,88.05999755859375,87.9800033569336,88.05999755859375,11137
2026-07-30 12:22:00-04:00,87.9800033569336,87.9800033569336,87.99500274658203,87.95500183105469,87.98500061035156,10833
2026-07-30 12:23:00-04:00,87.97000122070312,87.97000122070312,88.00499725341797,87.94999694824219,87.97000122070312,14635
2026-07-30 12:24:00-04:00,87.95999908447266,87.95999908447266,87.97000122070312,87.94000244140625,87.95999908447266,13802
2026-07-30 12:25:00-04:00,87.91999816894531,87.91999816894531,87.9551010131836,87.91000366210938,87.9551010131836,14949
2026-07-30 12:26:00-04:00,87.95999908447266,87.95999908447266,87.96499633789062,87.91500091552734,87.91500091552734,10805
2026-07-30 12:27:00-04:00,87.93000030517578,87.93000030517578,87.97000122070312,87.93000030517578,87.95999908447266,6520
2026-07-30 12:28:00-04:00,87.92500305175781,87.92500305175781,87.94000244140625,87.91000366210938,87.93000030517578,6887
2026-07-30 12:29:00-04:00,87.87999725341797,87.87999725341797,87.94999694824219,87.875,87.91999816894531,14447
2026-07-30 12:30:00-04:00,87.95999908447266,87.95999908447266,87.95999908447266,87.87999725341797,87.87999725341797,12014
2026-07-30 12:31:00-04:00,88.02999877929688,88.02999877929688,88.02999877929688,87.95999908447266,87.95999908447266,24141
2026-07-30 12:32:00-04:00,88.0199966430664,88.0199966430664,88.06500244140625,88.01000213623047,88.0250015258789,12016
2026-07-30 12:33:00-04:00,88.02999877929688,88.02999877929688,88.04000091552734,88.0199966430664,88.0199966430664,34398
2026-07-30 12:34:00-04:00,88.07879638671875,88.07879638671875,88.11000061035156,88.02999877929688,88.02999877929688,27536
2026-07-30 12:35:00-04:00,88.12000274658203,88.12000274658203,88.12999725341797,88.05999755859375,88.06009674072266,8154
2026-07-30 12:36:00-04:00,88.0250015258789,88.0250015258789,88.12000274658203,88.0250015258789,88.11000061035156,16433
2026-07-30 12:37:00-04:00,88.01000213623047,88.01000213623047,88.05000305175781,88.01000213623047,88.02999877929688,10296
2026-07-30 12:38:00-04:00,88.01000213623047,88.01000213623047,88.0199966430664,87.98999786376953,88.01000213623047,9095
2026-07-30 12:39:00-04:00,88.01000213623047,88.01000213623047,88.02760314941406,88.0,88.01000213623047,9759
2026-07-30 12:40:00-04:00,88.02510070800781,88.02510070800781,88.04000091552734,88.0199966430664,88.0199966430664,10616
2026-07-30 12:41:00-04:00,88.0199966430664,88.0199966430664,88.05000305175781,88.0199966430664,88.02999877929688,6877
2026-07-30 12:42:00-04:00,88.02999877929688,88.02999877929688,88.05000305175781,88.0,88.0199966430664,15940
2026-07-30 12:43:00-04:00,88.08000183105469,88.08000183105469,88.08000183105469,88.04000091552734,88.04000091552734,10214
2026-07-30 12:44:00-04:00,88.12000274658203,88.12000274658203,88.12000274658203,88.06999969482422,88.07499694824219,14782
2026-07-30 12:45:00-04:00,88.03500366210938,88.03500366210938,88.13500213623047,88.03500366210938,88.125,19433
2026-07-30 12:46:00-04:00,88.06999969482422,88.06999969482422,88.0999984741211,88.03500366210938,88.03500366210938,11223
2026-07-30 12:47:00-04:00,88.08499908447266,88.08499908447266,88.0927734375,88.05999755859375,88.05999755859375,10297
2026-07-30 12:48:00-04:00,88.12999725341797,88.12999725341797,88.13999938964844,88.08499908447266,88.08999633789062,9797
2026-07-30 12:49:00-04:00,88.0999984741211,88.0999984741211,88.13999938964844,88.0999984741211,88.12999725341797,9378
2026-07-30 12:50:00-04:00,88.16000366210938,88.16000366210938,88.16500091552734,88.08999633789062,88.0999984741211,20055
2026-07-30 12:51:00-04:00,88.05000305175781,88.05000305175781,88.16999816894531,88.04309844970703,88.16999816894531,14922
2026-07-30 12:52:00-04:00,88.0999984741211,88.0999984741211,88.0999984741211,88.05000305175781,88.05000305175781,12330
2026-07-30 12:53:00-04:00,88.1500015258789,88.1500015258789,88.1500015258789,88.08999633789062,88.0999984741211,11062
2026-07-30 12:54:00-04:00,88.16999816894531,88.16999816894531,88.16999816894531,88.13999938964844,88.1500015258789,8737
2026-07-30 12:55:00-04:00,88.12000274658203,88.12000274658203,88.18000030517578,88.12000274658203,88.16999816894531,11774
2026-07-30 12:56:00-04:00,88.08999633789062,88.08999633789062,88.0999984741211,88.08000183105469,88.0999984741211,7519
2026-07-30 12:57:00-04:00,88.12000274658203,88.12000274658203,88.12999725341797,88.08499908447266,88.08999633789062,13503
2026-07-30 12:58:00-04:00,88.19000244140625,88.19000244140625,88.19000244140625,88.12000274658203,88.12000274658203,8984
2026-07-30 12:59:00-04:00,88.18000030517578,88.18000030517578,88.19999694824219,88.16999816894531,88.19000244140625,14437
2026-07-30 13:00:00-04:00,88.27999877929688,88.27999877929688,88.27999877929688,88.16999816894531,88.18000030517578,18983
2026-07-30 13:01:00-04:00,88.29930114746094,88.29930114746094,88.31999969482422,88.26000213623047,88.27999877929688,16231
2026-07-30 13:02:00-04:00,88.29499816894531,88.29499816894531,88.33000183105469,88.2802963256836,88.29000091552734,12563
2026-07-30 13:03:00-04:00,88.31500244140625,88.31500244140625,88.32499694824219,88.29000091552734,88.29499816894531,12543
2026-07-30 13:04:00-04:00,88.30999755859375,88.30999755859375,88.30999755859375,88.27999877929688,88.30000305175781,10969
2026-07-30 13:05:00-04:00,88.27999877929688,88.27999877929688,88.30999755859375,88.26499938964844,88.30000305175781,12014
2026-07-30 13:06:00-04:00,88.30999755859375,88.30999755859375,88.31999969482422,88.27999877929688,88.27999877929688,13322
2026-07-30 13:07:00-04:00,88.29499816894531,88.29499816894531,88.31999969482422,88.29499816894531,88.30999755859375,9935
2026-07-30 13:08:00-04:00,88.26000213623047,88.26000213623047,88.29000091552734,88.25,88.29000091552734,28144
2026-07-30 13:09:00-04:00,88.2699966430664,88.2699966430664,88.2699966430664,88.24500274658203,88.26000213623047,12856
2026-07-30 13:10:00-04:00,88.27999877929688,88.27999877929688,88.29000091552734,88.25499725341797,88.27999877929688,12802
2026-07-30 13:11:00-04:00,88.22000122070312,88.22000122070312,88.29000091552734,88.22000122070312,88.28959655761719,11515
2026-07-30 13:12:00-04:00,88.2699966430664,88.2699966430664,88.2699966430664,88.19999694824219,88.2300033569336,17165
2026-07-30 13:13:00-04:00,88.28990173339844,88.28990173339844,88.30000305175781,88.2699966430664,88.27010345458984,9339
2026-07-30 13:14:00-04:00,88.2750015258789,88.2750015258789,88.30000305175781,88.2699966430664,88.28500366210938,13207
2026-07-30 13:15:00-04:00,88.27999877929688,88.27999877929688,88.29000091552734,88.25,88.28500366210938,11508
2026-07-30 13:16:00-04:00,88.30000305175781,88.30000305175781,88.30000305175781,88.2750015258789,88.27999877929688,13593
2026-07-30 13:17:00-04:00,88.2699966430664,88.2699966430664,88.29499816894531,88.26499938964844,88.29499816894531,9219
2026-07-30 13:18:00-04:00,88.26000213623047,88.26000213623047,88.2699966430664,88.23500061035156,88.26860046386719,19337
2026-07-30 13:19:00-04:00,88.27999877929688,88.27999877929688,88.30000305175781,88.2699966430664,88.2750015258789,6706
2026-07-30 13:20:00-04:00,88.30999755859375,88.30999755859375,88.31999969482422,88.2699966430664,88.29000091552734,19093
2026-07-30 13:21:00-04:00,88.31500244140625,88.31500244140625,88.31500244140625,88.2699966430664,88.30500030517578,13031
2026-07-30 13:22:00-04:00,88.3499984741211,88.3499984741211,88.3499984741211,88.30999755859375,88.30999755859375,10710
2026-07-30 13:23:00-04:00,88.30000305175781,88.30000305175781,88.37000274658203,88.29499816894531,88.36000061035156,13890
2026-07-30 13:24:00-04:00,88.30000305175781,88.30000305175781,88.33000183105469,88.30000305175781,88.30999755859375,8273
2026-07-30 13:25:00-04:00,88.2699966430664,88.2699966430664,88.29000091552734,88.26499938964844,88.29000091552734,13614
2026-07-30 13:26:00-04:00,88.26000213623047,88.26000213623047,88.2699966430664,88.24500274658203,88.26000213623047,14723
2026-07-30 13:27:00-04:00,88.26000213623047,88.26000213623047,88.26010131835938,88.25,88.26000213623047,8025
2026-07-30 13:28:00-04:00,88.2750015258789,88.2750015258789,88.30000305175781,88.26499938964844,88.2699966430664,9779
2026-07-30 13:29:00-04:00,88.30999755859375,88.30999755859375,88.30999755859375,88.2699966430664,88.2750015258789,7605
2026-07-30 13:30:00-04:00,88.28500366210938,88.28500366210938,88.31500244140625,88.28500366210938,88.31500244140625,8035
2026-07-30 13:31:00-04:00,88.33000183105469,88.33000183105469,88.33000183105469,88.29000091552734,88.29000091552734,8696
2026-07-30 13:32:00-04:00,88.33799743652344,88.33799743652344,88.33799743652344,88.30999755859375,88.32550048828125,6341
2026-07-30 13:33:00-04:00,88.33999633789062,88.33999633789062,88.3499984741211,88.33000183105469,88.33509826660156,13137
2026-07-30 13:34:00-04:00,88.40499877929688,88.40499877929688,88.41999816894531,88.33999633789062,88.33999633789062,36027
2026-07-30 13:35:00-04:00,88.4000015258789,88.4000015258789,88.40989685058594,88.36000061035156,88.4000015258789,13953
2026-07-30 13:36:00-04:00,88.40029907226562,88.40029907226562,88.41500091552734,88.4000015258789,88.4000015258789,11587
2026-07-30 13:37:00-04:00,88.41000366210938,88.41000366210938,88.44000244140625,88.4000015258789,88.41799926757812,27234
2026-07-30 13:38:00-04:00,88.44999694824219,88.44999694824219,88.44999694824219,88.41000366210938,88.41000366210938,4619
2026-07-30 13:39:00-04:00,88.44000244140625,88.44000244140625,88.45999908447266,88.43000030517578,88.44000244140625,19149
2026-07-30 13:40:00-04:00,88.41500091552734,88.41500091552734,88.45999908447266,88.4000015258789,88.44999694824219,12109
2026-07-30 13:41:00-04:00,88.41999816894531,88.41999816894531,88.43000030517578,88.40499877929688,88.41999816894531,13961
2026-07-30 13:42:00-04:00,88.38500213623047,88.38500213623047,88.44499969482422,88.37999725341797,88.41000366210938,19411
2026-07-30 13:43:00-04:00,88.41999816894531,88.41999816894531,88.43000030517578,88.37000274658203,88.38009643554688,11594
2026-07-30 13:44:00-04:00,88.36000061035156,88.36000061035156,88.43000030517578,88.33899688720703,88.43000030517578,28333
2026-07-30 13:45:00-04:00,88.35929870605469,88.35929870605469,88.37999725341797,88.3499984741211,88.36000061035156,14800
2026-07-30 13:46:00-04:00,88.3550033569336,88.3550033569336,88.36000061035156,88.33000183105469,88.3499984741211,25301
2026-07-30 13:47:00-04:00,88.3499984741211,88.3499984741211,88.37000274658203,88.33999633789062,88.36000061035156,9645
2026-07-30 13:48:00-04:00,88.3499984741211,88.3499984741211,88.36000061035156,88.33000183105469,88.33999633789062,15774
2026-07-30 13:49:00-04:00,88.34500122070312,88.34500122070312,88.3550033569336,88.33999633789062,88.3499984741211,7674
2026-07-30 13:50:00-04:00,88.35009765625,88.35009765625,88.36000061035156,88.33000183105469,88.33999633789062,9016
2026-07-30 13:51:00-04:00,88.37740325927734,88.37740325927734,88.37740325927734,88.3550033569336,88.36000061035156,11081
2026-07-30 13:52:00-04:00,88.36000061035156,88.36000061035156,88.37999725341797,88.36000061035156,88.36499786376953,7009
2026-07-30 13:53:00-04:00,88.36000061035156,88.36000061035156,88.38999938964844,88.36000061035156,88.37000274658203,10289
2026-07-30 13:54:00-04:00,88.33000183105469,88.33000183105469,88.37999725341797,88.30999755859375,88.36499786376953,15810
2026-07-30 13:55:00-04:00,88.33930206298828,88.33930206298828,88.3499984741211,88.33000183105469,88.33499908447266,11784
2026-07-30 13:56:00-04:00,88.33000183105469,88.33000183105469,88.33999633789062,88.31999969482422,88.33080291748047,12140
2026-07-30 13:57:00-04:00,88.25499725341797,88.25499725341797,88.33999633789062,88.25499725341797,88.33000183105469,21326
2026-07-30 13:58:00-04:00,88.25499725341797,88.25499725341797,88.26000213623047,88.24500274658203,88.26000213623047,14205
2026-07-30 13:59:00-04:00,88.23999786376953,88.23999786376953,88.26000213623047,88.2300033569336,88.25,13774
2026-07-30 14:00:00-04:00,88.29000091552734,88.29000091552734,88.30000305175781,88.23500061035156,88.23500061035156,21802
2026-07-30 14:01:00-04:00,88.31500244140625,88.31500244140625,88.32499694824219,88.2699966430664,88.2699966430664,14698
2026-07-30 14:02:00-04:00,88.44999694824219,88.44999694824219,88.45999908447266,88.30999755859375,88.30999755859375,57545
2026-07-30 14:03:00-04:00,88.43499755859375,88.43499755859375,88.45500183105469,88.41000366210938,88.44999694824219,17734
2026-07-30 14:04:00-04:00,88.44999694824219,88.44999694824219,88.44999694824219,88.41500091552734,88.44000244140625,14351
2026-07-30 14:05:00-04:00,88.44999694824219,88.44999694824219,88.46499633789062,88.43499755859375,88.43499755859375,30095
2026-07-30 14:06:00-04:00,88.38999938964844,88.38999938964844,88.43000030517578,88.37999725341797,88.43000030517578,10856
2026-07-30 14:07:00-04:00,88.40499877929688,88.40499877929688,88.41000366210938,88.38500213623047,88.38500213623047,11341
2026-07-30 14:08:00-04:00,88.43499755859375,88.43499755859375,88.44000244140625,88.41000366210938,88.41000366210938,21708
2026-07-30 14:09:00-04:00,88.46499633789062,88.46499633789062,88.47000122070312,88.43499755859375,88.43499755859375,17982
2026-07-30 14:10:00-04:00,88.48500061035156,88.48500061035156,88.51499938964844,88.44999694824219,88.45999908447266,41995
2026-07-30 14:11:00-04:00,88.48999786376953,88.48999786376953,88.49500274658203,88.46499633789062,88.48500061035156,10259
2026-07-30 14:12:00-04:00,88.51499938964844,88.51499938964844,88.5199966430664,88.4800033569336,88.48500061035156,6473
2026-07-30 14:13:00-04:00,88.5199966430664,88.5199966430664,88.52999877929688,88.50499725341797,88.51499938964844,22331
2026-07-30 14:14:00-04:00,88.54000091552734,88.54000091552734,88.54000091552734,88.51000213623047,88.5199966430664,14030
2026-07-30 14:15:00-04:00,88.5199966430664,88.5199966430664,88.54499816894531,88.5199966430664,88.54000091552734,12923
2026-07-30 14:16:00-04:00,88.5250015258789,88.5250015258789,88.53780364990234,88.50299835205078,88.5250015258789,18167
2026-07-30 14:17:00-04:00,88.5198974609375,88.5198974609375,88.54000091552734,88.49500274658203,88.5250015258789,18183
2026-07-30 14:18:00-04:00,88.5199966430664,88.5199966430664,88.52999877929688,88.50499725341797,88.51000213623047,25474
2026-07-30 14:19:00-04:00,88.53500366210938,88.53500366210938,88.54499816894531,88.5199966430664,88.52999877929688,28787
2026-07-30 14:20:00-04:00,88.52999877929688,88.52999877929688,88.58000183105469,88.52999877929688,88.52999877929688,14817
2026-07-30 14:21:00-04:00,88.5199966430664,88.5199966430664,88.54000091552734,88.51000213623047,88.53500366210938,15649
2026-07-30 14:22:00-04:00,88.51000213623047,88.51000213623047,88.53500366210938,88.48999786376953,88.51000213623047,17329
2026-07-30 14:23:00-04:00,88.53500366210938,88.53500366210938,88.54499816894531,88.50499725341797,88.50499725341797,11997
2026-07-30 14:24:00-04:00,88.52999877929688,88.52999877929688,88.55999755859375,88.5199966430664,88.53500366210938,14396
2026-07-30 14:25:00-04:00,88.54499816894531,88.54499816894531,88.55000305175781,88.51499938964844,88.52999877929688,8911
2026-07-30 14:26:00-04:00,88.51499938964844,88.51499938964844,88.54499816894531,88.51000213623047,88.54499816894531,8090
2026-07-30 14:27:00-04:00,88.5199966430664,88.5199966430664,88.5199966430664,88.4749984741211,88.51499938964844,53153
2026-07-30 14:28:00-04:00,88.53500366210938,88.53500366210938,88.53500366210938,88.51499938964844,88.5199966430664,14023
2026-07-30 14:29:00-04:00,88.55020141601562,88.55020141601562,88.56999969482422,88.53009796142578,88.53009796142578,17458
2026-07-30 14:30:00-04:00,88.54070281982422,88.54070281982422,88.55000305175781,88.52999877929688,88.55000305175781,12847
2026-07-30 14:31:00-04:00,88.5250015258789,88.5250015258789,88.55000305175781,88.5250015258789,88.54499816894531,10605
2026-07-30 14:32:00-04:00,88.5,88.5,88.54000091552734,88.49500274658203,88.52999877929688,11800
2026-07-30 14:33:00-04:00,88.45999908447266,88.45999908447266,88.5,88.45999908447266,88.5,15199
2026-07-30 14:34:00-04:00,88.51000213623047,88.51000213623047,88.51000213623047,88.45999908447266,88.45999908447266,18203
2026-07-30 14:35:00-04:00,88.52999877929688,88.52999877929688,88.55000305175781,88.5000991821289,88.50499725341797,23493
2026-07-30 14:36:00-04:00,88.44000244140625,88.44000244140625,88.54000091552734,88.44000244140625,88.51840209960938,26181
2026-07-30 14:37:00-04:00,88.44999694824219,88.44999694824219,88.45999908447266,88.43000030517578,88.44000244140625,25915
2026-07-30 14:38:00-04:00,88.4800033569336,88.4800033569336,88.5,88.43000030517578,88.44999694824219,53172
2026-07-30 14:39:00-04:00,88.49500274658203,88.49500274658203,88.5198974609375,88.49500274658203,88.51000213623047,13715
2026-07-30 14:40:00-04:00,88.44499969482422,88.44499969482422,88.5,88.44499969482422,88.5,17758
2026-07-30 14:41:00-04:00,88.4622573852539,88.4622573852539,88.47000122070312,88.44999694824219,88.44999694824219,17257
2026-07-30 14:42:00-04:00,88.44010162353516,88.44010162353516,88.45999908447266,88.41999816894531,88.45999908447266,29312
2026-07-30 14:43:00-04:00,88.48999786376953,88.48999786376953,88.51000213623047,88.43499755859375,88.44499969482422,33616
2026-07-30 14:44:00-04:00,88.47989654541016,88.47989654541016,88.5,88.46499633789062,88.48500061035156,18528
2026-07-30 14:45:00-04:00,88.46499633789062,88.46499633789062,88.4749984741211,88.45999908447266,88.47000122070312,14958
2026-07-30 14:46:00-04:00,88.3949966430664,88.3949966430664,88.45999908447266,88.3949966430664,88.45999908447266,19174
2026-07-30 14:47:00-04:00,88.42500305175781,88.42500305175781,88.43000030517578,88.3949966430664,88.39929962158203,14553
2026-07-30 14:48:00-04:00,88.45999908447266,88.45999908447266,88.46499633789062,88.41000366210938,88.42500305175781,49699
2026-07-30 14:49:00-04:00,88.4800033569336,88.4800033569336,88.48999786376953,88.45500183105469,88.45500183105469,25103
2026-07-30 14:50:00-04:00,88.5,88.5,88.51000213623047,88.4749984741211,88.48500061035156,18368
2026-07-30 14:51:00-04:00,88.52999877929688,88.52999877929688,88.52999877929688,88.48999786376953,88.50499725341797,23121
2026-07-30 14:52:00-04:00,88.49500274658203,88.49500274658203,88.53500366210938,88.4800033569336,88.5250015258789,15409
2026-07-30 14:53:00-04:00,88.4718017578125,88.4718017578125,88.5,88.4718017578125,88.49500274658203,17922
2026-07-30 14:54:00-04:00,88.48500061035156,88.48500061035156,88.48500061035156,88.46499633789062,88.47989654541016,15347
2026-07-30 14:55:00-04:00,88.51000213623047,88.51000213623047,88.51000213623047,88.46499633789062,88.48500061035156,36479
2026-07-30 14:56:00-04:00,88.5250015258789,88.5250015258789,88.55000305175781,88.50499725341797,88.50499725341797,16843
2026-07-30 14:57:00-04:00,88.51499938964844,88.51499938964844,88.54000091552734,88.51499938964844,88.5250015258789,16453
2026-07-30 14:58:00-04:00,88.46499633789062,88.46499633789062,88.5199966430664,88.46499633789062,88.51000213623047,18708
2026-07-30 14:59:00-04:00,88.4749984741211,88.4749984741211,88.4800033569336,88.44000244140625,88.46009826660156,24041
2026-07-30 15:00:00-04:00,88.48500061035156,88.48500061035156,88.51000213623047,88.45500183105469,88.4749984741211,23910
2026-07-30 15:01:00-04:00,88.54499816894531,88.54499816894531,88.54499816894531,88.4800033569336,88.4800033569336,12295
2026-07-30 15:02:00-04:00,88.54000091552734,88.54000091552734,88.58000183105469,88.52999877929688,88.55000305175781,28072
2026-07-30 15:03:00-04:00,88.48999786376953,88.48999786376953,88.52999877929688,88.4749984741211,88.52999877929688,24923
2026-07-30 15:04:00-04:00,88.47000122070312,88.47000122070312,88.4854965209961,88.46499633789062,88.4800033569336,16367
2026-07-30 15:05:00-04:00,88.45999908447266,88.45999908447266,88.46499633789062,88.41500091552734,88.46499633789062,20521
2026-07-30 15:06:00-04:00,88.41500091552734,88.41500091552734,88.47000122070312,88.41500091552734,88.45999908447266,15155
2026-07-30 15:07:00-04:00,88.41000366210938,88.41000366210938,88.41999816894531,88.38500213623047,88.41500091552734,21027
2026-07-30 15:08:00-04:00,88.45999908447266,88.45999908447266,88.45999908447266,88.40499877929688,88.41000366210938,19662
2026-07-30 15:09:00-04:00,88.42500305175781,88.42500305175781,88.45999908447266,88.41999816894531,88.45999908447266,11884
2026-07-30 15:10:00-04:00,88.41200256347656,88.41200256347656,88.44000244140625,88.40499877929688,88.43000030517578,25331
2026-07-30 15:11:00-04:00,88.43000030517578,88.43000030517578,88.43000030517578,88.3949966430664,88.41000366210938,16523
2026-07-30 15:12:00-04:00,88.4000015258789,88.4000015258789,88.44999694824219,88.4000015258789,88.43499755859375,21552
2026-07-30 15:13:00-04:00,88.39360046386719,88.39360046386719,88.40599822998047,88.3749008178711,88.4000015258789,23373
2026-07-30 15:14:00-04:00,88.4020004272461,88.4020004272461,88.41999816894531,88.38999938964844,88.3949966430664,26472
2026-07-30 15:15:00-04:00,88.38500213623047,88.38500213623047,88.4000015258789,88.37000274658203,88.4000015258789,16657
2026-07-30 15:16:00-04:00,88.3949966430664,88.3949966430664,88.4000015258789,88.3550033569336,88.38500213623047,39055
2026-07-30 15:17:00-04:00,88.41500091552734,88.41500091552734,88.4198989868164,88.3949966430664,88.39510345458984,17617
2026-07-30 15:18:00-04:00,88.36499786376953,88.36499786376953,88.42220306396484,88.36199951171875,88.42220306396484,20323
2026-07-30 15:19:00-04:00,88.3207015991211,88.3207015991211,88.36000061035156,88.31999969482422,88.36000061035156,17596
2026-07-30 15:20:00-04:00,88.37999725341797,88.37999725341797,88.37999725341797,88.32499694824219,88.32499694824219,181162
2026-07-30 15:21:00-04:00,88.402099609375,88.402099609375,88.43499755859375,88.37000274658203,88.37999725341797,25499
2026-07-30 15:22:00-04:00,88.3499984741211,88.3499984741211,88.41000366210938,88.3499984741211,88.38999938964844,24044
2026-07-30 15:23:00-04:00,88.32499694824219,88.32499694824219,88.3550033569336,88.31179809570312,88.33999633789062,19621
2026-07-30 15:24:00-04:00,88.3550033569336,88.3550033569336,88.3550033569336,88.31999969482422,88.33000183105469,21238
2026-07-30 15:25:00-04:00,88.3499984741211,88.3499984741211,88.36509704589844,88.31999969482422,88.34200286865234,18635
2026-07-30 15:26:00-04:00,88.36000061035156,88.36000061035156,88.3949966430664,88.36000061035156,88.36499786376953,22390
2026-07-30 15:27:00-04:00,88.37999725341797,88.37999725341797,88.40499877929688,88.36499786376953,88.36499786376953,32270
2026-07-30 15:28:00-04:00,88.33999633789062,88.33999633789062,88.37999725341797,88.33999633789062,88.37899780273438,14235
2026-07-30 15:29:00-04:00,88.375,88.375,88.37999725341797,88.32499694824219,88.33000183105469,25707
2026-07-30 15:30:00-04:00,88.42500305175781,88.42500305175781,88.42900085449219,88.375,88.38999938964844,37790
2026-07-30 15:31:00-04:00,88.44000244140625,88.44000244140625,88.46499633789062,88.41500091552734,88.42500305175781,32194
2026-07-30 15:32:00-04:00,88.4000015258789,88.4000015258789,88.43000030517578,88.39089965820312,88.43000030517578,34710
2026-07-30 15:33:00-04:00,88.37000274658203,88.37000274658203,88.41000366210938,88.3550033569336,88.4000015258789,45303
2026-07-30 15:34:00-04:00,88.30999755859375,88.30999755859375,88.37000274658203,88.2699966430664,88.37000274658203,33505
2026-07-30 15:35:00-04:00,88.3290023803711,88.3290023803711,88.33000183105469,88.29000091552734,88.30999755859375,29797
2026-07-30 15:36:00-04:00,88.33000183105469,88.33000183105469,88.33499908447266,88.30999755859375,88.32499694824219,25385
2026-07-30 15:37:00-04:00,88.33999633789062,88.33999633789062,88.3499984741211,88.28500366210938,88.33499908447266,47401
2026-07-30 15:38:00-04:00,88.28500366210938,88.28500366210938,88.33499908447266,88.2699966430664,88.33000183105469,25682
2026-07-30 15:39:00-04:00,88.26000213623047,88.26000213623047,88.30999755859375,88.24500274658203,88.27999877929688,40631
2026-07-30 15:40:00-04:00,88.2750015258789,88.2750015258789,88.27999877929688,88.23999786376953,88.26499938964844,33457
2026-07-30 15:41:00-04:00,88.30000305175781,88.30000305175781,88.30999755859375,88.2699966430664,88.27899932861328,28159
2026-07-30 15:42:00-04:00,88.31500244140625,88.31500244140625,88.31999969482422,88.30000305175781,88.30999755859375,31349
2026-07-30 15:43:00-04:00,88.29900360107422,88.29900360107422,88.33499908447266,88.29000091552734,88.31500244140625,39432
2026-07-30 15:44:00-04:00,88.31500244140625,88.31500244140625,88.33999633789062,88.29000091552734,88.29499816894531,44445
2026-07-30 15:45:00-04:00,88.26499938964844,88.26499938964844,88.31500244140625,88.25,88.31500244140625,36645
2026-07-30 15:46:00-04:00,88.3499984741211,88.3499984741211,88.375,88.23999786376953,88.26000213623047,36459
2026-07-30 15:47:00-04:00,88.30999755859375,88.30999755859375,88.36000061035156,88.30000305175781,88.33999633789062,47219
2026-07-30 15:48:00-04:00,88.36419677734375,88.36419677734375,88.3949966430664,88.30999755859375,88.30999755859375,42540
2026-07-30 15:49:00-04:00,88.3949966430664,88.3949966430664,88.41000366210938,88.33000183105469,88.36000061035156,99107
2026-07-30 15:50:00-04:00,88.38999938964844,88.38999938964844,88.47000122070312,88.36000061035156,88.4000015258789,103907
2026-07-30 15:51:00-04:00,88.3499984741211,88.3499984741211,88.3949966430664,88.3499984741211,88.38500213623047,53814
2026-07-30 15:52:00-04:00,88.375,88.375,88.37999725341797,88.33000183105469,88.36000061035156,61069
2026-07-30 15:53:00-04:00,88.2699966430664,88.2699966430664,88.37999725341797,88.2699966430664,88.37999725341797,81397
2026-07-30 15:54:00-04:00,88.29000091552734,88.29000091552734,88.33000183105469,88.23040008544922,88.2750015258789,100977
2026-07-30 15:55:00-04:00,88.35665893554688,88.35665893554688,88.38999938964844,88.24500274658203,88.30999755859375,156495
2026-07-30 15:56:00-04:00,88.3550033569336,88.3550033569336,88.41000366210938,88.33000183105469,88.37989807128906,116258
2026-07-30 15:57:00-04:00,88.48999786376953,88.48999786376953,88.49500274658203,88.33999633789062,88.3550033569336,127210
2026-07-30 15:58:00-04:00,88.52999877929688,88.52999877929688,88.56999969482422,88.47000122070312,88.48999786376953,229723
2026-07-30 15:59:00-04:00,88.5199966430664,88.5199966430664,88.63999938964844,88.50499725341797,88.52999877929688,554590
2026-07-31 09:30:00-04:00,87.68000030517578,87.68000030517578,87.87999725341797,87.4000015258789,87.66000366210938,415084
2026-07-31 09:31:00-04:00,87.51499938964844,87.51499938964844,87.69000244140625,87.30000305175781,87.66999816894531,73683
2026-07-31 09:32:00-04:00,87.33000183105469,87.33000183105469,87.52950286865234,87.23999786376953,87.51000213623047,99532
2026-07-31 09:33:00-04:00,87.18499755859375,87.18499755859375,87.31703186035156,87.1500015258789,87.30000305175781,57080
2026-07-31 09:34:00-04:00,87.12999725341797,87.12999725341797,87.19000244140625,87.04000091552734,87.18000030517578,59289
2026-07-31 09:35:00-04:00,86.8499984741211,86.8499984741211,87.16000366210938,86.81999969482422,87.12999725341797,103256
2026-07-31 09:36:00-04:00,87.19000244140625,87.19000244140625,87.19000244140625,86.8550033569336,86.8550033569336,65059
2026-07-31 09:37:00-04:00,87.0999984741211,87.0999984741211,87.24629974365234,87.08999633789062,87.16999816894531,81735
2026-07-31 09:38:00-04:00,87.33000183105469,87.33000183105469,87.4000015258789,87.0999984741211,87.0999984741211,79146
2026-07-31 09:39:00-04:00,87.3550033569336,87.3550033569336,87.49500274658203,87.33000183105469,87.33000183105469,87724
2026-07-31 09:40:00-04:00,87.33000183105469,87.33000183105469,87.41000366210938,87.24369812011719,87.34960174560547,53028
2026-07-31 09:41:00-04:00,87.4000015258789,87.4000015258789,87.4000015258789,87.29000091552734,87.33999633789062,44303
2026-07-31 09:42:00-04:00,87.41000366210938,87.41000366210938,87.41000366210938,87.2699966430664,87.4000015258789,47966
2026-07-31 09:43:00-04:00,87.41799926757812,87.41799926757812,87.44000244140625,87.33999633789062,87.41000366210938,66977
2026-07-31 09:44:00-04:00,87.5,87.5,87.51000213623047,87.37000274658203,87.4000015258789,60816
2026-07-31 09:45:00-04:00,87.45999908447266,87.45999908447266,87.5199966430664,87.27999877929688,87.5199966430664,53091
2026-07-31 09:46:00-04:00,87.48999786376953,87.48999786376953,87.56009674072266,87.44000244140625,87.48999786376953,70809
2026-07-31 09:47:00-04:00,87.41000366210938,87.41000366210938,87.48999786376953,87.30999755859375,87.48999786376953,40364
2026-07-31 09:48:00-04:00,87.47000122070312,87.47000122070312,87.5,87.38999938964844,87.41000366210938,30685
2026-07-31 09:49:00-04:00,87.27999877929688,87.27999877929688,87.4800033569336,87.2699966430664,87.47000122070312,52724
2026-07-31 09:50:00-04:00,87.28589630126953,87.28589630126953,87.31999969482422,87.19000244140625,87.2699966430664,66452
2026-07-31 09:51:00-04:00,87.26000213623047,87.26000213623047,87.37000274658203,87.23999786376953,87.29000091552734,38482
2026-07-31 09:52:00-04:00,87.31999969482422,87.31999969482422,87.33999633789062,87.19999694824219,87.25,61840
2026-07-31 09:53:00-04:00,87.42500305175781,87.42500305175781,87.45999908447266,87.33000183105469,87.33000183105469,51777
2026-07-31 09:54:00-04:00,87.4000015258789,87.4000015258789,87.5,87.3499984741211,87.43000030517578,41818
2026-07-31 09:55:00-04:00,87.25,87.25,87.40499877929688,87.23999786376953,87.38999938964844,34823
2026-07-31 09:56:00-04:00,87.25499725341797,87.25499725341797,87.2699966430664,87.18000030517578,87.25,36578
2026-07-31 09:57:00-04:00,87.2500991821289,87.2500991821289,87.2750015258789,87.13999938964844,87.25499725341797,62110
2026-07-31 09:58:00-04:00,87.37999725341797,87.37999725341797,87.37999725341797,87.23999786376953,87.28500366210938,33185
2026-07-31 09:59:00-04:00,87.37000274658203,87.37000274658203,87.41000366210938,87.33999633789062,87.38990020751953,40946
2026-07-31 10:00:00-04:00,87.46499633789062,87.46499633789062,87.46499633789062,87.3499984741211,87.37999725341797,25781
2026-07-31 10:01:00-04:00,87.45059967041016,87.45059967041016,87.5,87.41999816894531,87.45999908447266,25345
2026-07-31 10:02:00-04:00,87.48999786376953,87.48999786376953,87.50499725341797,87.43000030517578,87.44999694824219,49605
2026-07-31 10:03:00-04:00,87.45999908447266,87.45999908447266,87.51000213623047,87.41000366210938,87.4800033569336,26935
2026-07-31 10:04:00-04:00,87.4800033569336,87.4800033569336,87.48999786376953,87.43000030517578,87.45999908447266,18655
2026-07-31 10:05:00-04:00,87.5250015258789,87.5250015258789,87.56430053710938,87.45999908447266,87.48500061035156,66376
2026-07-31 10:06:00-04:00,87.55999755859375,87.55999755859375,87.58499908447266,87.47000122070312,87.5250015258789,43249
2026-07-31 10:07:00-04:00,87.4800033569336,87.4800033569336,87.62000274658203,87.47000122070312,87.57499694824219,39112
2026-07-31 10:08:00-04:00,87.55999755859375,87.55999755859375,87.55999755859375,87.4000015258789,87.47000122070312,56421
2026-07-31 10:09:00-04:00,87.65499877929688,87.65499877929688,87.66000366210938,87.5199966430664,87.55000305175781,43263
2026-07-31 10:10:00-04:00,87.73999786376953,87.73999786376953,87.78990173339844,87.62999725341797,87.66799926757812,40521
2026-07-31 10:11:00-04:00,87.58390045166016,87.58390045166016,87.74500274658203,87.58000183105469,87.7300033569336,21750
2026-07-31 10:12:00-04:00,87.66000366210938,87.66000366210938,87.69000244140625,87.54000091552734,87.58000183105469,43303
2026-07-31 10:13:00-04:00,87.68000030517578,87.68000030517578,87.73979949951172,87.66000366210938,87.66000366210938,98058
2026-07-31 10:14:00-04:00,87.66999816894531,87.66999816894531,87.76499938964844,87.66000366210938,87.69000244140625,57933
2026-07-31 10:15:00-04:00,87.66500091552734,87.66500091552734,87.69000244140625,87.5999984741211,87.66000366210938,68049
2026-07-31 10:16:00-04:00,87.69000244140625,87.69000244140625,87.72000122070312,87.58999633789062,87.66999816894531,53463
2026-07-31 10:17:00-04:00,87.66000366210938,87.66000366210938,87.69999694824219,87.52999877929688,87.68000030517578,59171
2026-07-31 10:18:00-04:00,87.4749984741211,87.4749984741211,87.66000366210938,87.47000122070312,87.6500015258789,41494
2026-07-31 10:19:00-04:00,87.38999938964844,87.38999938964844,87.51000213623047,87.33000183105469,87.4800033569336,143753
2026-07-31 10:20:00-04:00,87.36499786376953,87.36499786376953,87.41000366210938,87.33000183105469,87.38990020751953,76990
2026-07-31 10:21:00-04:00,87.55999755859375,87.55999755859375,87.58999633789062,87.37000274658203,87.37000274658203,82885
2026-07-31 10:22:00-04:00,87.5999984741211,87.5999984741211,87.5999984741211,87.43000030517578,87.55000305175781,50900
2026-07-31 10:23:00-04:00,87.62999725341797,87.62999725341797,87.66999816894531,87.5999984741211,87.61000061035156,31267
2026-07-31 10:24:00-04:00,87.78500366210938,87.78500366210938,87.80999755859375,87.61009979248047,87.625,36073
2026-07-31 10:25:00-04:00,87.7699966430664,87.7699966430664,87.78500366210938,87.69999694824219,87.77999877929688,23274
2026-07-31 10:26:00-04:00,87.79000091552734,87.79000091552734,87.83000183105469,87.76499938964844,87.79000091552734,21264
2026-07-31 10:27:00-04:00,87.625,87.625,87.85990142822266,87.62000274658203,87.78500366210938,28506
2026-07-31 10:28:00-04:00,87.62999725341797,87.62999725341797,87.66999816894531,87.62000274658203,87.62000274658203,41448
2026-07-31 10:29:00-04:00,87.69000244140625,87.69000244140625,87.70500183105469,87.61000061035156,87.62000274658203,25149
2026-07-31 10:30:00-04:00,87.62000274658203,87.62000274658203,87.68499755859375,87.62000274658203,87.68000030517578,20419
2026-07-31 10:31:00-04:00,87.5250015258789,87.5250015258789,87.63500213623047,87.5199966430664,87.63500213623047,39558
2026-07-31 10:32:00-04:00,87.48999786376953,87.48999786376953,87.62000274658203,87.48999786376953,87.51000213623047,35226
2026-07-31 10:33:00-04:00,87.54010009765625,87.54010009765625,87.55999755859375,87.44999694824219,87.47000122070312,50658
2026-07-31 10:34:00-04:00,87.52999877929688,87.52999877929688,87.61000061035156,87.51000213623047,87.56999969482422,20828
2026-07-31 10:35:00-04:00,87.48999786376953,87.48999786376953,87.55000305175781,87.46499633789062,87.5199966430664,20159
2026-07-31 10:36:00-04:00,87.61000061035156,87.61000061035156,87.62999725341797,87.48500061035156,87.48500061035156,29014
2026-07-31 10:37:00-04:00,87.54499816894531,87.54499816894531,87.61000061035156,87.54499816894531,87.5999984741211,21594
2026-07-31 10:38:00-04:00,87.5,87.5,87.55000305175781,87.48500061035156,87.54000091552734,25997
2026-07-31 10:39:00-04:00,87.5,87.5,87.51000213623047,87.45999908447266,87.5,26820
2026-07-31 10:40:00-04:00,87.5,87.5,87.5199966430664,87.47000122070312,87.5,21836
2026-07-31 10:41:00-04:00,87.56999969482422,87.56999969482422,87.58999633789062,87.51000213623047,87.51000213623047,26795
2026-07-31 10:42:00-04:00,87.5199966430664,87.5199966430664,87.61000061035156,87.5,87.56999969482422,27255
2026-07-31 10:43:00-04:00,87.54000091552734,87.54000091552734,87.55000305175781,87.49500274658203,87.51000213623047,21763
2026-07-31 10:44:00-04:00,87.65049743652344,87.65049743652344,87.68000030517578,87.51000213623047,87.52999877929688,53442
2026-07-31 10:45:00-04:00,87.66999816894531,87.66999816894531,87.68499755859375,87.63500213623047,87.6500015258789,26992
2026-07-31 10:46:00-04:00,87.69000244140625,87.69000244140625,87.70999908447266,87.6500015258789,87.66999816894531,31586
2026-07-31 10:47:00-04:00,87.62000274658203,87.62000274658203,87.70999908447266,87.62000274658203,87.69000244140625,24826
2026-07-31 10:48:00-04:00,87.58999633789062,87.58999633789062,87.65499877929688,87.56500244140625,87.62000274658203,17688
2026-07-31 10:49:00-04:00,87.52069854736328,87.52069854736328,87.61000061035156,87.5199966430664,87.58999633789062,31366
2026-07-31 10:50:00-04:00,87.48999786376953,87.48999786376953,87.52999877929688,87.47000122070312,87.5199966430664,18369
2026-07-31 10:51:00-04:00,87.53510284423828,87.53510284423828,87.55000305175781,87.4800033569336,87.4800033569336,13322
2026-07-31 10:52:00-04:00,87.55000305175781,87.55000305175781,87.55500030517578,87.48500061035156,87.53500366210938,21194
2026-07-31 10:53:00-04:00,87.55999755859375,87.55999755859375,87.58999633789062,87.5199966430664,87.55500030517578,22391
2026-07-31 10:54:00-04:00,87.58499908447266,87.58499908447266,87.6500015258789,87.55999755859375,87.55999755859375,17837
2026-07-31 10:55:00-04:00,87.56500244140625,87.56500244140625,87.59480285644531,87.54000091552734,87.58000183105469,14865
2026-07-31 10:56:00-04:00,87.51000213623047,87.51000213623047,87.57499694824219,87.5,87.56999969482422,14592
2026-07-31 10:57:00-04:00,87.58999633789062,87.58999633789062,87.58999633789062,87.5,87.5,17051
2026-07-31 10:58:00-04:00,87.55999755859375,87.55999755859375,87.58999633789062,87.55000305175781,87.58000183105469,20313
2026-07-31 10:59:00-04:00,87.58999633789062,87.58999633789062,87.59500122070312,87.55000305175781,87.55999755859375,20380
2026-07-31 11:00:00-04:00,87.55999755859375,87.55999755859375,87.58999633789062,87.55000305175781,87.58999633789062,13266
2026-07-31 11:01:00-04:00,87.52999877929688,87.52999877929688,87.55999755859375,87.5199966430664,87.55999755859375,20115
2026-07-31 11:02:00-04:00,87.54000091552734,87.54000091552734,87.54000091552734,87.50499725341797,87.54000091552734,18595
2026-07-31 11:03:00-04:00,87.52999877929688,87.52999877929688,87.55999755859375,87.5199966430664,87.53500366210938,9371
2026-07-31 11:04:00-04:00,87.53500366210938,87.53500366210938,87.58499908447266,87.5199966430664,87.52069854736328,22158
2026-07-31 11:05:00-04:00,87.5999984741211,87.5999984741211,87.5999984741211,87.48500061035156,87.5199966430664,16048
2026-07-31 11:06:00-04:00,87.48999786376953,87.48999786376953,87.59750366210938,87.45999908447266,87.59500122070312,18210
2026-07-31 11:07:00-04:00,87.5250015258789,87.5250015258789,87.5250015258789,87.46499633789062,87.48999786376953,16367
2026-07-31 11:08:00-04:00,87.52999877929688,87.52999877929688,87.54000091552734,87.50499725341797,87.51499938964844,12006
2026-07-31 11:09:00-04:00,87.58000183105469,87.58000183105469,87.58000183105469,87.51499938964844,87.5199966430664,11847
2026-07-31 11:10:00-04:00,87.62999725341797,87.62999725341797,87.62999725341797,87.55999755859375,87.58000183105469,16025
2026-07-31 11:11:00-04:00,87.70999908447266,87.70999908447266,87.70999908447266,87.62000274658203,87.62000274658203,45310
2026-07-31 11:12:00-04:00,87.66500091552734,87.66500091552734,87.76000213623047,87.66000366210938,87.70999908447266,27083
2026-07-31 11:13:00-04:00,87.625,87.625,87.68000030517578,87.625,87.6500015258789,20481
2026-07-31 11:14:00-04:00,87.66999816894531,87.66999816894531,87.66999816894531,87.61499786376953,87.625,10342
2026-07-31 11:15:00-04:00,87.58000183105469,87.58000183105469,87.68499755859375,87.4800033569336,87.68000030517578,42081
2026-07-31 11:16:00-04:00,87.66999816894531,87.66999816894531,87.68000030517578,87.58000183105469,87.58509826660156,21409
2026-07-31 11:17:00-04:00,87.63999938964844,87.63999938964844,87.69000244140625,87.62999725341797,87.66999816894531,13146
2026-07-31 11:18:00-04:00,87.61000061035156,87.61000061035156,87.69000244140625,87.61000061035156,87.6500015258789,15553
2026-07-31 11:19:00-04:00,87.66999816894531,87.66999816894531,87.66999816894531,87.58999633789062,87.5999984741211,12017
2026-07-31 11:20:00-04:00,87.75,87.75,87.7750015258789,87.66999816894531,87.66999816894531,17771
2026-07-31 11:21:00-04:00,87.80999755859375,87.80999755859375,87.81500244140625,87.73999786376953,87.74620056152344,10704
2026-07-31 11:22:00-04:00,87.79000091552734,87.79000091552734,87.81999969482422,87.76000213623047,87.80500030517578,13170
2026-07-31 11:23:00-04:00,87.76000213623047,87.76000213623047,87.82499694824219,87.75499725341797,87.78500366210938,15686
2026-07-31 11:24:00-04:00,87.77999877929688,87.77999877929688,87.80000305175781,87.76000213623047,87.76000213623047,11553
2026-07-31 11:25:00-04:00,87.87999725341797,87.87999725341797,87.87999725341797,87.79000091552734,87.79000091552734,17179
2026-07-31 11:26:00-04:00,87.9749984741211,87.9749984741211,87.9800033569336,87.864501953125,87.87000274658203,27574
2026-07-31 11:27:00-04:00,87.94000244140625,87.94000244140625,87.97000122070312,87.91000366210938,87.97000122070312,16534
2026-07-31 11:28:00-04:00,87.87999725341797,87.87999725341797,87.97000122070312,87.87000274658203,87.94499969482422,67635
2026-07-31 11:29:00-04:00,87.83000183105469,87.83000183105469,87.8949966430664,87.80999755859375,87.88999938964844,60876
2026-07-31 11:30:00-04:00,87.81500244140625,87.81500244140625,87.83999633789062,87.80000305175781,87.83000183105469,15076
2026-07-31 11:31:00-04:00,87.8499984741211,87.8499984741211,87.88999938964844,87.78500366210938,87.81910705566406,38395
2026-07-31 11:32:00-04:00,87.87000274658203,87.87000274658203,87.89990234375,87.86000061035156,87.87000274658203,45079
2026-07-31 11:33:00-04:00,87.87999725341797,87.87999725341797,87.9000015258789,87.87000274658203,87.87999725341797,30002
2026-07-31 11:34:00-04:00,87.81999969482422,87.81999969482422,87.9000015258789,87.80000305175781,87.88500213623047,40991
2026-07-31 11:35:00-04:00,87.79000091552734,87.79000091552734,87.83000183105469,87.76499938964844,87.82499694824219,33224
2026-07-31 11:36:00-04:00,87.83499908447266,87.83499908447266,87.83499908447266,87.7699966430664,87.79000091552734,35225
2026-07-31 11:37:00-04:00,87.8550033569336,87.8550033569336,87.87999725341797,87.81500244140625,87.83000183105469,34093
2026-07-31 11:38:00-04:00,87.87999725341797,87.87999725341797,87.87999725341797,87.83000183105469,87.8499984741211,15699
2026-07-31 11:39:00-04:00,87.93000030517578,87.93000030517578,87.94000244140625,87.9000015258789,87.9000015258789,16773
2026-07-31 11:40:00-04:00,87.94000244140625,87.94000244140625,87.95500183105469,87.91999816894531,87.93000030517578,17529
2026-07-31 11:41:00-04:00,87.94000244140625,87.94000244140625,87.98999786376953,87.94000244140625,87.94989776611328,41658
2026-07-31 11:42:00-04:00,87.93000030517578,87.93000030517578,87.94000244140625,87.9000015258789,87.94000244140625,11860
2026-07-31 11:43:00-04:00,87.93000030517578,87.93000030517578,87.95999908447266,87.91999816894531,87.93000030517578,24865
2026-07-31 11:44:00-04:00,87.93499755859375,87.93499755859375,87.94999694824219,87.91000366210938,87.91999816894531,11953
2026-07-31 11:45:00-04:00,87.93000030517578,87.93000030517578,88.0,87.91999816894531,87.93499755859375,22436
2026-07-31 11:46:00-04:00,87.91000366210938,87.91000366210938,87.94999694824219,87.9000015258789,87.93499755859375,25848
2026-07-31 11:47:00-04:00,87.93499755859375,87.93499755859375,87.97000122070312,87.9000015258789,87.9000015258789,40091
2026-07-31 11:48:00-04:00,87.91000366210938,87.91000366210938,87.95999908447266,87.91000366210938,87.94000244140625,16382
2026-07-31 11:49:00-04:00,87.91500091552734,87.91500091552734,87.93000030517578,87.9000015258789,87.91000366210938,13421
2026-07-31 11:50:00-04:00,87.83000183105469,87.83000183105469,87.91390228271484,87.83000183105469,87.91000366210938,17931
2026-07-31 11:51:00-04:00,87.81999969482422,87.81999969482422,87.8499984741211,87.79000091552734,87.84500122070312,40688
2026-07-31 11:52:00-04:00,87.76000213623047,87.76000213623047,87.82499694824219,87.73999786376953,87.82499694824219,39893
2026-07-31 11:53:00-04:00,87.74500274658203,87.74500274658203,87.76499938964844,87.73999786376953,87.75,35746
2026-07-31 11:54:00-04:00,87.65499877929688,87.65499877929688,87.73999786376953,87.63999938964844,87.73999786376953,68493
2026-07-31 11:55:00-04:00,87.59929656982422,87.59929656982422,87.66500091552734,87.58999633789062,87.66000366210938,41006
2026-07-31 11:56:00-04:00,87.57499694824219,87.57499694824219,87.61000061035156,87.56500244140625,87.58999633789062,35889
2026-07-31 11:57:00-04:00,87.61499786376953,87.61499786376953,87.62999725341797,87.55999755859375,87.56999969482422,28262
2026-07-31 11:58:00-04:00,87.69999694824219,87.69999694824219,87.69999694824219,87.62000274658203,87.62000274658203,36372
2026-07-31 11:59:00-04:00,87.70999908447266,87.70999908447266,87.73639678955078,87.69000244140625,87.70500183105469,31787
2026-07-31 12:00:00-04:00,87.62770080566406,87.62770080566406,87.69999694824219,87.62770080566406,87.69999694824219,16829
2026-07-31 12:01:00-04:00,87.62000274658203,87.62000274658203,87.625,87.58000183105469,87.625,21376
2026-07-31 12:02:00-04:00,87.66999816894531,87.66999816894531,87.66999816894531,87.61000061035156,87.62999725341797,11219
2026-07-31 12:03:00-04:00,87.6449966430664,87.6449966430664,87.66500091552734,87.61000061035156,87.66000366210938,18437
2026-07-31 12:04:00-04:00,87.69000244140625,87.69000244140625,87.70999908447266,87.62999725341797,87.6449966430664,14511
2026-07-31 12:05:00-04:00,87.65499877929688,87.65499877929688,87.70999908447266,87.65361022949219,87.69499969482422,13994
2026-07-31 12:06:00-04:00,87.66500091552734,87.66500091552734,87.67500305175781,87.62999725341797,87.6500015258789,17094
2026-07-31 12:07:00-04:00,87.61509704589844,87.61509704589844,87.67500305175781,87.61509704589844,87.66500091552734,19556
2026-07-31 12:08:00-04:00,87.6500015258789,87.6500015258789,87.6500015258789,87.58999633789062,87.61499786376953,20369
2026-07-31 12:09:00-04:00,87.63500213623047,87.63500213623047,87.65499877929688,87.625,87.65499877929688,9409
2026-07-31 12:10:00-04:00,87.63500213623047,87.63500213623047,87.6500015258789,87.61000061035156,87.63500213623047,22622
2026-07-31 12:11:00-04:00,87.63999938964844,87.63999938964844,87.67500305175781,87.63999938964844,87.63999938964844,21619
2026-07-31 12:12:00-04:00,87.625,87.625,87.63999938964844,87.61000061035156,87.62999725341797,31208
2026-07-31 12:13:00-04:00,87.61000061035156,87.61000061035156,87.6500015258789,87.61000061035156,87.62999725341797,13289
2026-07-31 12:14:00-04:00,87.58999633789062,87.58999633789062,87.63500213623047,87.58999633789062,87.61000061035156,17092
2026-07-31 12:15:00-04:00,87.58000183105469,87.58000183105469,87.58999633789062,87.54000091552734,87.58999633789062,15909
2026-07-31 12:16:00-04:00,87.5199966430664,87.5199966430664,87.58999633789062,87.5,87.58000183105469,21186
2026-07-31 12:17:00-04:00,87.49500274658203,87.49500274658203,87.52999877929688,87.49500274658203,87.5199966430664,11688
2026-07-31 12:18:00-04:00,87.50499725341797,87.50499725341797,87.51000213623047,87.45999908447266,87.48999786376953,18408
2026-07-31 12:19:00-04:00,87.4800033569336,87.4800033569336,87.50499725341797,87.46499633789062,87.5,19673
2026-07-31 12:20:00-04:00,87.5,87.5,87.5,87.4800033569336,87.48999786376953,11365
2026-07-31 12:21:00-04:00,87.5,87.5,87.5199966430664,87.47000122070312,87.49500274658203,16599
2026-07-31 12:22:00-04:00,87.43000030517578,87.43000030517578,87.48999786376953,87.43000030517578,87.48999786376953,9611
2026-07-31 12:23:00-04:00,87.49500274658203,87.49500274658203,87.49500274658203,87.41999816894531,87.43000030517578,24472
2026-07-31 12:24:00-04:00,87.4749984741211,87.4749984741211,87.50180053710938,87.4749984741211,87.5,8603
2026-07-31 12:25:00-04:00,87.53009796142578,87.53009796142578,87.54000091552734,87.47000122070312,87.4749984741211,11183
2026-07-31 12:26:00-04:00,87.51000213623047,87.51000213623047,87.54000091552734,87.50499725341797,87.52999877929688,16067
2026-07-31 12:27:00-04:00,87.45999908447266,87.45999908447266,87.51000213623047,87.44000244140625,87.51000213623047,15270
2026-07-31 12:28:00-04:00,87.45500183105469,87.45500183105469,87.46499633789062,87.43499755859375,87.45500183105469,9723
2026-07-31 12:29:00-04:00,87.41500091552734,87.41500091552734,87.45500183105469,87.41500091552734,87.45500183105469,10807
2026-07-31 12:30:00-04:00,87.37999725341797,87.37999725341797,87.42500305175781,87.36499786376953,87.41000366210938,17426
2026-07-31 12:31:00-04:00,87.41000366210938,87.41000366210938,87.41000366210938,87.3550033569336,87.37999725341797,18403
2026-07-31 12:32:00-04:00,87.31999969482422,87.31999969482422,87.4000015258789,87.31999969482422,87.4000015258789,18216
2026-07-31 12:33:00-04:00,87.3499984741211,87.3499984741211,87.37999725341797,87.31999969482422,87.31999969482422,11570
2026-07-31 12:34:00-04:00,87.41000366210938,87.41000366210938,87.41500091552734,87.3499984741211,87.3499984741211,11149
2026-07-31 12:35:00-04:00,87.44000244140625,87.44000244140625,87.45999908447266,87.3949966430664,87.41000366210938,18615
2026-07-31 12:36:00-04:00,87.38999938964844,87.38999938964844,87.44000244140625,87.38999938964844,87.44000244140625,10338
2026-07-31 12:37:00-04:00,87.33000183105469,87.33000183105469,87.37999725341797,87.30999755859375,87.37999725341797,13147
2026-07-31 12:38:00-04:00,87.33000183105469,87.33000183105469,87.37000274658203,87.30999755859375,87.31999969482422,17421
2026-07-31 12:39:00-04:00,87.3499984741211,87.3499984741211,87.3499984741211,87.31500244140625,87.33000183105469,14996
2026-07-31 12:40:00-04:00,87.375,87.375,87.38500213623047,87.3499984741211,87.3499984741211,16388
2026-07-31 12:41:00-04:00,87.41999816894531,87.41999816894531,87.43000030517578,87.37999725341797,87.37999725341797,15267
2026-07-31 12:42:00-04:00,87.42500305175781,87.42500305175781,87.48999786376953,87.42500305175781,87.44000244140625,11225
2026-07-31 12:43:00-04:00,87.45929718017578,87.45929718017578,87.46990203857422,87.41000366210938,87.41999816894531,9830
2026-07-31 12:44:00-04:00,87.47000122070312,87.47000122070312,87.5,87.45500183105469,87.45500183105469,15004
2026-07-31 12:45:00-04:00,87.44000244140625,87.44000244140625,87.4749984741211,87.43000030517578,87.47000122070312,12511
2026-07-31 12:46:00-04:00,87.45999908447266,87.45999908447266,87.4800033569336,87.43000030517578,87.43499755859375,21265
2026-07-31 12:47:00-04:00,87.45999908447266,87.45999908447266,87.47000122070312,87.44999694824219,87.45999908447266,15908
2026-07-31 12:48:00-04:00,87.44999694824219,87.44999694824219,87.47000122070312,87.44999694824219,87.45999908447266,12015
2026-07-31 12:49:00-04:00,87.44999694824219,87.44999694824219,87.46640014648438,87.44499969482422,87.44999694824219,6509
2026-07-31 12:50:00-04:00,87.4000015258789,87.4000015258789,87.44999694824219,87.4000015258789,87.44999694824219,17269
2026-07-31 12:51:00-04:00,87.34774017333984,87.34774017333984,87.4000015258789,87.33000183105469,87.3949966430664,27505
2026-07-31 12:52:00-04:00,87.4000015258789,87.4000015258789,87.4000015258789,87.3499984741211,87.3550033569336,23182
2026-07-31 12:53:00-04:00,87.42500305175781,87.42500305175781,87.4292984008789,87.4000015258789,87.4000015258789,7858
2026-07-31 12:54:00-04:00,87.41000366210938,87.41000366210938,87.43000030517578,87.40499877929688,87.41999816894531,18131
2026-07-31 12:55:00-04:00,87.38500213623047,87.38500213623047,87.4000015258789,87.375,87.4000015258789,9431
2026-07-31 12:56:00-04:00,87.35929870605469,87.35929870605469,87.3949966430664,87.3550033569336,87.38999938964844,18523
2026-07-31 12:57:00-04:00,87.3499984741211,87.3499984741211,87.36000061035156,87.33499908447266,87.3550033569336,35379
2026-07-31 12:58:00-04:00,87.33999633789062,87.33999633789062,87.34500122070312,87.33499908447266,87.33999633789062,9861
2026-07-31 12:59:00-04:00,87.33499908447266,87.33499908447266,87.3499984741211,87.31999969482422,87.33499908447266,20251
2026-07-31 13:00:00-04:00,87.34500122070312,87.34500122070312,87.35584259033203,87.32499694824219,87.33999633789062,33085
2026-07-31 13:01:00-04:00,87.34500122070312,87.34500122070312,87.36000061035156,87.33499908447266,87.34500122070312,16827
2026-07-31 13:02:00-04:00,87.34010314941406,87.34010314941406,87.36000061035156,87.33999633789062,87.34500122070312,9094
2026-07-31 13:03:00-04:00,87.33499908447266,87.33499908447266,87.36000061035156,87.33499908447266,87.3499984741211,13334
2026-07-31 13:04:00-04:00,87.33499908447266,87.33499908447266,87.33999633789062,87.33000183105469,87.33000183105469,6142
2026-07-31 13:05:00-04:00,87.29499816894531,87.29499816894531,87.33999633789062,87.29199981689453,87.33999633789062,17274
2026-07-31 13:06:00-04:00,87.30500030517578,87.30500030517578,87.31999969482422,87.29000091552734,87.30000305175781,13788
2026-07-31 13:07:00-04:00,87.33000183105469,87.33000183105469,87.33000183105469,87.30500030517578,87.30500030517578,29567
2026-07-31 13:08:00-04:00,87.33999633789062,87.33999633789062,87.37000274658203,87.33999633789062,87.36000061035156,20663
2026-07-31 13:09:00-04:00,87.36499786376953,87.36499786376953,87.37999725341797,87.33499908447266,87.34500122070312,11228
2026-07-31 13:10:00-04:00,87.3499984741211,87.3499984741211,87.37989807128906,87.33999633789062,87.36499786376953,10490
2026-07-31 13:11:00-04:00,87.31500244140625,87.31500244140625,87.3499984741211,87.31500244140625,87.3499984741211,25759
2026-07-31 13:12:00-04:00,87.30500030517578,87.30500030517578,87.31999969482422,87.29499816894531,87.31500244140625,11215
2026-07-31 13:13:00-04:00,87.30999755859375,87.30999755859375,87.33499908447266,87.30000305175781,87.30999755859375,13468
2026-07-31 13:14:00-04:00,87.31500244140625,87.31500244140625,87.31999969482422,87.29000091552734,87.30999755859375,8278
2026-07-31 13:15:00-04:00,87.26000213623047,87.26000213623047,87.31999969482422,87.23500061035156,87.30999755859375,20020
2026-07-31 13:16:00-04:00,87.27999877929688,87.27999877929688,87.28500366210938,87.25,87.26000213623047,19512
2026-07-31 13:17:00-04:00,87.28500366210938,87.28500366210938,87.28929901123047,87.25,87.27069854736328,8991
2026-07-31 13:18:00-04:00,87.28500366210938,87.28500366210938,87.30500030517578,87.27999877929688,87.29000091552734,11199
2026-07-31 13:19:00-04:00,87.26000213623047,87.26000213623047,87.29000091552734,87.25499725341797,87.28500366210938,14831
2026-07-31 13:20:00-04:00,87.25499725341797,87.25499725341797,87.2699966430664,87.25,87.25499725341797,9374
2026-07-31 13:21:00-04:00,87.26000213623047,87.26000213623047,87.2699966430664,87.23999786376953,87.25499725341797,15522
2026-07-31 13:22:00-04:00,87.24500274658203,87.24500274658203,87.27999877929688,87.24500274658203,87.25499725341797,12899
2026-07-31 13:23:00-04:00,87.2699966430664,87.2699966430664,87.27999877929688,87.2300033569336,87.23999786376953,18517
2026-07-31 13:24:00-04:00,87.24500274658203,87.24500274658203,87.30000305175781,87.24500274658203,87.26000213623047,12272
2026-07-31 13:25:00-04:00,87.22000122070312,87.22000122070312,87.25509643554688,87.22000122070312,87.23999786376953,19080
2026-07-31 13:26:00-04:00,87.2300033569336,87.2300033569336,87.25,87.2300033569336,87.23500061035156,12751
2026-07-31 13:27:00-04:00,87.260498046875,87.260498046875,87.2698974609375,87.2249984741211,87.2300033569336,11087
2026-07-31 13:28:00-04:00,87.30000305175781,87.30000305175781,87.30999755859375,87.26000213623047,87.26499938964844,12145
2026-07-31 13:29:00-04:00,87.25,87.25,87.30500030517578,87.24500274658203,87.30000305175781,8927
2026-07-31 13:30:00-04:00,87.2750015258789,87.2750015258789,87.2750015258789,87.23999786376953,87.25,11826
2026-07-31 13:31:00-04:00,87.25,87.25,87.2750015258789,87.25,87.2750015258789,9872
2026-07-31 13:32:00-04:00,87.23999786376953,87.23999786376953,87.2699966430664,87.2300033569336,87.24500274658203,13496
2026-07-31 13:33:00-04:00,87.2300033569336,87.2300033569336,87.24500274658203,87.22000122070312,87.23999786376953,11773
2026-07-31 13:34:00-04:00,87.25,87.25,87.25,87.22000122070312,87.22119903564453,12652
2026-07-31 13:35:00-04:00,87.23999786376953,87.23999786376953,87.25,87.22000122070312,87.23999786376953,12322
2026-07-31 13:36:00-04:00,87.26000213623047,87.26000213623047,87.30000305175781,87.26000213623047,87.26000213623047,19729
2026-07-31 13:37:00-04:00,87.21499633789062,87.21499633789062,87.26000213623047,87.20999908447266,87.26000213623047,12358
2026-07-31 13:38:00-04:00,87.23500061035156,87.23500061035156,87.23999786376953,87.20999908447266,87.20999908447266,11641
2026-07-31 13:39:00-04:00,87.30500030517578,87.30500030517578,87.30999755859375,87.23999786376953,87.25,10280
2026-07-31 13:40:00-04:00,87.25,87.25,87.31999969482422,87.25,87.30500030517578,10717
2026-07-31 13:41:00-04:00,87.25499725341797,87.25499725341797,87.2699966430664,87.2249984741211,87.25,13460
2026-07-31 13:42:00-04:00,87.2699966430664,87.2699966430664,87.28500366210938,87.23999786376953,87.23999786376953,12172
2026-07-31 13:43:00-04:00,87.26000213623047,87.26000213623047,87.27999877929688,87.26000213623047,87.2699966430664,17299
2026-07-31 13:44:00-04:00,87.31999969482422,87.31999969482422,87.31999969482422,87.23500061035156,87.23999786376953,27105
2026-07-31 13:45:00-04:00,87.29499816894531,87.29499816894531,87.33000183105469,87.29000091552734,87.30500030517578,17681
2026-07-31 13:46:00-04:00,87.33000183105469,87.33000183105469,87.33499908447266,87.28500366210938,87.29499816894531,38316
2026-07-31 13:47:00-04:00,87.37000274658203,87.37000274658203,87.37000274658203,87.33000183105469,87.33000183105469,10119
2026-07-31 13:48:00-04:00,87.3949966430664,87.3949966430664,87.4000015258789,87.36000061035156,87.37000274658203,11338
2026-07-31 13:49:00-04:00,87.37000274658203,87.37000274658203,87.4000015258789,87.37000274658203,87.38999938964844,13911
2026-07-31 13:50:00-04:00,87.3949966430664,87.3949966430664,87.4000015258789,87.37000274658203,87.37000274658203,12772
2026-07-31 13:51:00-04:00,87.37000274658203,87.37000274658203,87.4000015258789,87.3499984741211,87.38999938964844,12950
2026-07-31 13:52:00-04:00,87.34452819824219,87.34452819824219,87.38999938964844,87.33999633789062,87.37000274658203,23343
2026-07-31 13:53:00-04:00,87.37999725341797,87.37999725341797,87.38999938964844,87.33999633789062,87.33999633789062,14546
2026-07-31 13:54:00-04:00,87.3499984741211,87.3499984741211,87.375,87.34500122070312,87.375,16453
2026-07-31 13:55:00-04:00,87.31999969482422,87.31999969482422,87.33999633789062,87.29750061035156,87.33999633789062,12024
2026-07-31 13:56:00-04:00,87.31500244140625,87.31500244140625,87.31999969482422,87.30000305175781,87.30999755859375,10099
2026-07-31 13:57:00-04:00,87.33499908447266,87.33499908447266,87.34500122070312,87.31050109863281,87.31050109863281,6951
2026-07-31 13:58:00-04:00,87.3499984741211,87.3499984741211,87.36000061035156,87.33000183105469,87.33499908447266,10793
2026-07-31 13:59:00-04:00,87.33000183105469,87.33000183105469,87.37000274658203,87.33000183105469,87.36000061035156,19925
2026-07-31 14:00:00-04:00,87.3550033569336,87.3550033569336,87.36000061035156,87.32499694824219,87.32499694824219,13026
2026-07-31 14:01:00-04:00,87.41999816894531,87.41999816894531,87.44000244140625,87.3499984741211,87.3550033569336,17402
2026-07-31 14:02:00-04:00,87.45989990234375,87.45989990234375,87.46499633789062,87.41999816894531,87.43000030517578,11643
2026-07-31 14:03:00-04:00,87.50499725341797,87.50499725341797,87.50499725341797,87.44999694824219,87.45999908447266,20342
2026-07-31 14:04:00-04:00,87.49500274658203,87.49500274658203,87.5199966430664,87.4800033569336,87.50499725341797,31343
2026-07-31 14:05:00-04:00,87.48500061035156,87.48500061035156,87.5,87.4800033569336,87.49500274658203,10371
2026-07-31 14:06:00-04:00,87.48999786376953,87.48999786376953,87.50499725341797,87.46499633789062,87.48999786376953,12565
2026-07-31 14:07:00-04:00,87.5199966430664,87.5199966430664,87.52999877929688,87.48500061035156,87.49500274658203,13811
2026-07-31 14:08:00-04:00,87.58000183105469,87.58000183105469,87.58000183105469,87.52999877929688,87.52999877929688,12396
2026-07-31 14:09:00-04:00,87.62999725341797,87.62999725341797,87.63500213623047,87.58499908447266,87.58999633789062,15528
2026-07-31 14:10:00-04:00,87.69499969482422,87.69499969482422,87.69499969482422,87.62000274658203,87.62000274658203,14991
2026-07-31 14:11:00-04:00,87.69000244140625,87.69000244140625,87.70500183105469,87.68499755859375,87.69999694824219,12604
2026-07-31 14:12:00-04:00,87.67500305175781,87.67500305175781,87.70500183105469,87.67500305175781,87.69499969482422,15501
2026-07-31 14:13:00-04:00,87.68000030517578,87.68000030517578,87.69999694824219,87.66999816894531,87.67500305175781,18196
2026-07-31 14:14:00-04:00,87.67500305175781,87.67500305175781,87.70500183105469,87.67500305175781,87.68499755859375,10082
2026-07-31 14:15:00-04:00,87.57499694824219,87.57499694824219,87.68499755859375,87.57499694824219,87.68000030517578,69158
2026-07-31 14:16:00-04:00,87.55000305175781,87.55000305175781,87.57499694824219,87.55000305175781,87.57270050048828,15614
2026-07-31 14:17:00-04:00,87.53500366210938,87.53500366210938,87.55500030517578,87.5199966430664,87.55000305175781,29896
2026-07-31 14:18:00-04:00,87.54000091552734,87.54000091552734,87.55999755859375,87.53019714355469,87.53019714355469,14077
2026-07-31 14:19:00-04:00,87.57499694824219,87.57499694824219,87.57499694824219,87.54499816894531,87.54499816894531,11758
2026-07-31 14:20:00-04:00,87.58000183105469,87.58000183105469,87.625,87.57499694824219,87.58000183105469,89230
2026-07-31 14:21:00-04:00,87.58499908447266,87.58499908447266,87.59500122070312,87.58000183105469,87.58999633789062,8658
2026-07-31 14:22:00-04:00,87.58499908447266,87.58499908447266,87.58999633789062,87.56500244140625,87.58000183105469,8948
2026-07-31 14:23:00-04:00,87.58999633789062,87.58999633789062,87.61000061035156,87.58000183105469,87.58499908447266,17728
2026-07-31 14:24:00-04:00,87.58499908447266,87.58499908447266,87.5999984741211,87.56999969482422,87.5999984741211,20319
2026-07-31 14:25:00-04:00,87.58999633789062,87.58999633789062,87.5999984741211,87.58000183105469,87.58000183105469,14685
2026-07-31 14:26:00-04:00,87.6050033569336,87.6050033569336,87.6050033569336,87.58000183105469,87.5999984741211,11298
2026-07-31 14:27:00-04:00,87.62999725341797,87.62999725341797,87.62999725341797,87.58999633789062,87.5999984741211,12006
2026-07-31 14:28:00-04:00,87.6449966430664,87.6449966430664,87.6449966430664,87.62000274658203,87.63500213623047,14436
2026-07-31 14:29:00-04:00,87.63999938964844,87.63999938964844,87.66500091552734,87.62000274658203,87.6449966430664,17431
2026-07-31 14:30:00-04:00,87.5999984741211,87.5999984741211,87.63500213623047,87.59500122070312,87.63500213623047,17900
2026-07-31 14:31:00-04:00,87.57499694824219,87.57499694824219,87.5999984741211,87.57499694824219,87.59500122070312,16426
2026-07-31 14:32:00-04:00,87.55999755859375,87.55999755859375,87.58499908447266,87.55000305175781,87.58000183105469,9134
2026-07-31 14:33:00-04:00,87.55000305175781,87.55000305175781,87.55000305175781,87.52999877929688,87.55000305175781,13798
2026-07-31 14:34:00-04:00,87.58499908447266,87.58499908447266,87.58999633789062,87.54000091552734,87.54000091552734,15377
2026-07-31 14:35:00-04:00,87.58999633789062,87.58999633789062,87.61499786376953,87.58499908447266,87.58499908447266,15111
2026-07-31 14:36:00-04:00,87.6050033569336,87.6050033569336,87.62000274658203,87.58100128173828,87.59500122070312,21323
2026-07-31 14:37:00-04:00,87.58000183105469,87.58000183105469,87.625,87.56999969482422,87.6050033569336,14773
2026-07-31 14:38:00-04:00,87.56500244140625,87.56500244140625,87.56999969482422,87.52999877929688,87.56999969482422,10060
2026-07-31 14:39:00-04:00,87.58999633789062,87.58999633789062,87.5999984741211,87.56500244140625,87.56500244140625,7681
2026-07-31 14:40:00-04:00,87.63999938964844,87.63999938964844,87.63999938964844,87.58999633789062,87.58999633789062,13371
2026-07-31 14:41:00-04:00,87.59500122070312,87.59500122070312,87.63999938964844,87.58999633789062,87.63999938964844,21679
2026-07-31 14:42:00-04:00,87.61000061035156,87.61000061035156,87.61499786376953,87.58499908447266,87.59500122070312,12633
2026-07-31 14:43:00-04:00,87.6050033569336,87.6050033569336,87.61499786376953,87.59500122070312,87.60199737548828,8241
2026-07-31 14:44:00-04:00,87.62000274658203,87.62000274658203,87.62000274658203,87.59500122070312,87.61000061035156,9031
2026-07-31 14:45:00-04:00,87.57119750976562,87.57119750976562,87.625,87.55999755859375,87.625,19189
2026-07-31 14:46:00-04:00,87.59500122070312,87.59500122070312,87.6050033569336,87.58000183105469,87.58000183105469,10773
2026-07-31 14:47:00-04:00,87.58499908447266,87.58499908447266,87.59500122070312,87.57489776611328,87.58999633789062,9356
2026-07-31 14:48:00-04:00,87.58000183105469,87.58000183105469,87.5999984741211,87.58000183105469,87.58999633789062,11572
2026-07-31 14:49:00-04:00,87.56999969482422,87.56999969482422,87.58000183105469,87.56999969482422,87.57499694824219,10677
2026-07-31 14:50:00-04:00,87.55000305175781,87.55000305175781,87.55999755859375,87.52999877929688,87.55999755859375,11200
2026-07-31 14:51:00-04:00,87.5250015258789,87.5250015258789,87.53500366210938,87.5199966430664,87.53500366210938,4300
2026-07-31 14:52:00-04:00,87.5250015258789,87.5250015258789,87.5250015258789,87.48999786376953,87.5199966430664,25617
2026-07-31 14:53:00-04:00,87.53500366210938,87.53500366210938,87.55000305175781,87.52999877929688,87.52999877929688,11529
2026-07-31 14:54:00-04:00,87.53500366210938,87.53500366210938,87.54499816894531,87.52999877929688,87.53500366210938,12696
2026-07-31 14:55:00-04:00,87.58000183105469,87.58000183105469,87.58000183105469,87.52999877929688,87.52999877929688,12229
2026-07-31 14:56:00-04:00,87.61499786376953,87.61499786376953,87.62999725341797,87.59500122070312,87.59500122070312,38037
2026-07-31 14:57:00-04:00,87.58999633789062,87.58999633789062,87.62000274658203,87.58999633789062,87.61499786376953,9970
2026-07-31 14:58:00-04:00,87.58499908447266,87.58499908447266,87.59500122070312,87.56999969482422,87.58499908447266,13396
2026-07-31 14:59:00-04:00,87.57499694824219,87.57499694824219,87.59500122070312,87.56999969482422,87.58999633789062,10565
2026-07-31 15:00:00-04:00,87.58000183105469,87.58000183105469,87.58499908447266,87.54499816894531,87.58000183105469,16707
2026-07-31 15:01:00-04:00,87.56500244140625,87.56500244140625,87.58499908447266,87.55000305175781,87.58499908447266,20263
2026-07-31 15:02:00-04:00,87.53500366210938,87.53500366210938,87.55999755859375,87.50499725341797,87.55999755859375,17826
2026-07-31 15:03:00-04:00,87.53500366210938,87.53500366210938,87.55000305175781,87.5199966430664,87.52999877929688,9043
2026-07-31 15:04:00-04:00,87.55999755859375,87.55999755859375,87.56500244140625,87.5199966430664,87.53500366210938,14096
2026-07-31 15:05:00-04:00,87.58999633789062,87.58999633789062,87.6050033569336,87.55999755859375,87.55999755859375,11579
2026-07-31 15:06:00-04:00,87.5999984741211,87.5999984741211,87.61499786376953,87.58000183105469,87.58999633789062,8586
2026-07-31 15:07:00-04:00,87.62000274658203,87.62000274658203,87.67500305175781,87.6050033569336,87.6050033569336,16584
2026-07-31 15:08:00-04:00,87.66000366210938,87.66000366210938,87.66999816894531,87.62999725341797,87.62999725341797,20210
2026-07-31 15:09:00-04:00,87.68000030517578,87.68000030517578,87.69000244140625,87.66000366210938,87.66000366210938,20345
2026-07-31 15:10:00-04:00,87.70999908447266,87.70999908447266,87.7249984741211,87.66999816894531,87.67500305175781,19397
2026-07-31 15:11:00-04:00,87.72000122070312,87.72000122070312,87.73999786376953,87.70500183105469,87.7249984741211,17911
2026-07-31 15:12:00-04:00,87.71499633789062,87.71499633789062,87.74500274658203,87.71499633789062,87.7249984741211,20146
2026-07-31 15:13:00-04:00,87.70999908447266,87.70999908447266,87.7249984741211,87.70500183105469,87.72000122070312,9421
2026-07-31 15:14:00-04:00,87.70500183105469,87.70500183105469,87.70999908447266,87.69999694824219,87.70999908447266,5250
2026-07-31 15:15:00-04:00,87.69999694824219,87.69999694824219,87.71499633789062,87.69000244140625,87.70500183105469,25592
2026-07-31 15:16:00-04:00,87.7249984741211,87.7249984741211,87.7249984741211,87.68000030517578,87.70500183105469,18849
2026-07-31 15:17:00-04:00,87.72000122070312,87.72000122070312,87.74500274658203,87.72000122070312,87.7249984741211,11931
2026-07-31 15:18:00-04:00,87.74500274658203,87.74500274658203,87.75499725341797,87.72000122070312,87.7249984741211,14705
2026-07-31 15:19:00-04:00,87.80000305175781,87.80000305175781,87.80999755859375,87.7300033569336,87.74500274658203,21176
2026-07-31 15:20:00-04:00,87.81500244140625,87.81500244140625,87.83000183105469,87.79000091552734,87.80000305175781,17090
2026-07-31 15:21:00-04:00,87.82499694824219,87.82499694824219,87.82679748535156,87.80500030517578,87.81500244140625,21330
2026-07-31 15:22:00-04:00,87.82499694824219,87.82499694824219,87.83000183105469,87.80999755859375,87.81999969482422,14965
2026-07-31 15:23:00-04:00,87.83899688720703,87.83899688720703,87.86000061035156,87.79499816894531,87.81999969482422,18530
2026-07-31 15:24:00-04:00,87.86499786376953,87.86499786376953,87.87000274658203,87.81999969482422,87.82499694824219,19959
2026-07-31 15:25:00-04:00,87.875,87.875,87.91999816894531,87.87000274658203,87.87000274658203,19266
2026-07-31 15:26:00-04:00,87.83999633789062,87.83999633789062,87.87999725341797,87.83000183105469,87.87999725341797,22201
2026-07-31 15:27:00-04:00,87.84700012207031,87.84700012207031,87.8489990234375,87.80999755859375,87.83499908447266,20065
2026-07-31 15:28:00-04:00,87.78500366210938,87.78500366210938,87.84500122070312,87.77999877929688,87.84500122070312,19072
2026-07-31 15:29:00-04:00,87.73500061035156,87.73500061035156,87.78500366210938,87.73500061035156,87.78500366210938,21091
2026-07-31 15:30:00-04:00,87.70500183105469,87.70500183105469,87.73500061035156,87.69000244140625,87.7300033569336,34678
2026-07-31 15:31:00-04:00,87.73560333251953,87.73560333251953,87.76499938964844,87.70899963378906,87.70899963378906,17632
2026-07-31 15:32:00-04:00,87.73999786376953,87.73999786376953,87.76499938964844,87.72000122070312,87.73999786376953,16950
2026-07-31 15:33:00-04:00,87.73500061035156,87.73500061035156,87.73899841308594,87.70999908447266,87.73500061035156,18401
2026-07-31 15:34:00-04:00,87.73500061035156,87.73500061035156,87.76000213623047,87.72000122070312,87.73899841308594,23737
2026-07-31 15:35:00-04:00,87.75499725341797,87.75499725341797,87.80000305175781,87.7300033569336,87.73999786376953,30796
2026-07-31 15:36:00-04:00,87.76499938964844,87.76499938964844,87.79000091552734,87.74500274658203,87.75,16607
2026-07-31 15:37:00-04:00,87.76119995117188,87.76119995117188,87.78500366210938,87.76000213623047,87.76010131835938,13366
2026-07-31 15:38:00-04:00,87.81999969482422,87.81999969482422,87.83999633789062,87.76000213623047,87.7699966430664,19196
2026-07-31 15:39:00-04:00,87.875,87.875,87.8949966430664,87.81999969482422,87.81999969482422,27834
2026-07-31 15:40:00-04:00,87.87000274658203,87.87000274658203,87.9000015258789,87.86499786376953,87.87950134277344,24538
2026-07-31 15:41:00-04:00,87.87999725341797,87.87999725341797,87.88500213623047,87.83899688720703,87.875,27175
2026-07-31 15:42:00-04:00,87.87000274658203,87.87000274658203,87.91500091552734,87.87000274658203,87.8949966430664,19721
2026-07-31 15:43:00-04:00,87.8499984741211,87.8499984741211,87.87000274658203,87.83999633789062,87.86900329589844,29713
2026-07-31 15:44:00-04:00,87.86900329589844,87.86900329589844,87.875,87.83999633789062,87.8499984741211,26882
2026-07-31 15:45:00-04:00,87.78500366210938,87.78500366210938,87.87000274658203,87.78500366210938,87.86000061035156,39799
2026-07-31 15:46:00-04:00,87.81500244140625,87.81500244140625,87.81500244140625,87.77999877929688,87.78900146484375,26913
2026-07-31 15:47:00-04:00,87.83000183105469,87.83000183105469,87.8499984741211,87.80999755859375,87.81999969482422,31350
2026-07-31 15:48:00-04:00,87.81999969482422,87.81999969482422,87.85900115966797,87.81999969482422,87.83899688720703,42824
2026-07-31 15:49:00-04:00,87.78500366210938,87.78500366210938,87.83999633789062,87.78500366210938,87.81999969482422,39942
2026-07-31 15:50:00-04:00,87.68499755859375,87.68499755859375,87.78500366210938,87.66500091552734,87.78500366210938,98494
2026-07-31 15:51:00-04:00,87.61000061035156,87.61000061035156,87.68499755859375,87.58999633789062,87.68000030517578,53526
2026-07-31 15:52:00-04:00,87.5989990234375,87.5989990234375,87.62000274658203,87.57499694824219,87.58999633789062,39956
2026-07-31 15:53:00-04:00,87.55500030517578,87.55500030517578,87.62999725341797,87.55000305175781,87.58999633789062,41491
2026-07-31 15:54:00-04:00,87.55500030517578,87.55500030517578,87.5999984741211,87.54000091552734,87.55000305175781,69734
2026-07-31 15:55:00-04:00,87.57499694824219,87.57499694824219,87.61499786376953,87.44999694824219,87.55500030517578,141799
2026-07-31 15:56:00-04:00,87.54499816894531,87.54499816894531,87.6050033569336,87.53500366210938,87.57499694824219,88286
2026-07-31 15:57:00-04:00,87.55000305175781,87.55000305175781,87.6050033569336,87.5199966430664,87.54499816894531,120488
2026-07-31 15:58:00-04:00,87.66000366210938,87.66000366210938,87.69999694824219,87.54000091552734,87.5593032836914,170052
2026-07-31 15:59:00-04:00,87.58999633789062,87.58999633789062,87.66500091552734,87.55000305175781,87.66500091552734,312585
