Datetime,Adj Close,Close,High,Low,Open,Volume
2026-07-23 09:30:00-04:00,388.739990234375,388.739990234375,390.8399963378906,388.1099853515625,389.9649963378906,1230318
2026-07-23 09:31:00-04:00,388.4100036621094,388.4100036621094,388.739990234375,387.75,388.739990234375,113031
2026-07-23 09:32:00-04:00,390.0224914550781,390.0224914550781,390.1000061035156,388.1050109863281,388.44000244140625,141117
2026-07-23 09:33:00-04:00,389.8599853515625,389.8599853515625,391.25,389.57000732421875,390.1099853515625,157087
2026-07-23 09:34:00-04:00,391.5,391.5,391.7799987792969,389.82000732421875,389.8999938964844,173254
2026-07-23 09:35:00-04:00,389.7699890136719,389.7699890136719,391.54998779296875,389.44000244140625,391.4750061035156,98560
2026-07-23 09:36:00-04:00,388.6199951171875,388.6199951171875,389.9599914550781,388.375,389.8275146484375,130907
2026-07-23 09:37:00-04:00,387.55999755859375,387.55999755859375,388.69000244140625,387.2900085449219,388.614990234375,175444
2026-07-23 09:38:00-04:00,387.9100036621094,387.9100036621094,388.04998779296875,387.1499938964844,387.55499267578125,145226
2026-07-23 09:39:00-04:00,388.67498779296875,388.67498779296875,388.9100036621094,387.875,387.8893127441406,140071
2026-07-23 09:40:00-04:00,388.56500244140625,388.56500244140625,389.05999755859375,388.489990234375,388.6650085449219,81648
2026-07-23 09:41:00-04:00,389.2099914550781,389.2099914550781,389.2699890136719,388.090087890625,388.5,89092
2026-07-23 09:42:00-04:00,389.1400146484375,389.1400146484375,389.57000732421875,388.82000732421875,389.0899963378906,86148
2026-07-23 09:43:00-04:00,388.68499755859375,388.68499755859375,389.3299865722656,388.6300048828125,389.19989013671875,86770
2026-07-23 09:44:00-04:00,388.2430114746094,388.2430114746094,389.1099853515625,388.1400146484375,388.69000244140625,108668
2026-07-23 09:45:00-04:00,388.82000732421875,388.82000732421875,389.25,388.20001220703125,388.20001220703125,175905
2026-07-23 09:46:00-04:00,388.9200134277344,388.9200134277344,389.3599853515625,388.6199951171875,388.8599853515625,150717
2026-07-23 09:47:00-04:00,389.07000732421875,389.07000732421875,389.25,388.8500061035156,388.9200134277344,103276
2026-07-23 09:48:00-04:00,388.885009765625,388.885009765625,389.0400085449219,388.0,389.0400085449219,93502
2026-07-23 09:49:00-04:00,388.69000244140625,388.69000244140625,389.239990234375,388.6000061035156,388.92999267578125,78591
2026-07-23 09:50:00-04:00,389.20001220703125,389.20001220703125,389.2799987792969,388.70001220703125,388.7699890136719,84747
2026-07-23 09:51:00-04:00,389.2650146484375,389.2650146484375,389.44000244140625,388.8500061035156,389.1650085449219,103217
2026-07-23 09:52:00-04:00,389.07501220703125,389.07501220703125,389.4800109863281,388.8800048828125,389.3599853515625,86940
2026-07-23 09:53:00-04:00,388.4949951171875,388.4949951171875,389.20001220703125,388.385009765625,389.07501220703125,129936
2026-07-23 09:54:00-04:00,388.4800109863281,388.4800109863281,388.67999267578125,388.32000732421875,388.4949951171875,55719
2026-07-23 09:55:00-04:00,389.1300048828125,389.1300048828125,389.19000244140625,388.55499267578125,388.6000061035156,59705
2026-07-23 09:56:00-04:00,388.55999755859375,388.55999755859375,389.2699890136719,388.5299987792969,389.1199951171875,55694
2026-07-23 09:57:00-04:00,389.2998962402344,389.2998962402344,389.2998962402344,388.36041259765625,388.55499267578125,53492
2026-07-23 09:58:00-04:00,389.07000732421875,389.07000732421875,389.3500061035156,388.739990234375,389.2200012207031,72528
2026-07-23 09:59:00-04:00,388.30999755859375,388.30999755859375,389.0799865722656,388.260009765625,389.0799865722656,110463
2026-07-23 10:00:00-04:00,388.4150085449219,388.4150085449219,388.9100036621094,388.2300109863281,388.3699951171875,109177
2026-07-23 10:01:00-04:00,387.8299865722656,387.8299865722656,388.42999267578125,387.6000061035156,388.4150085449219,87861
2026-07-23 10:02:00-04:00,387.6000061035156,387.6000061035156,387.8800048828125,387.1499938964844,387.8399963378906,91442
2026-07-23 10:03:00-04:00,387.5,387.5,387.7749938964844,387.3500061035156,387.6700134277344,67017
2026-07-23 10:04:00-04:00,387.5,387.5,387.8399963378906,387.3800048828125,387.5350036621094,54498
2026-07-23 10:05:00-04:00,387.2799987792969,387.2799987792969,387.6000061035156,386.6600036621094,387.489990234375,103313
2026-07-23 10:06:00-04:00,387.4800109863281,387.4800109863281,387.6400146484375,387.1900939941406,387.2900085449219,48387
2026-07-23 10:07:00-04:00,386.6600036621094,386.6600036621094,387.4949951171875,386.6600036621094,387.4849853515625,46114
2026-07-23 10:08:00-04:00,385.93499755859375,385.93499755859375,386.7900085449219,385.79998779296875,386.6400146484375,106820
2026-07-23 10:09:00-04:00,385.6600036621094,385.6600036621094,385.94000244140625,385.3900146484375,385.93499755859375,110219
2026-07-23 10:10:00-04:00,385.5299987792969,385.5299987792969,386.04998779296875,385.5199890136719,385.6000061035156,93291
2026-07-23 10:11:00-04:00,385.4100036621094,385.4100036621094,385.5400085449219,384.8999938964844,385.5400085449219,173043
2026-07-23 10:12:00-04:00,384.9200134277344,384.9200134277344,385.4100036621094,384.82000732421875,385.3999938964844,80542
2026-07-23 10:13:00-04:00,384.3399963378906,384.3399963378906,385.0,384.2799987792969,384.95001220703125,89391
2026-07-23 10:14:00-04:00,384.2149963378906,384.2149963378906,384.4299011230469,383.83050537109375,384.3117980957031,107252
2026-07-23 10:15:00-04:00,383.4549865722656,383.4549865722656,384.2099914550781,383.2699890136719,384.2099914550781,99314
2026-07-23 10:16:00-04:00,383.489990234375,383.489990234375,383.6499938964844,383.0299987792969,383.4700012207031,113707
2026-07-23 10:17:00-04:00,384.0,384.0,384.3999938964844,383.3500061035156,383.489990234375,127289
2026-07-23 10:18:00-04:00,384.19500732421875,384.19500732421875,384.34991455078125,383.8699951171875,383.8841857910156,57825
2026-07-23 10:19:00-04:00,383.29998779296875,383.29998779296875,384.2900085449219,383.29998779296875,384.2099914550781,129146
2026-07-23 10:20:00-04:00,383.3999938964844,383.3999938964844,383.57000732421875,383.20001220703125,383.34869384765625,57518
2026-07-23 10:21:00-04:00,383.5899963378906,383.5899963378906,383.75,383.0799865722656,383.3999938964844,79656
2026-07-23 10:22:00-04:00,383.9800109863281,383.9800109863281,384.1000061035156,383.44879150390625,383.5299987792969,58775
2026-07-23 10:23:00-04:00,383.4750061035156,383.4750061035156,384.0,383.3800048828125,383.9400939941406,51459
2026-07-23 10:24:00-04:00,383.489990234375,383.489990234375,384.0,383.1300048828125,383.5199890136719,104827
2026-07-23 10:25:00-04:00,383.29998779296875,383.29998779296875,383.5,383.2099914550781,383.5,65247
2026-07-23 10:26:00-04:00,383.125,383.125,383.3999938964844,382.9200134277344,383.3299865722656,86727
2026-07-23 10:27:00-04:00,383.06451416015625,383.06451416015625,383.30999755859375,382.8999938964844,383.125,50772
2026-07-23 10:28:00-04:00,383.114990234375,383.114990234375,383.3699951171875,382.9700012207031,383.0902099609375,60774
2026-07-23 10:29:00-04:00,383.2200012207031,383.2200012207031,383.4100036621094,383.0,383.1099853515625,58655
2026-07-23 10:30:00-04:00,383.3699951171875,383.3699951171875,383.489990234375,383.1099853515625,383.20001220703125,81312
2026-07-23 10:31:00-04:00,383.7900085449219,383.7900085449219,384.0,383.3699951171875,383.3999938964844,63302
2026-07-23 10:32:00-04:00,383.6199951171875,383.6199951171875,384.09991455078125,383.6000061035156,383.8550109863281,45319
2026-07-23 10:33:00-04:00,382.7799987792969,382.7799987792969,383.6199951171875,382.75,383.5400085449219,199146
2026-07-23 10:34:00-04:00,382.4599914550781,382.4599914550781,382.8399963378906,382.3999938964844,382.8399963378906,139760
2026-07-23 10:35:00-04:00,382.3299865722656,382.3299865722656,382.510009765625,382.1000061035156,382.5,63733
2026-07-23 10:36:00-04:00,382.2250061035156,382.2250061035156,382.3800048828125,382.010009765625,382.2950134277344,60441
2026-07-23 10:37:00-04:00,382.5350036621094,382.5350036621094,382.6700134277344,382.19000244140625,382.2998962402344,71451
2026-07-23 10:38:00-04:00,382.4750061035156,382.4750061035156,382.6499938964844,382.20001220703125,382.5450134277344,53750
2026-07-23 10:39:00-04:00,382.6300048828125,382.6300048828125,383.0899963378906,382.489990234375,382.5150146484375,63250
2026-07-23 10:40:00-04:00,381.79998779296875,381.79998779296875,382.7300109863281,381.7200012207031,382.5899963378906,108652
2026-07-23 10:41:00-04:00,381.17999267578125,381.17999267578125,381.8599853515625,380.8800048828125,381.7850036621094,77270
2026-07-23 10:42:00-04:00,380.5450134277344,380.5450134277344,381.1841125488281,380.3900146484375,381.15179443359375,69853
2026-07-23 10:43:00-04:00,379.9949951171875,379.9949951171875,380.5400085449219,379.8700866699219,380.5,218155
2026-07-23 10:44:00-04:00,379.8900146484375,379.8900146484375,380.0,379.5899963378906,379.9574890136719,92290
2026-07-23 10:45:00-04:00,380.260009765625,380.260009765625,380.54998779296875,379.7799987792969,379.864990234375,114246
2026-07-23 10:46:00-04:00,379.9700012207031,379.9700012207031,380.2998962402344,379.8299865722656,380.2998962402344,91312
2026-07-23 10:47:00-04:00,380.05999755859375,380.05999755859375,380.3999938964844,379.989990234375,379.989990234375,69190
2026-07-23 10:48:00-04:00,379.82000732421875,379.82000732421875,380.1199951171875,379.79998779296875,380.0545959472656,55355
2026-07-23 10:49:00-04:00,379.5,379.5,379.8500061035156,379.4200134277344,379.79998779296875,79234
2026-07-23 10:50:00-04:00,379.489990234375,379.489990234375,379.739990234375,379.4200134277344,379.5,98244
2026-07-23 10:51:00-04:00,379.2699890136719,379.2699890136719,379.5249938964844,379.1300048828125,379.5,94530
2026-07-23 10:52:00-04:00,379.2650146484375,379.2650146484375,379.5,379.17999267578125,379.239990234375,76479
2026-07-23 10:53:00-04:00,379.55499267578125,379.55499267578125,379.6600036621094,379.1650085449219,379.25,70421
2026-07-23 10:54:00-04:00,379.80999755859375,379.80999755859375,379.8800048828125,379.4200134277344,379.5299987792969,109418
2026-07-23 10:55:00-04:00,379.82000732421875,379.82000732421875,379.92999267578125,379.6499938964844,379.80999755859375,74272
2026-07-23 10:56:00-04:00,379.6600036621094,379.6600036621094,379.8599853515625,379.5400085449219,379.8599853515625,64529
2026-07-23 10:57:00-04:00,379.57989501953125,379.57989501953125,379.9100036621094,379.5,379.6300048828125,69943
2026-07-23 10:58:00-04:00,379.0299987792969,379.0299987792969,379.57000732421875,379.010009765625,379.5,62759
2026-07-23 10:59:00-04:00,379.25,379.25,379.4798889160156,378.8399963378906,379.0299987792969,100308
2026-07-23 11:00:00-04:00,379.3500061035156,379.3500061035156,379.3999938964844,379.1600036621094,379.2900085449219,53987
2026-07-23 11:01:00-04:00,379.0849914550781,379.0849914550781,379.5,379.0,379.29998779296875,64012
2026-07-23 11:02:00-04:00,378.79998779296875,378.79998779296875,379.1499938964844,378.739990234375,379.010009765625,79679
2026-07-23 11:03:00-04:00,378.3800048828125,378.3800048828125,378.7799072265625,378.239990234375,378.7699890136719,139915
2026-07-23 11:04:00-04:00,378.47979736328125,378.47979736328125,378.6600036621094,378.239990234375,378.3999938964844,120405
2026-07-23 11:05:00-04:00,378.25,378.25,378.6000061035156,378.07000732421875,378.4700012207031,71153
2026-07-23 11:06:00-04:00,377.6400146484375,377.6400146484375,378.3599853515625,377.5299987792969,378.2300109863281,153623
2026-07-23 11:07:00-04:00,377.8699951171875,377.8699951171875,378.0899963378906,377.6099853515625,377.635009765625,98304
2026-07-23 11:08:00-04:00,377.614990234375,377.614990234375,377.9399108886719,377.5,377.875,132692
2026-07-23 11:09:00-04:00,377.6300048828125,377.6300048828125,377.7099914550781,377.3999938964844,377.614990234375,181089
2026-07-23 11:10:00-04:00,377.7149963378906,377.7149963378906,377.7900085449219,377.3999938964844,377.6300048828125,75146
2026-07-23 11:11:00-04:00,377.45489501953125,377.45489501953125,377.739990234375,377.42999267578125,377.7149963378906,74890
2026-07-23 11:12:00-04:00,377.9599914550781,377.9599914550781,377.9909973144531,377.42498779296875,377.42498779296875,117130
2026-07-23 11:13:00-04:00,378.70001220703125,378.70001220703125,378.70001220703125,377.79998779296875,377.989990234375,105728
2026-07-23 11:14:00-04:00,378.95001220703125,378.95001220703125,379.0899963378906,378.67999267578125,378.7550048828125,85702
2026-07-23 11:15:00-04:00,379.1199951171875,379.1199951171875,379.20001220703125,378.76141357421875,378.93499755859375,55535
2026-07-23 11:16:00-04:00,379.44000244140625,379.44000244140625,379.4599914550781,378.98199462890625,379.1400146484375,83568
2026-07-23 11:17:00-04:00,379.1199951171875,379.1199951171875,379.5199890136719,378.79998779296875,379.4100036621094,83168
2026-07-23 11:18:00-04:00,378.75,378.75,379.1499938964844,378.6600036621094,379.07489013671875,61119
2026-07-23 11:19:00-04:00,378.67498779296875,378.67498779296875,378.92999267578125,378.6300964355469,378.82000732421875,45702
2026-07-23 11:20:00-04:00,379.3800048828125,379.3800048828125,379.3800048828125,378.6600036621094,378.67498779296875,67647
2026-07-23 11:21:00-04:00,378.7850036621094,378.7850036621094,379.44000244140625,378.75,379.3699951171875,74665
2026-07-23 11:22:00-04:00,378.489990234375,378.489990234375,378.9700012207031,378.32000732421875,378.8299865722656,77454
2026-07-23 11:23:00-04:00,378.94000244140625,378.94000244140625,379.1499938964844,378.489990234375,378.489990234375,108842
2026-07-23 11:24:00-04:00,378.6112976074219,378.6112976074219,378.9800109863281,378.5799865722656,378.9649963378906,87269
2026-07-23 11:25:00-04:00,378.6304931640625,378.6304931640625,378.69000244140625,378.4200134277344,378.590087890625,61973
2026-07-23 11:26:00-04:00,378.6000061035156,378.6000061035156,378.739990234375,378.4115905761719,378.6199951171875,59842
2026-07-23 11:27:00-04:00,378.68499755859375,378.68499755859375,378.82000732421875,378.5199890136719,378.6000061035156,47136
2026-07-23 11:28:00-04:00,378.4949951171875,378.4949951171875,378.7799987792969,378.4949951171875,378.68499755859375,83559
2026-07-23 11:29:00-04:00,378.5950012207031,378.5950012207031,378.6700134277344,378.489990234375,378.4949951171875,34045
2026-07-23 11:30:00-04:00,378.05999755859375,378.05999755859375,378.7200012207031,377.9800109863281,378.6300048828125,52992
2026-07-23 11:31:00-04:00,378.3349914550781,378.3349914550781,378.3786926269531,378.05999755859375,378.1199951171875,57481
2026-07-23 11:32:00-04:00,378.19000244140625,378.19000244140625,378.57000732421875,378.19000244140625,378.3450012207031,81309
2026-07-23 11:33:00-04:00,378.4200134277344,378.4200134277344,378.55999755859375,378.1700134277344,378.2250061035156,235188
2026-07-23 11:34:00-04:00,378.7799987792969,378.7799987792969,378.7799987792969,378.2799987792969,378.3999938964844,40054
2026-07-23 11:35:00-04:00,378.3900146484375,378.3900146484375,378.8299865722656,378.3599853515625,378.7550048828125,36389
2026-07-23 11:36:00-04:00,378.2850036621094,378.2850036621094,378.5299987792969,378.1700134277344,378.3800048828125,72104
2026-07-23 11:37:00-04:00,378.5299987792969,378.5299987792969,378.55999755859375,378.1499938964844,378.2850036621094,43570
2026-07-23 11:38:00-04:00,378.8599853515625,378.8599853515625,378.9200134277344,378.4800109863281,378.5158996582031,51446
2026-07-23 11:39:00-04:00,379.0,379.0,379.1199951171875,378.81500244140625,378.9281005859375,43107
2026-07-23 11:40:00-04:00,379.0050048828125,379.0050048828125,379.1499938964844,378.9599914550781,379.05999755859375,54157
2026-07-23 11:41:00-04:00,379.06500244140625,379.06500244140625,379.0799865722656,378.7699890136719,378.9599914550781,43911
2026-07-23 11:42:00-04:00,378.8599853515625,378.8599853515625,379.19000244140625,378.69500732421875,379.04998779296875,46054
2026-07-23 11:43:00-04:00,378.4949951171875,378.4949951171875,378.8456115722656,378.3900146484375,378.8399963378906,167053
2026-07-23 11:44:00-04:00,378.3999938964844,378.3999938964844,378.5799865722656,378.3800048828125,378.4949951171875,69083
2026-07-23 11:45:00-04:00,378.3399963378906,378.3399963378906,378.5,378.1600036621094,378.4150085449219,104929
2026-07-23 11:46:00-04:00,378.19000244140625,378.19000244140625,378.4125061035156,378.1700134277344,378.3800048828125,48726
2026-07-23 11:47:00-04:00,378.32000732421875,378.32000732421875,378.3399963378906,377.8699951171875,378.1600036621094,72123
2026-07-23 11:48:00-04:00,378.3599853515625,378.3599853515625,378.4981994628906,378.2300109863281,378.2699890136719,52857
2026-07-23 11:49:00-04:00,378.2950134277344,378.2950134277344,378.3699951171875,378.17999267578125,378.32000732421875,52963
2026-07-23 11:50:00-04:00,378.4049987792969,378.4049987792969,378.4800109863281,378.1700134277344,378.2950134277344,47594
2026-07-23 11:51:00-04:00,378.44000244140625,378.44000244140625,378.46990966796875,378.31500244140625,378.4100036621094,45802
2026-07-23 11:52:00-04:00,378.7449951171875,378.7449951171875,378.8800048828125,378.4200134277344,378.4200134277344,50274
2026-07-23 11:53:00-04:00,379.0199890136719,379.0199890136719,379.05999755859375,378.7301025390625,378.75,57797
2026-07-23 11:54:00-04:00,379.4549865722656,379.4549865722656,379.5,378.9599914550781,379.0,44804
2026-07-23 11:55:00-04:00,379.4700012207031,379.4700012207031,379.5,379.17999267578125,379.4100036621094,39753
2026-07-23 11:56:00-04:00,379.4200134277344,379.4200134277344,379.5400085449219,379.30999755859375,379.4100036621094,40892
2026-07-23 11:57:00-04:00,379.489990234375,379.489990234375,379.739990234375,379.4049987792969,379.45001220703125,39500
2026-07-23 11:58:00-04:00,379.6449890136719,379.6449890136719,379.67999267578125,379.45001220703125,379.5199890136719,26184
2026-07-23 11:59:00-04:00,379.625,379.625,379.82000732421875,379.5799865722656,379.6799011230469,54787
2026-07-23 12:00:00-04:00,379.82501220703125,379.82501220703125,379.8599853515625,379.5249938964844,379.6400146484375,48874
2026-07-23 12:01:00-04:00,380.3599853515625,380.3599853515625,380.39990234375,379.80010986328125,379.8599853515625,53047
2026-07-23 12:02:00-04:00,380.4599914550781,380.4599914550781,380.69000244140625,380.3599853515625,380.3999938964844,149592
2026-07-23 12:03:00-04:00,380.5299987792969,380.5299987792969,380.5299987792969,380.20001220703125,380.42999267578125,106005
2026-07-23 12:04:00-04:00,380.29998779296875,380.29998779296875,380.5400085449219,380.1700134277344,380.510009765625,47993
2026-07-23 12:05:00-04:00,380.20001220703125,380.20001220703125,380.6499938964844,380.1449890136719,380.27508544921875,46191
2026-07-23 12:06:00-04:00,380.31939697265625,380.31939697265625,380.45001220703125,380.1000061035156,380.1499938964844,30813
2026-07-23 12:07:00-04:00,380.41680908203125,380.41680908203125,380.6899108886719,380.239990234375,380.2850036621094,35908
2026-07-23 12:08:00-04:00,380.6549987792969,380.6549987792969,380.7200012207031,380.35009765625,380.35009765625,150663
2026-07-23 12:09:00-04:00,380.5249938964844,380.5249938964844,380.75,380.29998779296875,380.6549987792969,28360
2026-07-23 12:10:00-04:00,380.6600036621094,380.6600036621094,380.67999267578125,380.3500061035156,380.5249938964844,33390
2026-07-23 12:11:00-04:00,380.79998779296875,380.79998779296875,380.9224853515625,380.6449890136719,380.6449890136719,32344
2026-07-23 12:12:00-04:00,380.260009765625,380.260009765625,380.7799987792969,380.25,380.7550048828125,53141
2026-07-23 12:13:00-04:00,380.07000732421875,380.07000732421875,380.44000244140625,380.010009765625,380.2799987792969,48362
2026-07-23 12:14:00-04:00,380.1000061035156,380.1000061035156,380.2099914550781,380.0199890136719,380.0801086425781,36247
2026-07-23 12:15:00-04:00,380.19500732421875,380.19500732421875,380.2699890136719,380.0899963378906,380.114990234375,40323
2026-07-23 12:16:00-04:00,380.2499084472656,380.2499084472656,380.25,380.05999755859375,380.20001220703125,21734
2026-07-23 12:17:00-04:00,380.32501220703125,380.32501220703125,380.3500061035156,380.18499755859375,380.25,33902
2026-07-23 12:18:00-04:00,380.3800048828125,380.3800048828125,380.45001220703125,380.25,380.3500061035156,26311
2026-07-23 12:19:00-04:00,380.5150146484375,380.5150146484375,380.5150146484375,380.16009521484375,380.3500061035156,30860
2026-07-23 12:20:00-04:00,380.6700134277344,380.6700134277344,380.7300109863281,380.4599914550781,380.5299987792969,39975
2026-07-23 12:21:00-04:00,380.94000244140625,380.94000244140625,381.04998779296875,380.6700134277344,380.7300109863281,36522
2026-07-23 12:22:00-04:00,380.8500061035156,380.8500061035156,380.9844055175781,380.71978759765625,380.92999267578125,29481
2026-07-23 12:23:00-04:00,380.80499267578125,380.80499267578125,381.1499938964844,380.7799987792969,380.8999938964844,40788
2026-07-23 12:24:00-04:00,380.9800109863281,380.9800109863281,380.9800109863281,380.70001220703125,380.7699890136719,26897
2026-07-23 12:25:00-04:00,380.6000061035156,380.6000061035156,381.0199890136719,380.6000061035156,380.9800109863281,17794
2026-07-23 12:26:00-04:00,380.6000061035156,380.6000061035156,380.614990234375,380.42010498046875,380.54998779296875,25978
2026-07-23 12:27:00-04:00,380.5450134277344,380.5450134277344,380.6099853515625,380.44000244140625,380.6050109863281,20082
2026-07-23 12:28:00-04:00,380.4700012207031,380.4700012207031,380.5885925292969,380.3500061035156,380.5799865722656,18746
2026-07-23 12:29:00-04:00,380.6289978027344,380.6289978027344,380.6400146484375,380.3599853515625,380.5,29222
2026-07-23 12:30:00-04:00,380.8299865722656,380.8299865722656,380.8299865722656,380.45001220703125,380.5299987792969,24212
2026-07-23 12:31:00-04:00,380.75,380.75,380.89849853515625,380.7300109863281,380.8500061035156,20328
2026-07-23 12:32:00-04:00,380.739990234375,380.739990234375,380.82000732421875,380.6700134277344,380.7301025390625,17811
2026-07-23 12:33:00-04:00,380.5400085449219,380.5400085449219,380.8800048828125,380.5400085449219,380.739990234375,26362
2026-07-23 12:34:00-04:00,380.54998779296875,380.54998779296875,380.6400146484375,380.2799987792969,380.5517883300781,24366
2026-07-23 12:35:00-04:00,380.3699951171875,380.3699951171875,380.55999755859375,380.2799987792969,380.54998779296875,25994
2026-07-23 12:36:00-04:00,380.4150085449219,380.4150085449219,380.5098876953125,380.32000732421875,380.4200134277344,19375
2026-07-23 12:37:00-04:00,380.2460021972656,380.2460021972656,380.45001220703125,380.1340026855469,380.4150085449219,28684
2026-07-23 12:38:00-04:00,380.3099060058594,380.3099060058594,380.3099060058594,380.1099853515625,380.260009765625,24541
2026-07-23 12:39:00-04:00,380.70001220703125,380.70001220703125,380.7099914550781,380.2699890136719,380.2699890136719,28919
2026-07-23 12:40:00-04:00,380.4200134277344,380.4200134277344,380.75,380.3699951171875,380.70001220703125,24344
2026-07-23 12:41:00-04:00,380.3800048828125,380.3800048828125,380.5400085449219,380.30029296875,380.5,17490
2026-07-23 12:42:00-04:00,380.30499267578125,380.30499267578125,380.44000244140625,380.2900085449219,380.3599853515625,16268
2026-07-23 12:43:00-04:00,380.43499755859375,380.43499755859375,380.4599914550781,380.2300109863281,380.30999755859375,16659
2026-07-23 12:44:00-04:00,380.4200134277344,380.4200134277344,380.489990234375,380.31048583984375,380.43499755859375,19799
2026-07-23 12:45:00-04:00,380.45001220703125,380.45001220703125,380.5899963378906,380.3599853515625,380.3900146484375,37826
2026-07-23 12:46:00-04:00,380.29998779296875,380.29998779296875,380.5150146484375,380.26519775390625,380.4200134277344,18569
2026-07-23 12:47:00-04:00,380.3699951171875,380.3699951171875,380.45989990234375,380.2601013183594,380.2900085449219,20966
2026-07-23 12:48:00-04:00,380.25,380.25,380.4100036621094,380.19000244140625,380.30999755859375,15446
2026-07-23 12:49:00-04:00,379.9549865722656,379.9549865722656,380.2900085449219,379.92010498046875,380.2349853515625,38020
2026-07-23 12:50:00-04:00,380.1351013183594,380.1351013183594,380.1499938964844,379.8399963378906,379.92999267578125,23661
2026-07-23 12:51:00-04:00,380.260009765625,380.260009765625,380.2699890136719,380.1000061035156,380.1449890136719,20100
2026-07-23 12:52:00-04:00,380.19000244140625,380.19000244140625,380.32000732421875,380.0799865722656,380.2799987792969,15081
2026-07-23 12:53:00-04:00,380.5199890136719,380.5199890136719,380.5199890136719,380.1700134277344,380.20001220703125,35303
2026-07-23 12:54:00-04:00,380.75,380.75,380.8500061035156,380.4750061035156,380.54998779296875,28459
2026-07-23 12:55:00-04:00,381.17999267578125,381.17999267578125,381.2900085449219,380.7799987792969,380.7799987792969,47924
2026-07-23 12:56:00-04:00,381.30999755859375,381.30999755859375,381.30999755859375,381.0,381.1600036621094,34426
2026-07-23 12:57:00-04:00,381.1099853515625,381.1099853515625,381.29998779296875,381.04998779296875,381.29998779296875,72617
2026-07-23 12:58:00-04:00,381.0899963378906,381.0899963378906,381.20001220703125,381.0,381.0849914550781,49146
2026-07-23 12:59:00-04:00,381.3349914550781,381.3349914550781,381.3900146484375,381.0799865722656,381.0950012207031,28566
2026-07-23 13:00:00-04:00,381.239990234375,381.239990234375,381.3699951171875,381.1199951171875,381.3699951171875,23223
2026-07-23 13:01:00-04:00,381.489990234375,381.489990234375,381.489990234375,381.1499938964844,381.2200012207031,23563
2026-07-23 13:02:00-04:00,381.5899963378906,381.5899963378906,381.6300048828125,381.32000732421875,381.42999267578125,30869
2026-07-23 13:03:00-04:00,381.75,381.75,381.75,381.4599914550781,381.5299987792969,27235
2026-07-23 13:04:00-04:00,381.82000732421875,381.82000732421875,382.1499938964844,381.739990234375,381.739990234375,50269
2026-07-23 13:05:00-04:00,381.56500244140625,381.56500244140625,381.875,381.5199890136719,381.75,44469
2026-07-23 13:06:00-04:00,381.3399963378906,381.3399963378906,381.57501220703125,381.3200988769531,381.57501220703125,19729
2026-07-23 13:07:00-04:00,381.4200134277344,381.4200134277344,381.54998779296875,381.2701110839844,381.2701110839844,24328
2026-07-23 13:08:00-04:00,381.4200134277344,381.4200134277344,381.5299987792969,381.360107421875,381.4200134277344,17831
2026-07-23 13:09:00-04:00,381.6099853515625,381.6099853515625,381.6300048828125,381.3299865722656,381.4150085449219,25154
2026-07-23 13:10:00-04:00,381.6300048828125,381.6300048828125,381.7200012207031,381.510009765625,381.6600036621094,25409
2026-07-23 13:11:00-04:00,381.4700012207031,381.4700012207031,381.625,381.3999938964844,381.6000061035156,18020
2026-07-23 13:12:00-04:00,381.5899963378906,381.5899963378906,381.6994934082031,381.4364013671875,381.4800109863281,21498
2026-07-23 13:13:00-04:00,381.2699890136719,381.2699890136719,381.590087890625,381.239990234375,381.56500244140625,24488
2026-07-23 13:14:00-04:00,381.3951110839844,381.3951110839844,381.4200134277344,381.239990234375,381.2699890136719,18178
2026-07-23 13:15:00-04:00,381.2550048828125,381.2550048828125,381.3699951171875,381.20001220703125,381.3699951171875,15614
2026-07-23 13:16:00-04:00,381.3219909667969,381.3219909667969,381.44000244140625,381.17999267578125,381.2449951171875,22227
2026-07-23 13:17:00-04:00,381.05999755859375,381.05999755859375,381.44000244140625,381.05999755859375,381.32000732421875,18385
2026-07-23 13:18:00-04:00,381.1300048828125,381.1300048828125,381.1499938964844,380.92999267578125,381.0299987792969,31538
2026-07-23 13:19:00-04:00,381.20001220703125,381.20001220703125,381.2398986816406,380.9599914550781,381.1000061035156,21259
2026-07-23 13:20:00-04:00,381.2915954589844,381.2915954589844,381.3900146484375,381.1700134277344,381.2149963378906,36282
2026-07-23 13:21:00-04:00,381.29998779296875,381.29998779296875,381.4200134277344,381.25,381.3699951171875,14144
2026-07-23 13:22:00-04:00,381.1499938964844,381.1499938964844,381.3299865722656,381.1400146484375,381.3299865722656,24619
2026-07-23 13:23:00-04:00,381.364990234375,381.364990234375,381.3800048828125,381.1401062011719,381.17999267578125,19884
2026-07-23 13:24:00-04:00,381.3800048828125,381.3800048828125,381.5199890136719,381.3699951171875,381.3999938964844,17385
2026-07-23 13:25:00-04:00,381.3999938964844,381.3999938964844,381.4599914550781,381.2937927246094,381.4100036621094,21144
2026-07-23 13:26:00-04:00,381.5150146484375,381.5150146484375,381.5799865722656,381.3699951171875,381.3900146484375,18375
2026-07-23 13:27:00-04:00,381.3399963378906,381.3399963378906,381.5150146484375,381.2749938964844,381.5,14493
2026-07-23 13:28:00-04:00,381.5199890136719,381.5199890136719,381.5199890136719,381.3699951171875,381.3699951171875,25327
2026-07-23 13:29:00-04:00,381.4649963378906,381.4649963378906,381.5498962402344,381.3800048828125,381.53509521484375,17797
2026-07-23 13:30:00-04:00,381.31500244140625,381.31500244140625,381.489990234375,381.17498779296875,381.4599914550781,24093
2026-07-23 13:31:00-04:00,381.19500732421875,381.19500732421875,381.4100036621094,381.1099853515625,381.32000732421875,39936
2026-07-23 13:32:00-04:00,381.2950134277344,381.2950134277344,381.2950134277344,381.0400085449219,381.19500732421875,35162
2026-07-23 13:33:00-04:00,381.42999267578125,381.42999267578125,381.510009765625,381.28009033203125,381.2900085449219,38224
2026-07-23 13:34:00-04:00,381.44000244140625,381.44000244140625,381.6199951171875,381.3999938964844,381.42999267578125,19899
2026-07-23 13:35:00-04:00,381.135009765625,381.135009765625,381.489990234375,381.1099853515625,381.44000244140625,23671
2026-07-23 13:36:00-04:00,381.1405029296875,381.1405029296875,381.239990234375,380.9549865722656,381.1300048828125,26424
2026-07-23 13:37:00-04:00,381.2699890136719,381.2699890136719,381.33990478515625,381.1400146484375,381.1400146484375,23256
2026-07-23 13:38:00-04:00,381.1000061035156,381.1000061035156,381.4700012207031,381.1000061035156,381.30999755859375,30852
2026-07-23 13:39:00-04:00,380.9800109863281,380.9800109863281,381.1600036621094,380.8999938964844,381.1300048828125,21685
2026-07-23 13:40:00-04:00,380.7200927734375,380.7200927734375,381.0199890136719,380.7200012207031,381.010009765625,23995
2026-07-23 13:41:00-04:00,380.8299865722656,380.8299865722656,380.95001220703125,380.6700134277344,380.7699890136719,29765
2026-07-23 13:42:00-04:00,380.9599914550781,380.9599914550781,380.9800109863281,380.7900085449219,380.80999755859375,16199
2026-07-23 13:43:00-04:00,380.9549865722656,380.9549865722656,381.18560791015625,380.9501037597656,380.9501037597656,17992
2026-07-23 13:44:00-04:00,380.8500061035156,380.8500061035156,381.0299987792969,380.8399963378906,380.989990234375,14777
2026-07-23 13:45:00-04:00,380.92999267578125,380.92999267578125,381.0,380.739990234375,380.8500061035156,23139
2026-07-23 13:46:00-04:00,380.885009765625,380.885009765625,381.0400085449219,380.8599853515625,380.9652099609375,19736
2026-07-23 13:47:00-04:00,380.79998779296875,380.79998779296875,380.92999267578125,380.7049865722656,380.9200134277344,14360
2026-07-23 13:48:00-04:00,380.9549865722656,380.9549865722656,380.9700012207031,380.7699890136719,380.82000732421875,28250
2026-07-23 13:49:00-04:00,380.9800109863281,380.9800109863281,381.1300048828125,380.8599853515625,380.8800048828125,20429
2026-07-23 13:50:00-04:00,381.2449951171875,381.2449951171875,381.2449951171875,380.94000244140625,381.0199890136719,35182
2026-07-23 13:51:00-04:00,381.20001220703125,381.20001220703125,381.30499267578125,381.0849914550781,381.2449951171875,29981
2026-07-23 13:52:00-04:00,381.2349853515625,381.2349853515625,381.260009765625,381.0743103027344,381.21038818359375,16761
2026-07-23 13:53:00-04:00,381.4100036621094,381.4100036621094,381.5799865722656,381.2099914550781,381.2349853515625,64561
2026-07-23 13:54:00-04:00,381.19000244140625,381.19000244140625,381.3999938964844,381.19000244140625,381.3999938964844,16581
2026-07-23 13:55:00-04:00,381.3349914550781,381.3349914550781,381.3550109863281,381.144287109375,381.2200012207031,25103
2026-07-23 13:56:00-04:00,381.2799987792969,381.2799987792969,381.3500061035156,381.1900939941406,381.3349914550781,13033
2026-07-23 13:57:00-04:00,381.1838073730469,381.1838073730469,381.3500061035156,381.1300048828125,381.2699890136719,27018
2026-07-23 13:58:00-04:00,380.94000244140625,380.94000244140625,381.17999267578125,380.94000244140625,381.17999267578125,22075
2026-07-23 13:59:00-04:00,380.9200134277344,380.9200134277344,381.010009765625,380.7799987792969,380.9700012207031,58658
2026-07-23 14:00:00-04:00,380.8999938964844,380.8999938964844,380.94000244140625,380.8399963378906,380.8999938964844,22295
2026-07-23 14:01:00-04:00,380.9100036621094,380.9100036621094,380.9599914550781,380.7799987792969,380.92999267578125,33847
2026-07-23 14:02:00-04:00,381.0028076171875,381.0028076171875,381.0400085449219,380.7701110839844,380.8699951171875,38966
2026-07-23 14:03:00-04:00,380.95001220703125,380.95001220703125,381.00250244140625,380.9100036621094,381.00250244140625,14011
2026-07-23 14:04:00-04:00,380.8898010253906,380.8898010253906,380.94500732421875,380.7699890136719,380.92999267578125,26027
2026-07-23 14:05:00-04:00,380.864990234375,380.864990234375,380.92999267578125,380.7900085449219,380.8699951171875,18270
2026-07-23 14:06:00-04:00,381.1050109863281,381.1050109863281,381.2200012207031,380.8699951171875,380.8699951171875,39037
2026-07-23 14:07:00-04:00,381.1099853515625,381.1099853515625,381.1400146484375,381.0199890136719,381.1050109863281,19095
2026-07-23 14:08:00-04:00,380.94500732421875,380.94500732421875,381.114013671875,380.8599853515625,381.1099853515625,115115
2026-07-23 14:09:00-04:00,381.1050109863281,381.1050109863281,381.1499938964844,380.9200134277344,380.95001220703125,35103
2026-07-23 14:10:00-04:00,381.1199951171875,381.1199951171875,381.2200012207031,381.07000732421875,381.1050109863281,28000
2026-07-23 14:11:00-04:00,381.1650085449219,381.1650085449219,381.2049865722656,381.07000732421875,381.1400146484375,18867
2026-07-23 14:12:00-04:00,381.3550109863281,381.3550109863281,381.3550109863281,381.1000061035156,381.19500732421875,34055
2026-07-23 14:13:00-04:00,381.30999755859375,381.30999755859375,381.3599853515625,381.2099914550781,381.3550109863281,32574
2026-07-23 14:14:00-04:00,381.1400146484375,381.1400146484375,381.3399963378906,381.0899963378906,381.3399963378906,25974
2026-07-23 14:15:00-04:00,381.5350036621094,381.5350036621094,381.54998779296875,381.1199951171875,381.1300048828125,44333
2026-07-23 14:16:00-04:00,381.5950012207031,381.5950012207031,381.739990234375,381.4800109863281,381.5400085449219,36875
2026-07-23 14:17:00-04:00,381.3450012207031,381.3450012207031,381.7298889160156,381.32501220703125,381.5899963378906,27265
2026-07-23 14:18:00-04:00,381.4800109863281,381.4800109863281,381.4800109863281,381.29998779296875,381.32000732421875,23138
2026-07-23 14:19:00-04:00,381.3299865722656,381.3299865722656,381.5299987792969,381.20001220703125,381.4800109863281,25617
2026-07-23 14:20:00-04:00,381.3399963378906,381.3399963378906,381.389892578125,381.2388916015625,381.3599853515625,30645
2026-07-23 14:21:00-04:00,381.4200134277344,381.4200134277344,381.4200134277344,381.2449951171875,381.3500061035156,20989
2026-07-23 14:22:00-04:00,381.4150085449219,381.4150085449219,381.5799865722656,381.3299865722656,381.4092102050781,24642
2026-07-23 14:23:00-04:00,381.6285095214844,381.6285095214844,381.6285095214844,381.3110046386719,381.3800048828125,19960
2026-07-23 14:24:00-04:00,381.5899963378906,381.5899963378906,381.67999267578125,381.510009765625,381.6300048828125,15079
2026-07-23 14:25:00-04:00,381.5299987792969,381.5299987792969,381.6600036621094,381.489990234375,381.6199951171875,21917
2026-07-23 14:26:00-04:00,381.4100036621094,381.4100036621094,381.6000061035156,381.3500061035156,381.5299987792969,19716
2026-07-23 14:27:00-04:00,381.3999938964844,381.3999938964844,381.54998779296875,381.3800048828125,381.4200134277344,51864
2026-07-23 14:28:00-04:00,381.3800048828125,381.3800048828125,381.4844055175781,381.3800048828125,381.44000244140625,14615
2026-07-23 14:29:00-04:00,381.6099853515625,381.6099853515625,381.6099853515625,381.3800048828125,381.4049987792969,18906
2026-07-23 14:30:00-04:00,381.7650146484375,381.7650146484375,381.7900085449219,381.5375061035156,381.5849914550781,22126
2026-07-23 14:31:00-04:00,381.7250061035156,381.7250061035156,381.79998779296875,381.6400146484375,381.7699890136719,25752
2026-07-23 14:32:00-04:00,381.5,381.5,381.7799987792969,381.5,381.7300109863281,21375
2026-07-23 14:33:00-04:00,381.5400085449219,381.5400085449219,381.5799865722656,381.3999938964844,381.5400085449219,31518
2026-07-23 14:34:00-04:00,381.42999267578125,381.42999267578125,381.5400085449219,381.375,381.5199890136719,13222
2026-07-23 14:35:00-04:00,381.55999755859375,381.55999755859375,381.58990478515625,381.3450012207031,381.4100036621094,25206
2026-07-23 14:36:00-04:00,381.4100036621094,381.4100036621094,381.5899963378906,381.4100036621094,381.55999755859375,24645
2026-07-23 14:37:00-04:00,381.3599853515625,381.3599853515625,381.489990234375,381.3100891113281,381.4200134277344,24811
2026-07-23 14:38:00-04:00,381.3599853515625,381.3599853515625,381.3900146484375,381.29998779296875,381.3399963378906,17527
2026-07-23 14:39:00-04:00,381.3399963378906,381.3399963378906,381.4700012207031,381.260009765625,381.3550109863281,39517
2026-07-23 14:40:00-04:00,381.4100036621094,381.4100036621094,381.42999267578125,381.2900085449219,381.3450012207031,54777
2026-07-23 14:41:00-04:00,381.2300109863281,381.2300109863281,381.4100036621094,381.2300109863281,381.4100036621094,40900
2026-07-23 14:42:00-04:00,381.3999938964844,381.3999938964844,381.42999267578125,381.1700134277344,381.2550048828125,32231
2026-07-23 14:43:00-04:00,381.4549865722656,381.4549865722656,381.510009765625,381.3699951171875,381.3999938964844,31608
2026-07-23 14:44:00-04:00,381.3800048828125,381.3800048828125,381.4549865722656,381.3399963378906,381.4549865722656,23423
2026-07-23 14:45:00-04:00,381.69000244140625,381.69000244140625,381.7349853515625,381.3900146484375,381.3900146484375,42292
2026-07-23 14:46:00-04:00,381.7300109863281,381.7300109863281,381.7650146484375,381.67999267578125,381.67999267578125,19193
2026-07-23 14:47:00-04:00,381.989990234375,381.989990234375,381.989990234375,381.7229919433594,381.7229919433594,32521
2026-07-23 14:48:00-04:00,382.0400085449219,382.0400085449219,382.1000061035156,381.8699951171875,381.94500732421875,28213
2026-07-23 14:49:00-04:00,382.19000244140625,382.19000244140625,382.19000244140625,381.95001220703125,382.0150146484375,30812
2026-07-23 14:50:00-04:00,381.8699951171875,381.8699951171875,382.2001037597656,381.8699951171875,382.19000244140625,25974
2026-07-23 14:51:00-04:00,381.94500732421875,381.94500732421875,382.0,381.8500061035156,381.8800048828125,17154
2026-07-23 14:52:00-04:00,381.79998779296875,381.79998779296875,381.989990234375,381.7898864746094,381.94000244140625,31927
2026-07-23 14:53:00-04:00,381.9801025390625,381.9801025390625,382.1099853515625,381.7699890136719,381.7749938964844,29809
2026-07-23 14:54:00-04:00,381.92999267578125,381.92999267578125,382.1099853515625,381.9150085449219,382.0299987792969,20171
2026-07-23 14:55:00-04:00,381.93499755859375,381.93499755859375,382.0199890136719,381.9100036621094,381.9200134277344,27330
2026-07-23 14:56:00-04:00,381.9700012207031,381.9700012207031,381.9800109863281,381.7799987792969,381.93499755859375,72121
2026-07-23 14:57:00-04:00,381.8550109863281,381.8550109863281,381.95001220703125,381.80999755859375,381.95001220703125,22126
2026-07-23 14:58:00-04:00,381.8949890136719,381.8949890136719,381.9700012207031,381.8550109863281,381.8550109863281,24819
2026-07-23 14:59:00-04:00,381.9649963378906,381.9649963378906,381.9700012207031,381.79998779296875,381.8900146484375,38109
2026-07-23 15:00:00-04:00,382.0082092285156,382.0082092285156,382.17999267578125,381.8550109863281,381.9649963378906,41252
2026-07-23 15:01:00-04:00,381.82000732421875,381.82000732421875,382.010009765625,381.80999755859375,382.010009765625,34146
2026-07-23 15:02:00-04:00,381.9700012207031,381.9700012207031,381.989990234375,381.80999755859375,381.82000732421875,45038
2026-07-23 15:03:00-04:00,381.81500244140625,381.81500244140625,382.0199890136719,381.7950134277344,381.9999084472656,23220
2026-07-23 15:04:00-04:00,381.6300048828125,381.6300048828125,381.82000732421875,381.6199951171875,381.80999755859375,52528
2026-07-23 15:05:00-04:00,381.57501220703125,381.57501220703125,381.6499938964844,381.54998779296875,381.6499938964844,29481
2026-07-23 15:06:00-04:00,381.4200134277344,381.4200134277344,381.6000061035156,381.4150085449219,381.56500244140625,63203
2026-07-23 15:07:00-04:00,381.4700012207031,381.4700012207031,381.57501220703125,381.4100036621094,381.44000244140625,23719
2026-07-23 15:08:00-04:00,381.42999267578125,381.42999267578125,381.4949951171875,381.3900146484375,381.4949951171875,25065
2026-07-23 15:09:00-04:00,381.3999938964844,381.3999938964844,381.44500732421875,381.2850036621094,381.44000244140625,43275
2026-07-23 15:10:00-04:00,381.25,381.25,381.5400085449219,381.25,381.42999267578125,39979
2026-07-23 15:11:00-04:00,381.18499755859375,381.18499755859375,381.4100036621094,381.1000061035156,381.2799987792969,65344
2026-07-23 15:12:00-04:00,380.8999938964844,380.8999938964844,381.260009765625,380.8999938964844,381.19000244140625,43930
2026-07-23 15:13:00-04:00,380.885009765625,380.885009765625,380.95001220703125,380.739990234375,380.9100036621094,59930
2026-07-23 15:14:00-04:00,380.8450012207031,380.8450012207031,380.8800048828125,380.70001220703125,380.8699951171875,60021
2026-07-23 15:15:00-04:00,381.0,381.0,381.05999755859375,380.80999755859375,380.8500061035156,66686
2026-07-23 15:16:00-04:00,380.94000244140625,380.94000244140625,381.0199890136719,380.8699951171875,380.9801025390625,55017
2026-07-23 15:17:00-04:00,380.8699951171875,380.8699951171875,380.9742126464844,380.7300109863281,380.94500732421875,52042
2026-07-23 15:18:00-04:00,380.864990234375,380.864990234375,380.9200134277344,380.7799987792969,380.8699951171875,50060
2026-07-23 15:19:00-04:00,380.79998779296875,380.79998779296875,380.9194030761719,380.69000244140625,380.8500061035156,47007
2026-07-23 15:20:00-04:00,380.9100036621094,380.9100036621094,381.0350036621094,380.79998779296875,380.79998779296875,104638
2026-07-23 15:21:00-04:00,381.2049865722656,381.2049865722656,381.2799987792969,380.8900146484375,380.9200134277344,95864
2026-07-23 15:22:00-04:00,381.19000244140625,381.19000244140625,381.3399963378906,381.1300048828125,381.2099914550781,46888
2026-07-23 15:23:00-04:00,381.25,381.25,381.25,381.1400146484375,381.1549987792969,37965
2026-07-23 15:24:00-04:00,381.202392578125,381.202392578125,381.375,381.17999267578125,381.2449951171875,49135
2026-07-23 15:25:00-04:00,381.30010986328125,381.30010986328125,381.3699951171875,381.2099914550781,381.25421142578125,37570
2026-07-23 15:26:00-04:00,381.239990234375,381.239990234375,381.3599853515625,381.19000244140625,381.32000732421875,34469
2026-07-23 15:27:00-04:00,381.3900146484375,381.3900146484375,381.4800109863281,381.25,381.25,49958
2026-07-23 15:28:00-04:00,381.2099914550781,381.2099914550781,381.4800109863281,381.2099914550781,381.3900146484375,31245
2026-07-23 15:29:00-04:00,380.9750061035156,380.9750061035156,381.2099914550781,380.9100036621094,381.2099914550781,41854
2026-07-23 15:30:00-04:00,381.1099853515625,381.1099853515625,381.1400146484375,380.79998779296875,380.9599914550781,61895
2026-07-23 15:31:00-04:00,380.8599853515625,380.8599853515625,381.1199951171875,380.760009765625,381.114990234375,51965
2026-07-23 15:32:00-04:00,380.9700927734375,380.9700927734375,381.04998779296875,380.8599853515625,380.8599853515625,40184
2026-07-23 15:33:00-04:00,381.1199951171875,381.1199951171875,381.1199951171875,380.760009765625,380.9700012207031,60162
2026-07-23 15:34:00-04:00,381.0150146484375,381.0150146484375,381.30999755859375,381.0150146484375,381.1300048828125,32874
2026-07-23 15:35:00-04:00,380.94500732421875,380.94500732421875,381.05999755859375,380.8999938964844,381.0299987792969,43038
2026-07-23 15:36:00-04:00,380.864990234375,380.864990234375,380.94000244140625,380.739990234375,380.8999938964844,41982
2026-07-23 15:37:00-04:00,380.70001220703125,380.70001220703125,380.8900146484375,380.6600036621094,380.864990234375,40386
2026-07-23 15:38:00-04:00,380.32501220703125,380.32501220703125,380.69000244140625,380.29998779296875,380.67999267578125,44332
2026-07-23 15:39:00-04:00,380.510009765625,380.510009765625,380.6000061035156,380.29998779296875,380.32501220703125,58919
2026-07-23 15:40:00-04:00,380.5,380.5,380.7300109863281,380.42999267578125,380.5199890136719,56709
2026-07-23 15:41:00-04:00,380.6099853515625,380.6099853515625,380.6099853515625,380.3277893066406,380.5299987792969,47582
2026-07-23 15:42:00-04:00,380.44500732421875,380.44500732421875,380.6400146484375,380.4200134277344,380.6300048828125,51774
2026-07-23 15:43:00-04:00,380.2699890136719,380.2699890136719,380.4425048828125,380.239990234375,380.4425048828125,62993
2026-07-23 15:44:00-04:00,380.2099914550781,380.2099914550781,380.2900085449219,380.1400146484375,380.25,78131
2026-07-23 15:45:00-04:00,380.340087890625,380.340087890625,380.56500244140625,380.1000061035156,380.1700134277344,81510
2026-07-23 15:46:00-04:00,379.8949890136719,379.8949890136719,380.3999938964844,379.8599853515625,380.3699951171875,93917
2026-07-23 15:47:00-04:00,379.8999938964844,379.8999938964844,380.01251220703125,379.7900085449219,379.8800048828125,53398
2026-07-23 15:48:00-04:00,379.739990234375,379.739990234375,379.97760009765625,379.70001220703125,379.8999938964844,50957
2026-07-23 15:49:00-04:00,379.80999755859375,379.80999755859375,379.80999755859375,379.57000732421875,379.75,108732
2026-07-23 15:50:00-04:00,380.3500061035156,380.3500061035156,380.3800048828125,379.42999267578125,379.8299865722656,128681
2026-07-23 15:51:00-04:00,380.3900146484375,380.3900146484375,380.4549865722656,380.1199951171875,380.3699951171875,93010
2026-07-23 15:52:00-04:00,380.5950012207031,380.5950012207031,380.6700134277344,380.30999755859375,380.4100036621094,96883
2026-07-23 15:53:00-04:00,380.3399963378906,380.3399963378906,380.614990234375,380.29998779296875,380.6099853515625,100959
2026-07-23 15:54:00-04:00,381.07000732421875,381.07000732421875,381.3299865722656,380.0199890136719,380.3699951171875,208636
2026-07-23 15:55:00-04:00,381.5400085449219,381.5400085449219,381.760009765625,381.1499938964844,381.1600036621094,158651
2026-07-23 15:56:00-04:00,381.7300109863281,381.7300109863281,381.7699890136719,381.5199890136719,381.55999755859375,282632
2026-07-23 15:57:00-04:00,382.0249938964844,382.0249938964844,382.0799865722656,381.7099914550781,381.75,164383
2026-07-23 15:58:00-04:00,382.0199890136719,382.0199890136719,382.45001220703125,382.0,382.0249938964844,269399
2026-07-23 15:59:00-04:00,381.42999267578125,381.42999267578125,382.04998779296875,381.42999267578125,382.0299987792969,568861
2026-07-24 09:30:00-04:00,386.5480041503906,386.5480041503906,389.0299987792969,386.510009765625,387.04998779296875,900288
2026-07-24 09:31:00-04:00,383.3900146484375,383.3900146484375,386.5950012207031,383.32000732421875,386.5400085449219,174423
2026-07-24 09:32:00-04:00,383.80999755859375,383.80999755859375,384.1499938964844,383.1000061035156,383.4150085449219,166500
2026-07-24 09:33:00-04:00,384.385009765625,384.385009765625,384.75,383.6000061035156,383.84869384765625,518399
2026-07-24 09:34:00-04:00,385.32501220703125,385.32501220703125,385.5,384.36248779296875,384.3800048828125,98240
2026-07-24 09:35:00-04:00,385.9700012207031,385.9700012207031,386.25,385.0,385.3299865722656,109380
2026-07-24 09:36:00-04:00,385.5899963378906,385.5899963378906,386.0799865722656,385.3500061035156,386.0,72152
2026-07-24 09:37:00-04:00,385.7300109863281,385.7300109863281,385.94940185546875,385.1499938964844,385.5899963378906,89740
2026-07-24 09:38:00-04:00,384.5899963378906,384.5899963378906,385.8500061035156,384.5199890136719,385.6199951171875,81061
2026-07-24 09:39:00-04:00,385.1050109863281,385.1050109863281,385.3800048828125,383.8500061035156,384.510009765625,1091653
2026-07-24 09:40:00-04:00,384.95001220703125,384.95001220703125,385.3800048828125,384.4700012207031,385.1330871582031,115550
2026-07-24 09:41:00-04:00,384.69000244140625,384.69000244140625,385.29998779296875,384.69000244140625,384.989990234375,135956
2026-07-24 09:42:00-04:00,384.1300048828125,384.1300048828125,384.7349853515625,383.9700012207031,384.6300048828125,99542
2026-07-24 09:43:00-04:00,383.0,383.0,384.1600036621094,382.88189697265625,384.1400146484375,115960
2026-07-24 09:44:00-04:00,381.3263854980469,381.3263854980469,383.00299072265625,381.1000061035156,382.9599914550781,128426
2026-07-24 09:45:00-04:00,381.1300048828125,381.1300048828125,381.45001220703125,380.8800048828125,381.04998779296875,121477
2026-07-24 09:46:00-04:00,381.6199951171875,381.6199951171875,381.8800048828125,380.6499938964844,381.0899963378906,116838
2026-07-24 09:47:00-04:00,381.6637878417969,381.6637878417969,381.8699951171875,381.35101318359375,381.55999755859375,79669
2026-07-24 09:48:00-04:00,381.625,381.625,381.7900085449219,381.25,381.6199951171875,115730
2026-07-24 09:49:00-04:00,381.45001220703125,381.45001220703125,382.05999755859375,381.2699890136719,381.6600036621094,110216
2026-07-24 09:50:00-04:00,381.8999938964844,381.8999938964844,382.1300048828125,381.3399963378906,381.45001220703125,153832
2026-07-24 09:51:00-04:00,381.6050109863281,381.6050109863281,382.0,381.2200012207031,381.8399963378906,83211
2026-07-24 09:52:00-04:00,381.9800109863281,381.9800109863281,382.1098937988281,381.2699890136719,381.6199951171875,74625
2026-07-24 09:53:00-04:00,382.32000732421875,382.32000732421875,382.3900146484375,381.8299865722656,382.0400085449219,111807
2026-07-24 09:54:00-04:00,382.1099853515625,382.1099853515625,382.32000732421875,381.760009765625,382.25,96420
2026-07-24 09:55:00-04:00,381.7650146484375,381.7650146484375,382.1781921386719,381.7200012207031,382.1099853515625,71867
2026-07-24 09:56:00-04:00,381.6000061035156,381.6000061035156,381.8900146484375,381.4599914550781,381.7799987792969,105653
2026-07-24 09:57:00-04:00,381.7300109863281,381.7300109863281,381.80999755859375,381.2650146484375,381.57000732421875,97299
2026-07-24 09:58:00-04:00,381.96600341796875,381.96600341796875,382.260009765625,381.70001220703125,381.739990234375,85972
2026-07-24 09:59:00-04:00,381.260009765625,381.260009765625,382.0299987792969,381.1000061035156,382.0195007324219,95337
2026-07-24 10:00:00-04:00,381.3999938964844,381.3999938964844,381.7149963378906,381.1000061035156,381.2300109863281,112101
2026-07-24 10:01:00-04:00,382.0899963378906,382.0899963378906,382.2699890136719,381.3999938964844,381.3999938964844,153967
2026-07-24 10:02:00-04:00,381.7950134277344,381.7950134277344,382.1300048828125,381.67999267578125,382.04998779296875,50513
2026-07-24 10:03:00-04:00,381.8800048828125,381.8800048828125,381.92401123046875,381.42999267578125,381.7950134277344,56600
2026-07-24 10:04:00-04:00,381.4800109863281,381.4800109863281,382.0400085449219,381.3349914550781,381.8999938964844,60523
2026-07-24 10:05:00-04:00,381.364990234375,381.364990234375,381.6099853515625,381.2799987792969,381.4200134277344,44523
2026-07-24 10:06:00-04:00,381.7049865722656,381.7049865722656,381.8500061035156,381.260009765625,381.364990234375,62677
2026-07-24 10:07:00-04:00,382.07000732421875,382.07000732421875,382.07000732421875,381.6400146484375,381.70001220703125,113271
2026-07-24 10:08:00-04:00,382.79998779296875,382.79998779296875,382.8382873535156,381.5899963378906,382.0249938964844,85693
2026-07-24 10:09:00-04:00,382.80999755859375,382.80999755859375,383.159912109375,382.6000061035156,382.8118896484375,64799
2026-07-24 10:10:00-04:00,382.73651123046875,382.73651123046875,382.8399963378906,382.5,382.80499267578125,86183
2026-07-24 10:11:00-04:00,381.614990234375,381.614990234375,382.7590026855469,381.55999755859375,382.7590026855469,119497
2026-07-24 10:12:00-04:00,380.9750061035156,380.9750061035156,381.6099853515625,380.8399963378906,381.6099853515625,136784
2026-07-24 10:13:00-04:00,381.2900085449219,381.2900085449219,381.3399963378906,380.80999755859375,380.8999938964844,31197
2026-07-24 10:14:00-04:00,381.6600036621094,381.6600036621094,381.9700012207031,381.20001220703125,381.30999755859375,49072
2026-07-24 10:15:00-04:00,381.95001220703125,381.95001220703125,382.1600036621094,381.6600036621094,381.6600036621094,49058
2026-07-24 10:16:00-04:00,382.114990234375,382.114990234375,382.2300109863281,381.8800048828125,381.8900146484375,42909
2026-07-24 10:17:00-04:00,382.0050048828125,382.0050048828125,382.3399963378906,381.57000732421875,382.1099853515625,51885
2026-07-24 10:18:00-04:00,382.29998779296875,382.29998779296875,382.3399963378906,381.875,381.9700012207031,44297
2026-07-24 10:19:00-04:00,382.05499267578125,382.05499267578125,382.2900085449219,381.8500061035156,382.2250061035156,95624
2026-07-24 10:20:00-04:00,382.6549987792969,382.6549987792969,382.9700012207031,381.94000244140625,382.05499267578125,143940
2026-07-24 10:21:00-04:00,382.8800048828125,382.8800048828125,383.0021057128906,382.4200134277344,382.6499938964844,65940
2026-07-24 10:22:00-04:00,383.0317077636719,383.0317077636719,383.20001220703125,382.57000732421875,382.885009765625,68489
2026-07-24 10:23:00-04:00,382.75,382.75,383.4100036621094,382.75,383.1449890136719,43370
2026-07-24 10:24:00-04:00,382.95001220703125,382.95001220703125,383.0400085449219,382.7200012207031,382.7900085449219,49511
2026-07-24 10:25:00-04:00,382.4800109863281,382.4800109863281,382.9800109863281,382.3900146484375,382.95001220703125,51554
2026-07-24 10:26:00-04:00,382.9750061035156,382.9750061035156,383.0199890136719,382.3299865722656,382.510009765625,41412
2026-07-24 10:27:00-04:00,383.0199890136719,383.0199890136719,383.2699890136719,382.7701110839844,382.9700012207031,153221
2026-07-24 10:28:00-04:00,382.68499755859375,382.68499755859375,383.1000061035156,382.6099853515625,382.9849853515625,37407
2026-07-24 10:29:00-04:00,381.7049865722656,381.7049865722656,382.760009765625,381.6400146484375,382.739990234375,113475
2026-07-24 10:30:00-04:00,382.3949890136719,382.3949890136719,382.489990234375,381.69189453125,381.7049865722656,89569
2026-07-24 10:31:00-04:00,382.4700012207031,382.4700012207031,382.5199890136719,382.17999267578125,382.2900085449219,82003
2026-07-24 10:32:00-04:00,382.7900085449219,382.7900085449219,383.1116027832031,382.3599853515625,382.42999267578125,72244
2026-07-24 10:33:00-04:00,382.94000244140625,382.94000244140625,383.07818603515625,382.6400146484375,382.79998779296875,36736
2026-07-24 10:34:00-04:00,382.760009765625,382.760009765625,383.04998779296875,382.760009765625,382.989990234375,27971
2026-07-24 10:35:00-04:00,383.4179992675781,383.4179992675781,383.4179992675781,382.7701110839844,382.7900085449219,50894
2026-07-24 10:36:00-04:00,383.42999267578125,383.42999267578125,383.6099853515625,383.25,383.3949890136719,61696
2026-07-24 10:37:00-04:00,383.4805908203125,383.4805908203125,383.9200134277344,383.3500061035156,383.4750061035156,48052
2026-07-24 10:38:00-04:00,383.2049865722656,383.2049865722656,383.6000061035156,383.17999267578125,383.4700012207031,47320
2026-07-24 10:39:00-04:00,383.1499938964844,383.1499938964844,383.29998779296875,382.8900146484375,383.2049865722656,48251
2026-07-24 10:40:00-04:00,383.5199890136719,383.5199890136719,383.67999267578125,383.1368103027344,383.19000244140625,74377
2026-07-24 10:41:00-04:00,383.6300048828125,383.6300048828125,383.7099914550781,383.0899963378906,383.4599914550781,55301
2026-07-24 10:42:00-04:00,383.7349853515625,383.7349853515625,383.7984924316406,383.5350036621094,383.67999267578125,42776
2026-07-24 10:43:00-04:00,383.3500061035156,383.3500061035156,383.7349853515625,383.3299865722656,383.69000244140625,48124
2026-07-24 10:44:00-04:00,382.889892578125,382.889892578125,383.4200134277344,382.7900085449219,383.239990234375,59442
2026-07-24 10:45:00-04:00,383.114990234375,383.114990234375,383.30999755859375,382.80999755859375,382.80999755859375,52909
2026-07-24 10:46:00-04:00,382.8399963378906,382.8399963378906,383.3599853515625,382.79998779296875,383.1199951171875,90836
2026-07-24 10:47:00-04:00,382.8999938964844,382.8999938964844,383.0,382.7001037597656,382.8399963378906,95201
2026-07-24 10:48:00-04:00,382.9700012207031,382.9700012207031,383.2099914550781,382.82000732421875,382.8999938964844,50571
2026-07-24 10:49:00-04:00,383.0450134277344,383.0450134277344,383.1400146484375,382.80999755859375,382.989990234375,57681
2026-07-24 10:50:00-04:00,383.510009765625,383.510009765625,383.510009765625,383.1000061035156,383.1000061035156,51312
2026-07-24 10:51:00-04:00,383.69000244140625,383.69000244140625,383.8299865722656,383.32000732421875,383.4849853515625,43973
2026-07-24 10:52:00-04:00,383.1499938964844,383.1499938964844,383.7049865722656,383.1499938964844,383.7049865722656,49319
2026-07-24 10:53:00-04:00,383.4729919433594,383.4729919433594,383.54998779296875,383.19000244140625,383.2449951171875,31865
2026-07-24 10:54:00-04:00,383.2713928222656,383.2713928222656,383.510009765625,383.2300109863281,383.510009765625,31268
2026-07-24 10:55:00-04:00,383.20001220703125,383.20001220703125,383.32000732421875,383.07000732421875,383.239990234375,40841
2026-07-24 10:56:00-04:00,383.5199890136719,383.5199890136719,383.5400085449219,383.1499938964844,383.15008544921875,31182
2026-07-24 10:57:00-04:00,383.6300048828125,383.6300048828125,383.6499938964844,383.32000732421875,383.5,47712
2026-07-24 10:58:00-04:00,384.1400146484375,384.1400146484375,384.20001220703125,383.5425109863281,383.6000061035156,61525
2026-07-24 10:59:00-04:00,384.2049865722656,384.2049865722656,384.5,384.1199951171875,384.1549987792969,74402
2026-07-24 11:00:00-04:00,384.5150146484375,384.5150146484375,384.57000732421875,384.0911865234375,384.2099914550781,63225
2026-07-24 11:01:00-04:00,384.3900146484375,384.3900146484375,384.5799865722656,384.1650085449219,384.4599914550781,58305
2026-07-24 11:02:00-04:00,383.80999755859375,383.80999755859375,384.3500061035156,383.739990234375,384.3399963378906,46651
2026-07-24 11:03:00-04:00,383.7449951171875,383.7449951171875,384.04998779296875,383.4800109863281,383.8349914550781,125681
2026-07-24 11:04:00-04:00,383.7149963378906,383.7149963378906,383.8699951171875,383.5799865722656,383.7300109863281,33235
2026-07-24 11:05:00-04:00,384.0199890136719,384.0199890136719,384.1099853515625,383.67498779296875,383.7149963378906,36879
2026-07-24 11:06:00-04:00,383.92498779296875,383.92498779296875,384.1600036621094,383.8900146484375,383.9700012207031,28428
2026-07-24 11:07:00-04:00,384.04998779296875,384.04998779296875,384.1199951171875,383.6000061035156,383.95001220703125,40260
2026-07-24 11:08:00-04:00,384.2749938964844,384.2749938964844,384.5199890136719,383.9800109863281,384.0,40403
2026-07-24 11:09:00-04:00,384.0299987792969,384.0299987792969,384.32000732421875,383.9100036621094,384.2900085449219,39465
2026-07-24 11:10:00-04:00,384.8399963378906,384.8399963378906,384.8399963378906,383.9800109863281,383.9800109863281,77331
2026-07-24 11:11:00-04:00,384.67999267578125,384.67999267578125,385.010009765625,384.54998779296875,384.7699890136719,59191
2026-07-24 11:12:00-04:00,384.7300109863281,384.7300109863281,385.0,384.6600036621094,384.6601867675781,77826
2026-07-24 11:13:00-04:00,384.79998779296875,384.79998779296875,384.909912109375,384.57000732421875,384.7300109863281,46007
2026-07-24 11:14:00-04:00,385.135009765625,385.135009765625,385.3316955566406,384.864990234375,384.86749267578125,211494
2026-07-24 11:15:00-04:00,385.7300109863281,385.7300109863281,385.8800048828125,384.95001220703125,385.1000061035156,101594
2026-07-24 11:16:00-04:00,385.3399963378906,385.3399963378906,385.8299865722656,385.2799987792969,385.6499938964844,47305
2026-07-24 11:17:00-04:00,385.2250061035156,385.2250061035156,385.4825134277344,385.04998779296875,385.4100036621094,39273
2026-07-24 11:18:00-04:00,384.864990234375,384.864990234375,385.45001220703125,384.8299865722656,385.2019958496094,41040
2026-07-24 11:19:00-04:00,384.7799987792969,384.7799987792969,384.8999938964844,384.29998779296875,384.864990234375,43149
2026-07-24 11:20:00-04:00,385.07000732421875,385.07000732421875,385.3883056640625,384.67999267578125,384.7449951171875,42849
2026-07-24 11:21:00-04:00,384.5400085449219,384.5400085449219,385.135009765625,384.44500732421875,385.04998779296875,100580
2026-07-24 11:22:00-04:00,384.67999267578125,384.67999267578125,384.89990234375,384.5400085449219,384.5400085449219,76430
2026-07-24 11:23:00-04:00,385.04010009765625,385.04010009765625,385.4700012207031,384.7349853515625,384.7349853515625,86558
2026-07-24 11:24:00-04:00,385.2210998535156,385.2210998535156,385.37921142578125,385.010009765625,385.1300048828125,26681
2026-07-24 11:25:00-04:00,385.5,385.5,385.5,385.1000061035156,385.20001220703125,32716
2026-07-24 11:26:00-04:00,385.5249938964844,385.5249938964844,385.5799865722656,385.3500061035156,385.5050048828125,34789
2026-07-24 11:27:00-04:00,385.7650146484375,385.7650146484375,385.7900085449219,385.489990234375,385.52508544921875,36274
2026-07-24 11:28:00-04:00,385.6200866699219,385.6200866699219,386.0299987792969,385.55999755859375,385.7650146484375,46034
2026-07-24 11:29:00-04:00,385.2200012207031,385.2200012207031,385.69000244140625,385.1400146484375,385.69000244140625,43497
2026-07-24 11:30:00-04:00,385.54998779296875,385.54998779296875,385.54998779296875,385.0299987792969,385.22601318359375,41057
2026-07-24 11:31:00-04:00,385.3500061035156,385.3500061035156,385.6899108886719,385.2825012207031,385.54998779296875,25088
2026-07-24 11:32:00-04:00,385.07000732421875,385.07000732421875,385.3900146484375,385.07000732421875,385.3500061035156,33276
2026-07-24 11:33:00-04:00,385.0299987792969,385.0299987792969,385.07000732421875,384.92999267578125,385.07000732421875,38374
2026-07-24 11:34:00-04:00,384.5400085449219,384.5400085449219,385.0899963378906,384.5400085449219,385.05999755859375,49437
2026-07-24 11:35:00-04:00,384.6700134277344,384.6700134277344,384.760009765625,384.5400085449219,384.5899963378906,43492
2026-07-24 11:36:00-04:00,385.07000732421875,385.07000732421875,385.07000732421875,384.5799865722656,384.67999267578125,160016
2026-07-24 11:37:00-04:00,384.7900085449219,384.7900085449219,385.1499938964844,384.7900085449219,385.05999755859375,39594
2026-07-24 11:38:00-04:00,385.1400146484375,385.1400146484375,385.1499938964844,384.7799987792969,384.8283996582031,17726
2026-07-24 11:39:00-04:00,385.15728759765625,385.15728759765625,385.17999267578125,385.0299987792969,385.1199951171875,23733
2026-07-24 11:40:00-04:00,385.1400146484375,385.1400146484375,385.3299865722656,385.1300048828125,385.1300048828125,30860
2026-07-24 11:41:00-04:00,384.7550048828125,384.7550048828125,385.1600036621094,384.69000244140625,385.1199951171875,29544
2026-07-24 11:42:00-04:00,384.6400146484375,384.6400146484375,384.8699951171875,384.6300048828125,384.69000244140625,29438
2026-07-24 11:43:00-04:00,384.2099914550781,384.2099914550781,384.9100036621094,384.17999267578125,384.69000244140625,34948
2026-07-24 11:44:00-04:00,384.4200134277344,384.4200134277344,384.46990966796875,384.1700134277344,384.17999267578125,30924
2026-07-24 11:45:00-04:00,384.385009765625,384.385009765625,384.5,384.2099914550781,384.42498779296875,27961
2026-07-24 11:46:00-04:00,384.4200134277344,384.4200134277344,384.4800109863281,384.29998779296875,384.44000244140625,28727
2026-07-24 11:47:00-04:00,384.2850036621094,384.2850036621094,384.4700012207031,384.20001220703125,384.4100036621094,36211
2026-07-24 11:48:00-04:00,384.1549987792969,384.1549987792969,384.28009033203125,383.90899658203125,384.28009033203125,46065
2026-07-24 11:49:00-04:00,383.92999267578125,383.92999267578125,384.2298889160156,383.760009765625,384.20001220703125,30499
2026-07-24 11:50:00-04:00,384.2699890136719,384.2699890136719,384.3699951171875,383.95001220703125,383.95001220703125,33695
2026-07-24 11:51:00-04:00,383.81500244140625,383.81500244140625,384.2699890136719,383.760009765625,384.2699890136719,28537
2026-07-24 11:52:00-04:00,383.5,383.5,383.82000732421875,383.489990234375,383.7799987792969,34255
2026-07-24 11:53:00-04:00,383.82000732421875,383.82000732421875,383.82000732421875,383.5199890136719,383.5199890136719,24227
2026-07-24 11:54:00-04:00,383.70001220703125,383.70001220703125,383.94000244140625,383.6499938964844,383.8500061035156,32475
2026-07-24 11:55:00-04:00,383.5799865722656,383.5799865722656,383.8399963378906,383.57000732421875,383.739990234375,26087
2026-07-24 11:56:00-04:00,383.70001220703125,383.70001220703125,383.7900085449219,383.510009765625,383.5799865722656,78692
2026-07-24 11:57:00-04:00,384.04998779296875,384.04998779296875,384.1094970703125,383.6918029785156,383.75,32058
2026-07-24 11:58:00-04:00,383.9549865722656,383.9549865722656,384.0199890136719,383.70001220703125,384.0,21376
2026-07-24 11:59:00-04:00,383.92498779296875,383.92498779296875,384.0,383.8299865722656,383.92449951171875,18638
2026-07-24 12:00:00-04:00,384.1650085449219,384.1650085449219,384.1700134277344,383.864990234375,383.8999938964844,31133
2026-07-24 12:01:00-04:00,384.19000244140625,384.19000244140625,384.19000244140625,383.9901123046875,384.125,24589
2026-07-24 12:02:00-04:00,384.160400390625,384.160400390625,384.3399963378906,384.1099853515625,384.1549987792969,22362
2026-07-24 12:03:00-04:00,384.2099914550781,384.2099914550781,384.25,384.05999755859375,384.1300048828125,25060
2026-07-24 12:04:00-04:00,384.2749938964844,384.2749938964844,384.3299865722656,384.1499938964844,384.2799987792969,22656
2026-07-24 12:05:00-04:00,384.2900085449219,384.2900085449219,384.37811279296875,384.25,384.2749938964844,20568
2026-07-24 12:06:00-04:00,384.1700134277344,384.1700134277344,384.3399963378906,384.11871337890625,384.30499267578125,31191
2026-07-24 12:07:00-04:00,384.2663879394531,384.2663879394531,384.3800048828125,384.1300048828125,384.2200012207031,29119
2026-07-24 12:08:00-04:00,384.1600036621094,384.1600036621094,384.3450012207031,384.1600036621094,384.2850036621094,13326
2026-07-24 12:09:00-04:00,384.1000061035156,384.1000061035156,384.25,384.07000732421875,384.1499938964844,24274
2026-07-24 12:10:00-04:00,384.4599914550781,384.4599914550781,384.4599914550781,384.0799865722656,384.0799865722656,31874
2026-07-24 12:11:00-04:00,384.5299987792969,384.5299987792969,384.6499938964844,384.42498779296875,384.42498779296875,44765
2026-07-24 12:12:00-04:00,384.42999267578125,384.42999267578125,384.5400085449219,384.364990234375,384.4800109863281,20119
2026-07-24 12:13:00-04:00,384.2099914550781,384.2099914550781,384.4599914550781,384.20001220703125,384.42498779296875,31532
2026-07-24 12:14:00-04:00,384.30999755859375,384.30999755859375,384.3999938964844,384.1600036621094,384.18499755859375,36210
2026-07-24 12:15:00-04:00,384.510009765625,384.510009765625,384.6400146484375,384.29998779296875,384.30999755859375,30890
2026-07-24 12:16:00-04:00,384.7200012207031,384.7200012207031,384.739990234375,384.489990234375,384.5592956542969,23505
2026-07-24 12:17:00-04:00,384.79998779296875,384.79998779296875,384.9200134277344,384.67999267578125,384.7200012207031,30823
2026-07-24 12:18:00-04:00,385.0199890136719,385.0199890136719,385.0799865722656,384.79998779296875,384.80999755859375,28421
2026-07-24 12:19:00-04:00,385.0400085449219,385.0400085449219,385.32000732421875,384.94000244140625,385.0409851074219,55384
2026-07-24 12:20:00-04:00,384.94500732421875,384.94500732421875,385.04998779296875,384.8113098144531,385.0400085449219,32685
2026-07-24 12:21:00-04:00,384.8900146484375,384.8900146484375,385.07000732421875,384.8536071777344,384.94500732421875,27966
2026-07-24 12:22:00-04:00,384.8699951171875,384.8699951171875,384.92999267578125,384.75,384.8500061035156,25973
2026-07-24 12:23:00-04:00,384.8900146484375,384.8900146484375,384.8900146484375,384.7200012207031,384.8699951171875,21722
2026-07-24 12:24:00-04:00,384.9649963378906,384.9649963378906,385.0,384.8599853515625,384.8599853515625,21629
2026-07-24 12:25:00-04:00,384.875,384.875,385.0625,384.82000732421875,385.0,23774
2026-07-24 12:26:00-04:00,385.1099853515625,385.1099853515625,385.1199951171875,384.8599853515625,384.875,23035
2026-07-24 12:27:00-04:00,385.06500244140625,385.06500244140625,385.23638916015625,385.0400085449219,385.1130065917969,23929
2026-07-24 12:28:00-04:00,384.8699951171875,384.8699951171875,385.1080017089844,384.8699951171875,385.0799865722656,25462
2026-07-24 12:29:00-04:00,385.1499938964844,385.1499938964844,385.3299865722656,384.8800964355469,384.8800964355469,32690
2026-07-24 12:30:00-04:00,385.0101013183594,385.0101013183594,385.2898864746094,384.94000244140625,385.1600036621094,26288
2026-07-24 12:31:00-04:00,384.8800048828125,384.8800048828125,385.010009765625,384.7799987792969,385.0050048828125,30418
2026-07-24 12:32:00-04:00,384.80999755859375,384.80999755859375,384.92498779296875,384.7200012207031,384.92498779296875,23948
2026-07-24 12:33:00-04:00,384.6600036621094,384.6600036621094,384.8699951171875,384.6199951171875,384.8349914550781,19719
2026-07-24 12:34:00-04:00,384.489990234375,384.489990234375,384.7149963378906,384.30999755859375,384.6400146484375,32760
2026-07-24 12:35:00-04:00,384.4800109863281,384.4800109863281,384.6199951171875,384.375,384.4800109863281,22945
2026-07-24 12:36:00-04:00,384.54998779296875,384.54998779296875,384.5643005371094,384.4601135253906,384.489990234375,13238
2026-07-24 12:37:00-04:00,384.8599853515625,384.8599853515625,384.87799072265625,384.5,384.5700988769531,20827
2026-07-24 12:38:00-04:00,384.885009765625,384.885009765625,385.0400085449219,384.8500061035156,384.8599853515625,24657
2026-07-24 12:39:00-04:00,384.5199890136719,384.5199890136719,384.8699951171875,384.510009765625,384.8699951171875,20421
2026-07-24 12:40:00-04:00,384.4800109863281,384.4800109863281,384.54998779296875,384.3999938964844,384.5199890136719,25345
2026-07-24 12:41:00-04:00,384.4800109863281,384.4800109863281,384.6000061035156,384.3999938964844,384.4800109863281,19220
2026-07-24 12:42:00-04:00,384.4800109863281,384.4800109863281,384.57000732421875,384.29998779296875,384.5,19780
2026-07-24 12:43:00-04:00,384.4200134277344,384.4200134277344,384.5398864746094,384.3299865722656,384.5299987792969,20744
2026-07-24 12:44:00-04:00,384.3994140625,384.3994140625,384.5098876953125,384.3599853515625,384.4200134277344,19880
2026-07-24 12:45:00-04:00,384.44000244140625,384.44000244140625,384.4800109863281,384.32000732421875,384.4100036621094,19742
2026-07-24 12:46:00-04:00,384.4049987792969,384.4049987792969,384.55999755859375,384.36041259765625,384.44000244140625,20009
2026-07-24 12:47:00-04:00,384.1050109863281,384.1050109863281,384.3999938964844,384.0299987792969,384.3599853515625,25859
2026-07-24 12:48:00-04:00,384.1050109863281,384.1050109863281,384.2099914550781,383.9100036621094,384.1099853515625,43097
2026-07-24 12:49:00-04:00,384.1199951171875,384.1199951171875,384.19000244140625,383.9800109863281,384.1050109863281,25719
2026-07-24 12:50:00-04:00,384.114990234375,384.114990234375,384.2200012207031,384.0400085449219,384.114990234375,24893
2026-07-24 12:51:00-04:00,384.30999755859375,384.30999755859375,384.3599853515625,384.1600036621094,384.1600036621094,24090
2026-07-24 12:52:00-04:00,384.1000061035156,384.1000061035156,384.3399963378906,384.04998779296875,384.3299865722656,21373
2026-07-24 12:53:00-04:00,384.0899963378906,384.0899963378906,384.1300048828125,383.8299865722656,384.0799865722656,18752
2026-07-24 12:54:00-04:00,384.25,384.25,384.3699951171875,384.090087890625,384.090087890625,30490
2026-07-24 12:55:00-04:00,384.260009765625,384.260009765625,384.3699951171875,384.0899963378906,384.2200012207031,35736
2026-07-24 12:56:00-04:00,384.1549987792969,384.1549987792969,384.260009765625,384.1300048828125,384.260009765625,11280
2026-07-24 12:57:00-04:00,384.0799865722656,384.0799865722656,384.20001220703125,384.0199890136719,384.15509033203125,20373
2026-07-24 12:58:00-04:00,384.1199951171875,384.1199951171875,384.260009765625,384.05999755859375,384.1285095214844,16629
2026-07-24 12:59:00-04:00,383.95001220703125,383.95001220703125,384.1351013183594,383.95001220703125,384.135009765625,26879
2026-07-24 13:00:00-04:00,383.9750061035156,383.9750061035156,384.0899963378906,383.8699951171875,383.9750061035156,49068
2026-07-24 13:01:00-04:00,384.1099853515625,384.1099853515625,384.17999267578125,383.9200134277344,383.9888000488281,16928
2026-07-24 13:02:00-04:00,384.04010009765625,384.04010009765625,384.0899963378906,383.8800048828125,384.0899963378906,26505
2026-07-24 13:03:00-04:00,384.0400085449219,384.0400085449219,384.125,383.9800109863281,384.0400085449219,17134
2026-07-24 13:04:00-04:00,384.1200866699219,384.1200866699219,384.17999267578125,383.989990234375,384.06500244140625,43062
2026-07-24 13:05:00-04:00,384.2200012207031,384.2200012207031,384.2799987792969,384.1000061035156,384.1000061035156,24269
2026-07-24 13:06:00-04:00,383.8999938964844,383.8999938964844,384.2300109863281,383.54998779296875,384.2200927734375,58874
2026-07-24 13:07:00-04:00,383.9599914550781,383.9599914550781,384.0199890136719,383.8800048828125,383.93499755859375,28269
2026-07-24 13:08:00-04:00,383.94989013671875,383.94989013671875,384.05999755859375,383.760009765625,383.9849853515625,21448
2026-07-24 13:09:00-04:00,383.8599853515625,383.8599853515625,384.0,383.8299865722656,383.95001220703125,36613
2026-07-24 13:10:00-04:00,384.0,384.0,384.0,383.7349853515625,383.8299865722656,26144
2026-07-24 13:11:00-04:00,384.04010009765625,384.04010009765625,384.1400146484375,383.92010498046875,383.9849853515625,12607
2026-07-24 13:12:00-04:00,384.1300048828125,384.1300048828125,384.20001220703125,384.0199890136719,384.0450134277344,19623
2026-07-24 13:13:00-04:00,384.1099853515625,384.1099853515625,384.2099914550781,384.0400085449219,384.1300048828125,15949
2026-07-24 13:14:00-04:00,384.2900085449219,384.2900085449219,384.29998779296875,384.1099853515625,384.1217041015625,16222
2026-07-24 13:15:00-04:00,384.2550048828125,384.2550048828125,384.32000732421875,384.2099914550781,384.2799987792969,19725
2026-07-24 13:16:00-04:00,384.1600036621094,384.1600036621094,384.2799987792969,384.1000061035156,384.2300109863281,29997
2026-07-24 13:17:00-04:00,384.2149963378906,384.2149963378906,384.2799987792969,384.1499938964844,384.2049865722656,41081
2026-07-24 13:18:00-04:00,384.2449951171875,384.2449951171875,384.2799987792969,384.1099853515625,384.2149963378906,18405
2026-07-24 13:19:00-04:00,384.29998779296875,384.29998779296875,384.3399963378906,384.2200012207031,384.24749755859375,15491
2026-07-24 13:20:00-04:00,384.2099914550781,384.2099914550781,384.2886047363281,384.1000061035156,384.2699890136719,15398
2026-07-24 13:21:00-04:00,383.9849853515625,383.9849853515625,384.1600036621094,383.9800109863281,384.1600036621094,18203
2026-07-24 13:22:00-04:00,383.8299865722656,383.8299865722656,384.1099853515625,383.7200012207031,383.9700012207031,17358
2026-07-24 13:23:00-04:00,383.885009765625,383.885009765625,383.9200134277344,383.7900085449219,383.8299865722656,15941
2026-07-24 13:24:00-04:00,383.9599914550781,383.9599914550781,383.9798889160156,383.8599853515625,383.8599853515625,15596
2026-07-24 13:25:00-04:00,384.0851135253906,384.0851135253906,384.0851135253906,383.92999267578125,383.956787109375,17339
2026-07-24 13:26:00-04:00,384.0450134277344,384.0450134277344,384.17999267578125,384.0,384.1099853515625,355634
2026-07-24 13:27:00-04:00,384.19500732421875,384.19500732421875,384.2900085449219,384.0799865722656,384.0799865722656,54969
2026-07-24 13:28:00-04:00,384.1700134277344,384.1700134277344,384.17999267578125,383.94500732421875,384.17999267578125,23585
2026-07-24 13:29:00-04:00,384.17999267578125,384.17999267578125,384.20001220703125,384.1000061035156,384.1199951171875,20900
2026-07-24 13:30:00-04:00,384.2699890136719,384.2699890136719,384.30999755859375,384.0799865722656,384.1997985839844,22663
2026-07-24 13:31:00-04:00,384.3500061035156,384.3500061035156,384.3999938964844,384.260009765625,384.2699890136719,19946
2026-07-24 13:32:00-04:00,384.4750061035156,384.4750061035156,384.489990234375,384.3299865722656,384.3699951171875,24932
2026-07-24 13:33:00-04:00,384.6050109863281,384.6050109863281,384.6099853515625,384.4100036621094,384.4750061035156,28073
2026-07-24 13:34:00-04:00,384.5899963378906,384.5899963378906,384.6099853515625,384.4200134277344,384.6050109863281,36050
2026-07-24 13:35:00-04:00,384.625,384.625,384.6700134277344,384.5400085449219,384.5899963378906,20904
2026-07-24 13:36:00-04:00,384.55999755859375,384.55999755859375,384.69000244140625,384.3999938964844,384.625,31155
2026-07-24 13:37:00-04:00,384.30999755859375,384.30999755859375,384.635009765625,384.29998779296875,384.5950012207031,17846
2026-07-24 13:38:00-04:00,384.31500244140625,384.31500244140625,384.3299865722656,384.25,384.2900085449219,26296
2026-07-24 13:39:00-04:00,384.1300048828125,384.1300048828125,384.35540771484375,384.0299987792969,384.2749938964844,20811
2026-07-24 13:40:00-04:00,383.8706970214844,383.8706970214844,384.19500732421875,383.8706970214844,384.17999267578125,18444
2026-07-24 13:41:00-04:00,383.8699951171875,383.8699951171875,383.8999938964844,383.70001220703125,383.8900146484375,32931
2026-07-24 13:42:00-04:00,384.0150146484375,384.0150146484375,384.1271057128906,383.8900146484375,383.8976135253906,26150
2026-07-24 13:43:00-04:00,383.9674987792969,383.9674987792969,384.12139892578125,383.9674987792969,384.0299987792969,16328
2026-07-24 13:44:00-04:00,384.1000061035156,384.1000061035156,384.1199951171875,384.0,384.010009765625,14012
2026-07-24 13:45:00-04:00,384.3800048828125,384.3800048828125,384.5,384.07000732421875,384.0950012207031,41951
2026-07-24 13:46:00-04:00,384.510009765625,384.510009765625,384.5299987792969,384.3800048828125,384.3900146484375,16175
2026-07-24 13:47:00-04:00,384.5400085449219,384.5400085449219,384.6300048828125,384.4200134277344,384.5068054199219,18543
2026-07-24 13:48:00-04:00,384.67498779296875,384.67498779296875,384.7200012207031,384.4750061035156,384.55950927734375,53253
2026-07-24 13:49:00-04:00,384.5899963378906,384.5899963378906,384.7149963378906,384.5199890136719,384.67999267578125,32080
2026-07-24 13:50:00-04:00,384.79998779296875,384.79998779296875,384.79998779296875,384.5400085449219,384.6299133300781,31866
2026-07-24 13:51:00-04:00,384.67999267578125,384.67999267578125,384.8900146484375,384.6650085449219,384.7900085449219,20789
2026-07-24 13:52:00-04:00,384.625,384.625,384.7200012207031,384.54998779296875,384.67999267578125,22383
2026-07-24 13:53:00-04:00,384.68499755859375,384.68499755859375,384.7300109863281,384.6000061035156,384.6600036621094,17309
2026-07-24 13:54:00-04:00,384.75,384.75,384.80999755859375,384.6462097167969,384.67999267578125,9560
2026-07-24 13:55:00-04:00,384.5799865722656,384.5799865722656,384.80999755859375,384.5799865722656,384.7250061035156,20423
2026-07-24 13:56:00-04:00,384.82000732421875,384.82000732421875,384.82000732421875,384.5470886230469,384.5899963378906,17522
2026-07-24 13:57:00-04:00,384.7900085449219,384.7900085449219,384.8399963378906,384.7099914550781,384.82000732421875,28422
2026-07-24 13:58:00-04:00,384.8800048828125,384.8800048828125,384.9100036621094,384.7699890136719,384.79998779296875,25643
2026-07-24 13:59:00-04:00,384.7149963378906,384.7149963378906,384.9200134277344,384.70001220703125,384.8900146484375,23879
2026-07-24 14:00:00-04:00,384.8999938964844,384.8999938964844,384.92999267578125,384.7149963378906,384.7300109863281,20786
2026-07-24 14:01:00-04:00,384.7149963378906,384.7149963378906,384.92999267578125,384.67999267578125,384.9100036621094,26568
2026-07-24 14:02:00-04:00,384.5150146484375,384.5150146484375,384.75,384.510009765625,384.7300109863281,15455
2026-07-24 14:03:00-04:00,384.4827880859375,384.4827880859375,384.614990234375,384.4700927734375,384.55499267578125,25762
2026-07-24 14:04:00-04:00,384.6000061035156,384.6000061035156,384.6300048828125,384.4700012207031,384.4707946777344,16176
2026-07-24 14:05:00-04:00,384.6300048828125,384.6300048828125,384.659912109375,384.5400085449219,384.6000061035156,21594
2026-07-24 14:06:00-04:00,384.5799865722656,384.5799865722656,384.6199951171875,384.4100036621094,384.6099853515625,44219
2026-07-24 14:07:00-04:00,384.7799987792969,384.7799987792969,384.7799987792969,384.55999755859375,384.5849914550781,12386
2026-07-24 14:08:00-04:00,384.6400146484375,384.6400146484375,384.8500061035156,384.6400146484375,384.79998779296875,20467
2026-07-24 14:09:00-04:00,384.7149963378906,384.7149963378906,384.8999938964844,384.6400146484375,384.6400146484375,26095
2026-07-24 14:10:00-04:00,384.6600036621094,384.6600036621094,384.8299865722656,384.6600036621094,384.70001220703125,18218
2026-07-24 14:11:00-04:00,384.6050109863281,384.6050109863281,384.6549987792969,384.4700927734375,384.6400146484375,21813
2026-07-24 14:12:00-04:00,384.68499755859375,384.68499755859375,384.79998779296875,384.614990234375,384.6199951171875,18727
2026-07-24 14:13:00-04:00,384.5400085449219,384.5400085449219,384.75,384.5299987792969,384.68499755859375,41543
2026-07-24 14:14:00-04:00,384.7101135253906,384.7101135253906,384.739990234375,384.510009765625,384.5350036621094,21841
2026-07-24 14:15:00-04:00,384.69049072265625,384.69049072265625,384.7900085449219,384.67999267578125,384.7099914550781,26878
2026-07-24 14:16:00-04:00,384.5762023925781,384.5762023925781,384.7149963378906,384.5,384.7149963378906,22988
2026-07-24 14:17:00-04:00,384.68499755859375,384.68499755859375,384.7099914550781,384.5400085449219,384.5400085449219,14935
2026-07-24 14:18:00-04:00,384.6449890136719,384.6449890136719,384.7099914550781,384.4949951171875,384.69000244140625,39246
2026-07-24 14:19:00-04:00,384.375,384.375,384.70001220703125,384.3399963378906,384.6449890136719,20624
2026-07-24 14:20:00-04:00,384.1700134277344,384.1700134277344,384.4100036621094,384.1499938964844,384.3599853515625,33224
2026-07-24 14:21:00-04:00,384.1700134277344,384.1700134277344,384.21990966796875,384.0849914550781,384.1700134277344,35574
2026-07-24 14:22:00-04:00,384.2300109863281,384.2300109863281,384.2699890136719,384.1199951171875,384.1700134277344,27367
2026-07-24 14:23:00-04:00,384.1449890136719,384.1449890136719,384.29998779296875,384.1400146484375,384.25,34598
2026-07-24 14:24:00-04:00,384.18499755859375,384.18499755859375,384.2200012207031,384.1300048828125,384.1600036621094,21386
2026-07-24 14:25:00-04:00,384.2149963378906,384.2149963378906,384.2300109863281,384.04998779296875,384.17999267578125,43787
2026-07-24 14:26:00-04:00,384.2200012207031,384.2200012207031,384.3500061035156,384.2149963378906,384.2149963378906,23890
2026-07-24 14:27:00-04:00,384.0899963378906,384.0899963378906,384.260009765625,384.06500244140625,384.2300109863281,25975
2026-07-24 14:28:00-04:00,384.05999755859375,384.05999755859375,384.1400146484375,384.010009765625,384.0799865722656,34741
2026-07-24 14:29:00-04:00,383.95001220703125,383.95001220703125,384.1400146484375,383.8999938964844,384.0899963378906,30623
2026-07-24 14:30:00-04:00,384.0299987792969,384.0299987792969,384.1000061035156,383.8900146484375,383.94000244140625,36775
2026-07-24 14:31:00-04:00,384.1549987792969,384.1549987792969,384.2200012207031,384.0199890136719,384.0299987792969,32937
2026-07-24 14:32:00-04:00,384.19000244140625,384.19000244140625,384.29998779296875,384.125,384.1499938964844,35624
2026-07-24 14:33:00-04:00,384.010009765625,384.010009765625,384.3299865722656,384.010009765625,384.1400146484375,22415
2026-07-24 14:34:00-04:00,383.83441162109375,383.83441162109375,384.010009765625,383.7200012207031,383.9849853515625,28496
2026-07-24 14:35:00-04:00,383.92498779296875,383.92498779296875,383.94000244140625,383.6300048828125,383.86590576171875,28376
2026-07-24 14:36:00-04:00,383.989990234375,383.989990234375,384.260009765625,383.8999938964844,383.9599914550781,35860
2026-07-24 14:37:00-04:00,384.0299987792969,384.0299987792969,384.1000061035156,383.9599914550781,384.0,13945
2026-07-24 14:38:00-04:00,384.27020263671875,384.27020263671875,384.3395080566406,384.010009765625,384.010009765625,41188
2026-07-24 14:39:00-04:00,384.2300109863281,384.2300109863281,384.3999938964844,384.0799865722656,384.30499267578125,37560
2026-07-24 14:40:00-04:00,384.2699890136719,384.2699890136719,384.2900085449219,384.1700134277344,384.2300109863281,22727
2026-07-24 14:41:00-04:00,384.19000244140625,384.19000244140625,384.3299865722656,384.1700134277344,384.2300109863281,26051
2026-07-24 14:42:00-04:00,384.4700012207031,384.4700012207031,384.4700012207031,384.1499938964844,384.1700134277344,24465
2026-07-24 14:43:00-04:00,384.5899963378906,384.5899963378906,384.6499938964844,384.3599853515625,384.42999267578125,32717
2026-07-24 14:44:00-04:00,384.4599914550781,384.4599914550781,384.6499938964844,384.44000244140625,384.57501220703125,36441
2026-07-24 14:45:00-04:00,384.56500244140625,384.56500244140625,384.6300048828125,384.44000244140625,384.44000244140625,28019
2026-07-24 14:46:00-04:00,384.6077880859375,384.6077880859375,384.6700134277344,384.38250732421875,384.56500244140625,22535
2026-07-24 14:47:00-04:00,384.5400085449219,384.5400085449219,384.7099914550781,384.5400085449219,384.614990234375,24414
2026-07-24 14:48:00-04:00,384.5350036621094,384.5350036621094,384.7091979980469,384.5,384.5899963378906,34321
2026-07-24 14:49:00-04:00,384.75,384.75,384.75,384.4862976074219,384.5350036621094,27699
2026-07-24 14:50:00-04:00,384.9200134277344,384.9200134277344,384.95001220703125,384.75,384.75,34447
2026-07-24 14:51:00-04:00,384.8016052246094,384.8016052246094,384.94000244140625,384.7950134277344,384.9100036621094,32985
2026-07-24 14:52:00-04:00,384.8399963378906,384.8399963378906,384.8599853515625,384.6099853515625,384.80999755859375,34030
2026-07-24 14:53:00-04:00,384.82000732421875,384.82000732421875,384.9100036621094,384.75,384.8399963378906,27690
2026-07-24 14:54:00-04:00,384.739990234375,384.739990234375,384.80999755859375,384.55999755859375,384.80999755859375,32162
2026-07-24 14:55:00-04:00,384.6099853515625,384.6099853515625,384.75,384.5950012207031,384.7099914550781,31811
2026-07-24 14:56:00-04:00,384.7250061035156,384.7250061035156,384.7699890136719,384.489990234375,384.625,27853
2026-07-24 14:57:00-04:00,384.5899963378906,384.5899963378906,384.75,384.5899963378906,384.7099914550781,26284
2026-07-24 14:58:00-04:00,384.5616149902344,384.5616149902344,384.70001220703125,384.5299987792969,384.593505859375,24365
2026-07-24 14:59:00-04:00,384.54998779296875,384.54998779296875,384.7300109863281,384.4800109863281,384.510009765625,29059
2026-07-24 15:00:00-04:00,384.75,384.75,384.75,384.55499267578125,384.5799865722656,59596
2026-07-24 15:01:00-04:00,384.5249938964844,384.5249938964844,384.7799987792969,384.5199890136719,384.7200012207031,40155
2026-07-24 15:02:00-04:00,384.2200927734375,384.2200927734375,384.56500244140625,384.2099914550781,384.5400085449219,26312
2026-07-24 15:03:00-04:00,383.9800109863281,383.9800109863281,384.2699890136719,383.94000244140625,384.239990234375,47942
2026-07-24 15:04:00-04:00,384.07000732421875,384.07000732421875,384.1000061035156,383.95001220703125,384.010009765625,32007
2026-07-24 15:05:00-04:00,384.32000732421875,384.32000732421875,384.4100036621094,384.05999755859375,384.05999755859375,99747
2026-07-24 15:06:00-04:00,384.2049865722656,384.2049865722656,384.3599853515625,384.0895080566406,384.32501220703125,34008
2026-07-24 15:07:00-04:00,383.9800109863281,383.9800109863281,384.260009765625,383.92999267578125,384.20001220703125,44137
2026-07-24 15:08:00-04:00,384.2101135253906,384.2101135253906,384.239990234375,383.9800109863281,383.9800109863281,38121
2026-07-24 15:09:00-04:00,384.510009765625,384.510009765625,384.510009765625,384.17999267578125,384.239990234375,63462
2026-07-24 15:10:00-04:00,384.29998779296875,384.29998779296875,384.57000732421875,384.25,384.5,45376
2026-07-24 15:11:00-04:00,384.2950134277344,384.2950134277344,384.32000732421875,384.19000244140625,384.2699890136719,35779
2026-07-24 15:12:00-04:00,384.42999267578125,384.42999267578125,384.57000732421875,384.260009765625,384.2799987792969,38729
2026-07-24 15:13:00-04:00,384.4100036621094,384.4100036621094,384.5199890136719,384.3599853515625,384.45001220703125,32460
2026-07-24 15:14:00-04:00,384.30499267578125,384.30499267578125,384.4200134277344,384.2699890136719,384.4200134277344,21339
2026-07-24 15:15:00-04:00,384.3450012207031,384.3450012207031,384.4200134277344,384.2799987792969,384.30499267578125,57290
2026-07-24 15:16:00-04:00,384.4800109863281,384.4800109863281,384.5400085449219,384.3550109863281,384.3550109863281,82156
2026-07-24 15:17:00-04:00,384.4100036621094,384.4100036621094,384.5299987792969,384.260009765625,384.5199890136719,49548
2026-07-24 15:18:00-04:00,384.5199890136719,384.5199890136719,384.6400146484375,384.3999938964844,384.3999938964844,29354
2026-07-24 15:19:00-04:00,384.6300048828125,384.6300048828125,384.6700134277344,384.489990234375,384.5199890136719,35951
2026-07-24 15:20:00-04:00,384.54998779296875,384.54998779296875,384.625,384.44000244140625,384.590087890625,48060
2026-07-24 15:21:00-04:00,384.55499267578125,384.55499267578125,384.67999267578125,384.4599914550781,384.54998779296875,34263
2026-07-24 15:22:00-04:00,384.20001220703125,384.20001220703125,384.55499267578125,384.19000244140625,384.55499267578125,32215
2026-07-24 15:23:00-04:00,384.1319885253906,384.1319885253906,384.19000244140625,384.0700988769531,384.19000244140625,36019
2026-07-24 15:24:00-04:00,384.05999755859375,384.05999755859375,384.1600036621094,383.94140625,384.1199951171875,63208
2026-07-24 15:25:00-04:00,384.05499267578125,384.05499267578125,384.2200012207031,384.0299987792969,384.0450134277344,50374
2026-07-24 15:26:00-04:00,383.8599853515625,383.8599853515625,384.05999755859375,383.80999755859375,384.05499267578125,38820
2026-07-24 15:27:00-04:00,383.7300109863281,383.7300109863281,383.8800048828125,383.7250061035156,383.8500061035156,30677
2026-07-24 15:28:00-04:00,383.57501220703125,383.57501220703125,383.739013671875,383.5299987792969,383.7099914550781,26845
2026-07-24 15:29:00-04:00,383.4002990722656,383.4002990722656,383.6600036621094,383.4002990722656,383.57501220703125,44197
2026-07-24 15:30:00-04:00,383.4649963378906,383.4649963378906,383.67999267578125,383.3800048828125,383.3999938964844,60289
2026-07-24 15:31:00-04:00,383.5899963378906,383.5899963378906,383.5899963378906,383.2900085449219,383.44000244140625,50785
2026-07-24 15:32:00-04:00,383.54998779296875,383.54998779296875,383.7749938964844,383.4700012207031,383.5260009765625,34752
2026-07-24 15:33:00-04:00,383.32000732421875,383.32000732421875,383.6499938964844,383.32000732421875,383.56500244140625,42533
2026-07-24 15:34:00-04:00,383.2099914550781,383.2099914550781,383.3800048828125,383.19000244140625,383.29998779296875,39936
2026-07-24 15:35:00-04:00,383.4010009765625,383.4010009765625,383.67999267578125,383.1600036621094,383.19500732421875,85894
2026-07-24 15:36:00-04:00,382.9849853515625,382.9849853515625,383.41461181640625,382.9020080566406,383.3999938964844,84908
2026-07-24 15:37:00-04:00,383.0481872558594,383.0481872558594,383.1300048828125,382.8299865722656,382.9599914550781,96541
2026-07-24 15:38:00-04:00,382.989990234375,382.989990234375,383.1000061035156,382.95001220703125,383.0400085449219,42533
2026-07-24 15:39:00-04:00,382.94000244140625,382.94000244140625,383.0,382.7799987792969,382.9607849121094,65155
2026-07-24 15:40:00-04:00,382.9949951171875,382.9949951171875,383.1400146484375,382.8424987792969,382.8999938964844,74025
2026-07-24 15:41:00-04:00,382.7200012207031,382.7200012207031,382.9700012207031,382.6099853515625,382.9700012207031,62659
2026-07-24 15:42:00-04:00,382.75,382.75,382.8699951171875,382.6199951171875,382.7099914550781,75902
2026-07-24 15:43:00-04:00,382.7099914550781,382.7099914550781,382.7799987792969,382.4599914550781,382.7799987792969,51263
2026-07-24 15:44:00-04:00,382.8500061035156,382.8500061035156,382.9700012207031,382.6099853515625,382.70001220703125,55182
2026-07-24 15:45:00-04:00,383.19000244140625,383.19000244140625,383.2200012207031,382.82000732421875,382.8800048828125,79475
2026-07-24 15:46:00-04:00,383.260009765625,383.260009765625,383.3900146484375,383.0643005371094,383.1700134277344,62669
2026-07-24 15:47:00-04:00,383.010009765625,383.010009765625,383.30999755859375,383.0,383.2799987792969,49978
2026-07-24 15:48:00-04:00,382.8900146484375,382.8900146484375,383.0400085449219,382.8800048828125,383.0249938964844,45568
2026-07-24 15:49:00-04:00,382.9700012207031,382.9700012207031,383.0,382.75,382.8900146484375,82355
2026-07-24 15:50:00-04:00,383.1000061035156,383.1000061035156,383.2900085449219,382.9599914550781,382.9800109863281,130003
2026-07-24 15:51:00-04:00,383.0700988769531,383.0700988769531,383.17999267578125,382.9800109863281,383.0799865722656,69577
2026-07-24 15:52:00-04:00,383.0799865722656,383.0799865722656,383.1099853515625,382.9200134277344,383.0799865722656,63311
2026-07-24 15:53:00-04:00,383.1499938964844,383.1499938964844,383.20001220703125,383.010009765625,383.07000732421875,85569
2026-07-24 15:54:00-04:00,382.8299865722656,382.8299865722656,383.2699890136719,382.67498779296875,383.1300048828125,116647
2026-07-24 15:55:00-04:00,382.2799987792969,382.2799987792969,382.9200134277344,381.6099853515625,382.79998779296875,245515
2026-07-24 15:56:00-04:00,382.1700134277344,382.1700134277344,382.4200134277344,382.05999755859375,382.2799987792969,174157
2026-07-24 15:57:00-04:00,381.5299987792969,381.5299987792969,382.1650085449219,381.45001220703125,382.1400146484375,219518
2026-07-24 15:58:00-04:00,381.6499938964844,381.6499938964844,381.8999938964844,381.5,381.54998779296875,263933
2026-07-24 15:59:00-04:00,381.739990234375,381.739990234375,381.92999267578125,381.4200134277344,381.6600036621094,590980
2026-07-27 09:30:00-04:00,390.70001220703125,390.70001220703125,392.44000244140625,389.6700134277344,390.07000732421875,1360457
2026-07-27 09:31:00-04:00,389.3500061035156,389.3500061035156,391.3599853515625,389.3500061035156,390.6000061035156,217848
2026-07-27 09:32:00-04:00,390.4501037597656,390.4501037597656,390.6099853515625,389.07000732421875,389.1199951171875,119619
2026-07-27 09:33:00-04:00,388.3900146484375,388.3900146484375,390.868896484375,388.3699951171875,390.55999755859375,98660
2026-07-27 09:34:00-04:00,389.3450012207031,389.3450012207031,389.3699951171875,387.989990234375,388.69989013671875,85198
2026-07-27 09:35:00-04:00,391.1099853515625,391.1099853515625,391.45001220703125,389.010009765625,389.4100036621094,153197
2026-07-27 09:36:00-04:00,391.4200134277344,391.4200134277344,391.64990234375,390.82000732421875,391.2200012207031,150154
2026-07-27 09:37:00-04:00,391.1099853515625,391.1099853515625,391.9100036621094,390.7803039550781,391.4200134277344,85851
2026-07-27 09:38:00-04:00,391.2799987792969,391.2799987792969,391.4599914550781,390.6000061035156,391.0199890136719,70607
2026-07-27 09:39:00-04:00,390.4549865722656,390.4549865722656,391.54998779296875,390.3399963378906,391.29998779296875,70682
2026-07-27 09:40:00-04:00,391.2699890136719,391.2699890136719,391.3999938964844,390.35009765625,390.4612121582031,104193
2026-07-27 09:41:00-04:00,390.69500732421875,390.69500732421875,391.2701110839844,390.3500061035156,391.2699890136719,96083
2026-07-27 09:42:00-04:00,390.5899963378906,390.5899963378906,390.8800048828125,390.3301086425781,390.6499938964844,76453
2026-07-27 09:43:00-04:00,390.5,390.5,390.7200012207031,390.2514953613281,390.5199890136719,72054
2026-07-27 09:44:00-04:00,389.8900146484375,389.8900146484375,390.70001220703125,389.6199951171875,390.55999755859375,91746
2026-07-27 09:45:00-04:00,390.489990234375,390.489990234375,390.7218017578125,389.75,389.8599853515625,106692
2026-07-27 09:46:00-04:00,388.9800109863281,388.9800109863281,390.5199890136719,388.95001220703125,390.5199890136719,102303
2026-07-27 09:47:00-04:00,389.17999267578125,389.17999267578125,389.5299987792969,388.71600341796875,389.0299987792969,82790
2026-07-27 09:48:00-04:00,390.2850036621094,390.2850036621094,390.3299865722656,389.04998779296875,389.1499938964844,75218
2026-07-27 09:49:00-04:00,391.1612854003906,391.1612854003906,391.29998779296875,390.1099853515625,390.2300109863281,106385
2026-07-27 09:50:00-04:00,391.30999755859375,391.30999755859375,391.55999755859375,391.0299987792969,391.19500732421875,113523
2026-07-27 09:51:00-04:00,392.29998779296875,392.29998779296875,392.3800048828125,391.2101135253906,391.2900085449219,187225
2026-07-27 09:52:00-04:00,391.2701110839844,391.2701110839844,392.29998779296875,390.8500061035156,392.29998779296875,160110
2026-07-27 09:53:00-04:00,391.19000244140625,391.19000244140625,391.6099853515625,391.1400146484375,391.32000732421875,92624
2026-07-27 09:54:00-04:00,391.2550048828125,391.2550048828125,391.3251037597656,390.599609375,391.19500732421875,78051
2026-07-27 09:55:00-04:00,391.54278564453125,391.54278564453125,391.9700012207031,391.2101135253906,391.2550048828125,73581
2026-07-27 09:56:00-04:00,391.5899963378906,391.5899963378906,391.989990234375,391.480712890625,391.56500244140625,48140
2026-07-27 09:57:00-04:00,391.53009033203125,391.53009033203125,392.1300048828125,391.510009765625,391.54998779296875,62250
2026-07-27 09:58:00-04:00,391.6000061035156,391.6000061035156,391.7699890136719,391.4599914550781,391.5299987792969,50388
2026-07-27 09:59:00-04:00,391.1499938964844,391.1499938964844,391.70001220703125,391.0400085449219,391.57000732421875,60848
2026-07-27 10:00:00-04:00,391.82501220703125,391.82501220703125,391.82501220703125,390.6300048828125,391.1300964355469,119654
2026-07-27 10:01:00-04:00,391.7300109863281,391.7300109863281,391.94000244140625,391.3500061035156,391.8399963378906,82882
2026-07-27 10:02:00-04:00,391.8500061035156,391.8500061035156,391.9700012207031,391.36029052734375,391.7699890136719,65012
2026-07-27 10:03:00-04:00,392.4100036621094,392.4100036621094,392.45001220703125,391.8500061035156,391.8500061035156,97090
2026-07-27 10:04:00-04:00,392.7204895019531,392.7204895019531,392.79998779296875,392.1000061035156,392.3800048828125,120725
2026-07-27 10:05:00-04:00,392.9999084472656,392.9999084472656,393.3424987792969,392.70001220703125,392.7200012207031,157427
2026-07-27 10:06:00-04:00,391.75,391.75,393.04998779296875,391.75,392.9849853515625,175466
2026-07-27 10:07:00-04:00,391.385009765625,391.385009765625,392.07000732421875,391.3800048828125,391.739990234375,119982
2026-07-27 10:08:00-04:00,392.07000732421875,392.07000732421875,392.2099914550781,391.3800048828125,391.3800048828125,75003
2026-07-27 10:09:00-04:00,391.63970947265625,391.63970947265625,392.1689147949219,391.57000732421875,392.03009033203125,45584
2026-07-27 10:10:00-04:00,390.92999267578125,390.92999267578125,391.7699890136719,390.85101318359375,391.6650085449219,66217
2026-07-27 10:11:00-04:00,391.45001220703125,391.45001220703125,391.4800109863281,390.8999938964844,390.93499755859375,58523
2026-07-27 10:12:00-04:00,392.1499938964844,392.1499938964844,392.17999267578125,391.3699951171875,391.4150085449219,70664
2026-07-27 10:13:00-04:00,391.9750061035156,391.9750061035156,392.2900085449219,391.8800048828125,392.1499938964844,65159
2026-07-27 10:14:00-04:00,392.4649963378906,392.4649963378906,392.5,391.7806091308594,391.9800109863281,52810
2026-07-27 10:15:00-04:00,392.3550109863281,392.3550109863281,392.6199951171875,392.239990234375,392.4599914550781,65902
2026-07-27 10:16:00-04:00,392.70001220703125,392.70001220703125,392.739990234375,392.31500244140625,392.32501220703125,70491
2026-07-27 10:17:00-04:00,392.739990234375,392.739990234375,393.07000732421875,392.25,392.70001220703125,84670
2026-07-27 10:18:00-04:00,392.3599853515625,392.3599853515625,392.9599914550781,392.2701110839844,392.739990234375,83036
2026-07-27 10:19:00-04:00,391.7699890136719,391.7699890136719,392.4200134277344,391.7200012207031,392.3218994140625,96458
2026-07-27 10:20:00-04:00,391.9100036621094,391.9100036621094,391.9599914550781,391.60009765625,391.75,54139
2026-07-27 10:21:00-04:00,391.989990234375,391.989990234375,392.3399963378906,391.885009765625,391.9200134277344,145530
2026-07-27 10:22:00-04:00,391.2300109863281,391.2300109863281,392.0799865722656,391.1000061035156,391.989990234375,68114
2026-07-27 10:23:00-04:00,390.7900085449219,390.7900085449219,391.3399963378906,390.7119140625,391.2799987792969,68268
2026-07-27 10:24:00-04:00,390.7900085449219,390.7900085449219,390.94000244140625,390.54998779296875,390.7900085449219,62347
2026-07-27 10:25:00-04:00,390.5799865722656,390.5799865722656,390.9100036621094,390.30999755859375,390.7651062011719,66087
2026-07-27 10:26:00-04:00,390.95001220703125,390.95001220703125,391.239990234375,390.19500732421875,390.56500244140625,87575
2026-07-27 10:27:00-04:00,391.0,391.0,391.1099853515625,390.7650146484375,390.989990234375,48606
2026-07-27 10:28:00-04:00,391.0299987792969,391.0299987792969,391.29998779296875,390.6200866699219,391.0299987792969,74706
2026-07-27 10:29:00-04:00,390.3599853515625,390.3599853515625,391.1000061035156,390.1700134277344,391.0299987792969,73231
2026-07-27 10:30:00-04:00,390.2200012207031,390.2200012207031,390.7099914550781,390.2099914550781,390.3599853515625,90319
2026-07-27 10:31:00-04:00,390.510009765625,390.510009765625,390.57000732421875,390.19000244140625,390.2699890136719,71488
2026-07-27 10:32:00-04:00,390.3999938964844,390.3999938964844,390.69000244140625,390.2200012207031,390.4949951171875,54505
2026-07-27 10:33:00-04:00,390.2900085449219,390.2900085449219,390.8299865722656,390.2300109863281,390.44000244140625,68945
2026-07-27 10:34:00-04:00,389.75,389.75,390.2799987792969,389.739990234375,390.2699890136719,101250
2026-07-27 10:35:00-04:00,389.9849853515625,389.9849853515625,390.1199951171875,389.44000244140625,389.739990234375,115849
2026-07-27 10:36:00-04:00,389.7699890136719,389.7699890136719,390.29998779296875,389.7699890136719,390.0299987792969,99608
2026-07-27 10:37:00-04:00,389.8977966308594,389.8977966308594,389.95001220703125,389.57000732421875,389.7300109863281,69418
2026-07-27 10:38:00-04:00,390.4549865722656,390.4549865722656,390.7300109863281,389.7699890136719,389.8500061035156,63229
2026-07-27 10:39:00-04:00,390.6700134277344,390.6700134277344,390.94000244140625,390.3700866699219,390.4549865722656,61677
2026-07-27 10:40:00-04:00,390.54998779296875,390.54998779296875,390.8999938964844,390.5,390.6600036621094,65491
2026-07-27 10:41:00-04:00,390.0299072265625,390.0299072265625,390.6700134277344,389.69000244140625,390.5450134277344,37579
2026-07-27 10:42:00-04:00,390.1600036621094,390.1600036621094,390.2900085449219,389.94390869140625,390.0199890136719,53173
2026-07-27 10:43:00-04:00,389.77801513671875,389.77801513671875,390.30999755859375,389.510009765625,390.20001220703125,54358
2026-07-27 10:44:00-04:00,389.739990234375,389.739990234375,389.93499755859375,389.5799865722656,389.8349914550781,46914
2026-07-27 10:45:00-04:00,389.8800048828125,389.8800048828125,390.260009765625,389.6700134277344,389.7449951171875,68678
2026-07-27 10:46:00-04:00,390.0450134277344,390.0450134277344,390.1000061035156,389.6300048828125,389.885009765625,81276
2026-07-27 10:47:00-04:00,389.70001220703125,389.70001220703125,390.1099853515625,389.5199890136719,390.07000732421875,50727
2026-07-27 10:48:00-04:00,389.5299987792969,389.5299987792969,389.889892578125,389.4599914550781,389.7049865722656,58831
2026-07-27 10:49:00-04:00,389.32501220703125,389.32501220703125,389.6000061035156,389.32501220703125,389.510009765625,55110
2026-07-27 10:50:00-04:00,389.6050109863281,389.6050109863281,389.6700134277344,389.2300109863281,389.3185119628906,80690
2026-07-27 10:51:00-04:00,389.6099853515625,389.6099853515625,389.82501220703125,389.489990234375,389.6050109863281,40220
2026-07-27 10:52:00-04:00,389.5450134277344,389.5450134277344,389.7998962402344,389.3800048828125,389.5950012207031,37621
2026-07-27 10:53:00-04:00,389.6263122558594,389.6263122558594,389.8599853515625,389.3800048828125,389.5450134277344,26590
2026-07-27 10:54:00-04:00,389.7449951171875,389.7449951171875,389.8500061035156,389.42010498046875,389.635009765625,41348
2026-07-27 10:55:00-04:00,389.6000061035156,389.6000061035156,389.8900146484375,389.5299987792969,389.7101135253906,54136
2026-07-27 10:56:00-04:00,389.60101318359375,389.60101318359375,389.7300109863281,389.41009521484375,389.6300048828125,28345
2026-07-27 10:57:00-04:00,389.7149963378906,389.7149963378906,389.8599853515625,389.4849853515625,389.6499938964844,34599
2026-07-27 10:58:00-04:00,389.94000244140625,389.94000244140625,390.1151123046875,389.6700134277344,389.7149963378906,56862
2026-07-27 10:59:00-04:00,389.6199951171875,389.6199951171875,389.9601135253906,389.410400390625,389.9601135253906,52950
2026-07-27 11:00:00-04:00,389.8399963378906,389.8399963378906,389.8500061035156,389.3399963378906,389.614990234375,67673
2026-07-27 11:01:00-04:00,390.07501220703125,390.07501220703125,390.3399963378906,389.80010986328125,389.8999938964844,58257
2026-07-27 11:02:00-04:00,390.32501220703125,390.32501220703125,390.3399963378906,390.0,390.0199890136719,53698
2026-07-27 11:03:00-04:00,390.5050048828125,390.5050048828125,390.5400085449219,390.18499755859375,390.364990234375,37706
2026-07-27 11:04:00-04:00,390.9800109863281,390.9800109863281,391.0799865722656,390.32000732421875,390.5,55076
2026-07-27 11:05:00-04:00,391.6700134277344,391.6700134277344,391.67999267578125,390.8299865722656,391.0,57944
2026-07-27 11:06:00-04:00,391.7200012207031,391.7200012207031,392.05999755859375,391.70001220703125,391.70001220703125,225680
2026-07-27 11:07:00-04:00,391.0,391.0,391.75,390.9750061035156,391.7200012207031,47536
2026-07-27 11:08:00-04:00,391.102294921875,391.102294921875,391.2900085449219,390.8800048828125,391.0,47576
2026-07-27 11:09:00-04:00,391.2200012207031,391.2200012207031,391.4399108886719,391.0,391.0899963378906,47665
2026-07-27 11:10:00-04:00,391.2149963378906,391.2149963378906,391.6600036621094,391.2099914550781,391.2850036621094,50181
2026-07-27 11:11:00-04:00,392.0994873046875,392.0994873046875,392.1099853515625,391.2149963378906,391.2149963378906,52075
2026-07-27 11:12:00-04:00,392.3999938964844,392.3999938964844,392.3999938964844,392.04010009765625,392.04010009765625,54545
2026-07-27 11:13:00-04:00,392.5640869140625,392.5640869140625,392.75,392.3900146484375,392.3900146484375,83418
2026-07-27 11:14:00-04:00,393.0299987792969,393.0299987792969,393.07000732421875,392.54998779296875,392.54998779296875,91373
2026-07-27 11:15:00-04:00,393.0486145019531,393.0486145019531,393.2651062011719,392.9100036621094,393.0299987792969,50293
2026-07-27 11:16:00-04:00,393.42999267578125,393.42999267578125,393.489990234375,393.0400085449219,393.07000732421875,51102
2026-07-27 11:17:00-04:00,392.860107421875,392.860107421875,393.489990234375,392.8299865722656,393.489990234375,69879
2026-07-27 11:18:00-04:00,393.06500244140625,393.06500244140625,393.0899963378906,392.69000244140625,392.989990234375,62901
2026-07-27 11:19:00-04:00,392.7250061035156,392.7250061035156,393.1400146484375,392.6499938964844,393.07000732421875,39025
2026-07-27 11:20:00-04:00,392.9849853515625,392.9849853515625,393.1000061035156,392.7217102050781,392.7250061035156,46042
2026-07-27 11:21:00-04:00,392.8988037109375,392.8988037109375,393.2300109863281,392.8284912109375,392.9949951171875,41613
2026-07-27 11:22:00-04:00,393.5199890136719,393.5199890136719,393.5799865722656,392.875,392.8999938964844,69923
2026-07-27 11:23:00-04:00,393.69500732421875,393.69500732421875,393.7900085449219,393.25,393.5,72584
2026-07-27 11:24:00-04:00,393.3800964355469,393.3800964355469,393.79998779296875,393.29998779296875,393.7300109863281,60328
2026-07-27 11:25:00-04:00,393.40008544921875,393.40008544921875,393.5799865722656,393.32501220703125,393.42999267578125,54376
2026-07-27 11:26:00-04:00,393.489990234375,393.489990234375,393.489990234375,393.2200012207031,393.4700012207031,41752
2026-07-27 11:27:00-04:00,393.7149963378906,393.7149963378906,393.8949890136719,393.42999267578125,393.48150634765625,73457
2026-07-27 11:28:00-04:00,393.5050048828125,393.5050048828125,393.75,393.4200134277344,393.7149963378906,42534
2026-07-27 11:29:00-04:00,393.5199890136719,393.5199890136719,393.6499938964844,393.3800048828125,393.54998779296875,42619
2026-07-27 11:30:00-04:00,393.6000061035156,393.6000061035156,393.67999267578125,393.4599914550781,393.5199890136719,42408
2026-07-27 11:31:00-04:00,393.5050048828125,393.5050048828125,393.739990234375,393.4549865722656,393.6347961425781,58738
2026-07-27 11:32:00-04:00,393.0299987792969,393.0299987792969,393.6499938964844,392.9800109863281,393.4599914550781,53022
2026-07-27 11:33:00-04:00,393.0299987792969,393.0299987792969,393.1099853515625,392.78009033203125,393.010009765625,44782
2026-07-27 11:34:00-04:00,392.6860046386719,392.6860046386719,393.139892578125,392.6099853515625,393.0450134277344,45821
2026-07-27 11:35:00-04:00,392.0199890136719,392.0199890136719,392.79998779296875,392.010009765625,392.6099853515625,104543
2026-07-27 11:36:00-04:00,392.010009765625,392.010009765625,392.1400146484375,391.67999267578125,392.0,45632
2026-07-27 11:37:00-04:00,391.59051513671875,391.59051513671875,392.1400146484375,391.59051513671875,392.0050048828125,54721
2026-07-27 11:38:00-04:00,392.0299987792969,392.0299987792969,392.0899963378906,391.5804138183594,391.6451110839844,49416
2026-07-27 11:39:00-04:00,391.7449951171875,391.7449951171875,392.3399963378906,391.5799865722656,392.0400085449219,81720
2026-07-27 11:40:00-04:00,391.9649963378906,391.9649963378906,392.1099853515625,391.760009765625,391.7799987792969,46167
2026-07-27 11:41:00-04:00,391.9800109863281,391.9800109863281,392.20001220703125,391.7699890136719,392.0,59106
2026-07-27 11:42:00-04:00,391.8009948730469,391.8009948730469,392.1000061035156,391.7300109863281,391.9750061035156,50170
2026-07-27 11:43:00-04:00,391.3999938964844,391.3999938964844,391.8999938964844,391.31500244140625,391.8399963378906,41586
2026-07-27 11:44:00-04:00,391.489990234375,391.489990234375,391.55999755859375,391.2401123046875,391.3901062011719,50552
2026-07-27 11:45:00-04:00,391.2300109863281,391.2300109863281,391.56610107421875,391.04998779296875,391.489990234375,119795
2026-07-27 11:46:00-04:00,391.2300109863281,391.2300109863281,391.3500061035156,391.2002868652344,391.2349853515625,32356
2026-07-27 11:47:00-04:00,391.17999267578125,391.17999267578125,391.6487121582031,391.1099853515625,391.2250061035156,41791
2026-07-27 11:48:00-04:00,391.260009765625,391.260009765625,391.4700012207031,391.17999267578125,391.2200012207031,40123
2026-07-27 11:49:00-04:00,390.8949890136719,390.8949890136719,391.2850036621094,390.6099853515625,391.260009765625,53746
2026-07-27 11:50:00-04:00,390.75,390.75,391.0199890136719,390.6700134277344,390.8399963378906,48541
2026-07-27 11:51:00-04:00,390.9757995605469,390.9757995605469,391.0050048828125,390.75,390.75,59588
2026-07-27 11:52:00-04:00,390.8299865722656,390.8299865722656,391.0199890136719,390.7699890136719,390.9599914550781,25023
2026-07-27 11:53:00-04:00,390.9501037597656,390.9501037597656,391.1199951171875,390.7799987792969,390.8200988769531,18734
2026-07-27 11:54:00-04:00,390.93499755859375,390.93499755859375,390.989990234375,390.739990234375,390.9599914550781,23711
2026-07-27 11:55:00-04:00,391.1600036621094,391.1600036621094,391.1700134277344,390.8599853515625,390.94000244140625,45027
2026-07-27 11:56:00-04:00,390.9800109863281,390.9800109863281,391.1600036621094,390.8299865722656,391.125,30791
2026-07-27 11:57:00-04:00,390.6199951171875,390.6199951171875,391.0299987792969,390.6199951171875,390.989990234375,53011
2026-07-27 11:58:00-04:00,390.4949951171875,390.4949951171875,390.6700134277344,390.340087890625,390.6700134277344,32672
2026-07-27 11:59:00-04:00,390.2650146484375,390.2650146484375,390.5201110839844,389.8999938964844,390.4949951171875,81655
2026-07-27 12:00:00-04:00,390.67999267578125,390.67999267578125,390.70001220703125,390.19000244140625,390.239990234375,47045
2026-07-27 12:01:00-04:00,390.4800109863281,390.4800109863281,390.6600036621094,390.3800048828125,390.6600036621094,33035
2026-07-27 12:02:00-04:00,390.20001220703125,390.20001220703125,390.57000732421875,390.20001220703125,390.5098876953125,29604
2026-07-27 12:03:00-04:00,390.1199951171875,390.1199951171875,390.25,390.0,390.20001220703125,54468
2026-07-27 12:04:00-04:00,390.4200134277344,390.4200134277344,390.510009765625,389.9599914550781,390.0899963378906,42439
2026-07-27 12:05:00-04:00,390.4100036621094,390.4100036621094,390.5400085449219,390.30999755859375,390.42999267578125,31608
2026-07-27 12:06:00-04:00,390.3951110839844,390.3951110839844,390.4750061035156,390.19000244140625,390.42999267578125,34954
2026-07-27 12:07:00-04:00,390.56500244140625,390.56500244140625,390.6400146484375,390.32000732421875,390.3949890136719,28135
2026-07-27 12:08:00-04:00,390.739990234375,390.739990234375,390.8500061035156,390.45001220703125,390.5899963378906,31151
2026-07-27 12:09:00-04:00,390.7449951171875,390.7449951171875,390.80999755859375,390.5000915527344,390.78070068359375,40152
2026-07-27 12:10:00-04:00,390.5899963378906,390.5899963378906,390.80999755859375,390.3699951171875,390.7900085449219,55196
2026-07-27 12:11:00-04:00,390.5249938964844,390.5249938964844,390.6499938964844,390.4700012207031,390.55999755859375,33049
2026-07-27 12:12:00-04:00,390.4010009765625,390.4010009765625,390.6650085449219,390.3999938964844,390.57000732421875,22230
2026-07-27 12:13:00-04:00,390.17999267578125,390.17999267578125,390.489990234375,390.1000061035156,390.42999267578125,30216
2026-07-27 12:14:00-04:00,389.989990234375,389.989990234375,390.2099914550781,389.989990234375,390.19000244140625,33989
2026-07-27 12:15:00-04:00,389.8399963378906,389.8399963378906,390.05999755859375,389.8399963378906,390.0,34992
2026-07-27 12:16:00-04:00,389.70001220703125,389.70001220703125,389.79998779296875,389.6400146484375,389.79998779296875,25786
2026-07-27 12:17:00-04:00,389.760009765625,389.760009765625,389.80999755859375,389.57000732421875,389.70001220703125,40229
2026-07-27 12:18:00-04:00,389.8900146484375,389.8900146484375,389.989990234375,389.7550048828125,389.7550048828125,29845
2026-07-27 12:19:00-04:00,389.81500244140625,389.81500244140625,389.8999938964844,389.6875,389.8999938964844,41262
2026-07-27 12:20:00-04:00,389.7301025390625,389.7301025390625,389.9296875,389.67999267578125,389.81500244140625,26758
2026-07-27 12:21:00-04:00,389.6199951171875,389.6199951171875,389.9049987792969,389.5799865722656,389.7699890136719,24038
2026-07-27 12:22:00-04:00,389.79998779296875,389.79998779296875,389.8800048828125,389.6133117675781,389.6199951171875,30368
2026-07-27 12:23:00-04:00,389.659912109375,389.659912109375,389.8399963378906,389.54998779296875,389.7799987792969,42506
2026-07-27 12:24:00-04:00,389.7699890136719,389.7699890136719,389.8399963378906,389.3999938964844,389.625,54469
2026-07-27 12:25:00-04:00,390.8059997558594,390.8059997558594,390.8059997558594,389.6875,389.7701110839844,69773
2026-07-27 12:26:00-04:00,390.1600036621094,390.1600036621094,390.69500732421875,390.0899963378906,390.69500732421875,43916
2026-07-27 12:27:00-04:00,390.8900146484375,390.8900146484375,390.92999267578125,390.1300048828125,390.1600036621094,34993
2026-07-27 12:28:00-04:00,390.42498779296875,390.42498779296875,390.92498779296875,390.3699951171875,390.8699951171875,38940
2026-07-27 12:29:00-04:00,390.4599914550781,390.4599914550781,390.57000732421875,390.3699951171875,390.42498779296875,38200
2026-07-27 12:30:00-04:00,390.8525085449219,390.8525085449219,390.8699951171875,390.29010009765625,390.4599914550781,46777
2026-07-27 12:31:00-04:00,391.1650085449219,391.1650085449219,391.2099914550781,390.7300109863281,390.82000732421875,53316
2026-07-27 12:32:00-04:00,391.114990234375,391.114990234375,391.30999755859375,391.05999755859375,391.1700134277344,43997
2026-07-27 12:33:00-04:00,391.1700134277344,391.1700134277344,391.19000244140625,390.95001220703125,391.114990234375,38566
2026-07-27 12:34:00-04:00,391.5199890136719,391.5199890136719,391.5299987792969,391.1300048828125,391.1499938964844,40187
2026-07-27 12:35:00-04:00,391.8399963378906,391.8399963378906,392.0,391.45001220703125,391.5350036621094,60443
2026-07-27 12:36:00-04:00,391.739990234375,391.739990234375,391.9200134277344,391.6700134277344,391.8900146484375,28700
2026-07-27 12:37:00-04:00,391.56878662109375,391.56878662109375,391.79998779296875,391.55999755859375,391.7650146484375,22621
2026-07-27 12:38:00-04:00,391.739990234375,391.739990234375,391.7900085449219,391.4800109863281,391.5899963378906,35189
2026-07-27 12:39:00-04:00,391.6650085449219,391.6650085449219,391.78509521484375,391.5,391.760009765625,25886
2026-07-27 12:40:00-04:00,391.75,391.75,391.8299865722656,391.6700134277344,391.70001220703125,23803
2026-07-27 12:41:00-04:00,391.5199890136719,391.5199890136719,391.7900085449219,391.5199890136719,391.75,39544
2026-07-27 12:42:00-04:00,391.32501220703125,391.32501220703125,391.5249938964844,391.25,391.5199890136719,33583
2026-07-27 12:43:00-04:00,391.19500732421875,391.19500732421875,391.33990478515625,391.1300048828125,391.32501220703125,31222
2026-07-27 12:44:00-04:00,391.17498779296875,391.17498779296875,391.32000732421875,391.0799865722656,391.1700134277344,28699
2026-07-27 12:45:00-04:00,391.510009765625,391.510009765625,391.6000061035156,391.17498779296875,391.2099914550781,42757
2026-07-27 12:46:00-04:00,391.5299987792969,391.5299987792969,391.5899963378906,391.30999755859375,391.510009765625,36517
2026-07-27 12:47:00-04:00,391.3299865722656,391.3299865722656,391.5299987792969,391.2300109863281,391.5299987792969,28707
2026-07-27 12:48:00-04:00,391.1700134277344,391.1700134277344,391.3699951171875,391.1300048828125,391.3299865722656,20472
2026-07-27 12:49:00-04:00,391.2200012207031,391.2200012207031,391.3500061035156,391.1400146484375,391.1700134277344,19881
2026-07-27 12:50:00-04:00,391.1099853515625,391.1099853515625,391.4100036621094,391.0700988769531,391.2200012207031,38530
2026-07-27 12:51:00-04:00,391.0,391.0,391.2200012207031,390.9200134277344,391.1099853515625,30036
2026-07-27 12:52:00-04:00,390.94000244140625,390.94000244140625,391.0,390.7699890136719,391.0,23575
2026-07-27 12:53:00-04:00,391.0299987792969,391.0299987792969,391.0299987792969,390.75,390.9200134277344,19442
2026-07-27 12:54:00-04:00,391.2449951171875,391.2449951171875,391.2900085449219,391.0050048828125,391.0050048828125,18931
2026-07-27 12:55:00-04:00,391.17999267578125,391.17999267578125,391.3500061035156,391.0899963378906,391.239990234375,29169
2026-07-27 12:56:00-04:00,391.2650146484375,391.2650146484375,391.3399963378906,391.1000061035156,391.1700134277344,29964
2026-07-27 12:57:00-04:00,391.2900085449219,391.2900085449219,391.4750061035156,391.2900085449219,391.29998779296875,43064
2026-07-27 12:58:00-04:00,391.375,391.375,391.3900146484375,391.260009765625,391.2900085449219,25621
2026-07-27 12:59:00-04:00,391.29998779296875,391.29998779296875,391.4100036621094,391.0528869628906,391.4100036621094,18244
2026-07-27 13:00:00-04:00,391.29010009765625,391.29010009765625,391.45001220703125,391.25,391.30499267578125,43334
2026-07-27 13:01:00-04:00,391.19000244140625,391.19000244140625,391.45001220703125,391.110107421875,391.32000732421875,16632
2026-07-27 13:02:00-04:00,391.1199951171875,391.1199951171875,391.2300109863281,391.04998779296875,391.19500732421875,22313
2026-07-27 13:03:00-04:00,391.0799865722656,391.0799865722656,391.1424865722656,390.8500061035156,391.1424865722656,28971
2026-07-27 13:04:00-04:00,391.04998779296875,391.04998779296875,391.1300048828125,390.8900146484375,391.0799865722656,20315
2026-07-27 13:05:00-04:00,391.02960205078125,391.02960205078125,391.0899963378906,390.92010498046875,391.0199890136719,28412
2026-07-27 13:06:00-04:00,391.1000061035156,391.1000061035156,391.1499938964844,390.9700012207031,391.0299987792969,33631
2026-07-27 13:07:00-04:00,391.135009765625,391.135009765625,391.239990234375,391.0199890136719,391.1000061035156,37291
2026-07-27 13:08:00-04:00,391.1300048828125,391.1300048828125,391.2300109863281,391.0899963378906,391.135009765625,16487
2026-07-27 13:09:00-04:00,391.25,391.25,391.3699951171875,391.0199890136719,391.1589050292969,24830
2026-07-27 13:10:00-04:00,391.42999267578125,391.42999267578125,391.42999267578125,391.1444091796875,391.2611083984375,19337
2026-07-27 13:11:00-04:00,391.0950012207031,391.0950012207031,391.5,391.05999755859375,391.42999267578125,27652
2026-07-27 13:12:00-04:00,391.2799987792969,391.2799987792969,391.3800048828125,391.0801086425781,391.1299133300781,20796
2026-07-27 13:13:00-04:00,391.4599914550781,391.4599914550781,391.4800109863281,391.32000732421875,391.32000732421875,23178
2026-07-27 13:14:00-04:00,391.7099914550781,391.7099914550781,391.7815856933594,391.4800109863281,391.4800109863281,30239
2026-07-27 13:15:00-04:00,392.1000061035156,392.1000061035156,392.17999267578125,391.7049865722656,391.7300109863281,41197
2026-07-27 13:16:00-04:00,391.8699951171875,391.8699951171875,392.3299865722656,391.8699951171875,392.0849914550781,45164
2026-07-27 13:17:00-04:00,391.80999755859375,391.80999755859375,391.94000244140625,391.7300109863281,391.8999938964844,41323
2026-07-27 13:18:00-04:00,391.7049865722656,391.7049865722656,391.8399963378906,391.5801086425781,391.79998779296875,29883
2026-07-27 13:19:00-04:00,391.8800964355469,391.8800964355469,391.8999938964844,391.67999267578125,391.7099914550781,26405
2026-07-27 13:20:00-04:00,392.1050109863281,392.1050109863281,392.2095031738281,391.80999755859375,391.8800048828125,37608
2026-07-27 13:21:00-04:00,391.9700012207031,391.9700012207031,392.19000244140625,391.9700012207031,392.0801086425781,25278
2026-07-27 13:22:00-04:00,392.0150146484375,392.0150146484375,392.1700134277344,391.8999938964844,391.8999938964844,38000
2026-07-27 13:23:00-04:00,391.7900085449219,391.7900085449219,392.135009765625,391.7900085449219,392.0299987792969,22336
2026-07-27 13:24:00-04:00,391.6099853515625,391.6099853515625,391.8399963378906,391.510009765625,391.760009765625,29825
2026-07-27 13:25:00-04:00,391.8299865722656,391.8299865722656,391.8699951171875,391.6099853515625,391.6400146484375,18328
2026-07-27 13:26:00-04:00,391.7250061035156,391.7250061035156,391.8699035644531,391.54998779296875,391.79998779296875,41641
2026-07-27 13:27:00-04:00,391.7799987792969,391.7799987792969,391.9100036621094,391.6099853515625,391.7300109863281,42784
2026-07-27 13:28:00-04:00,391.69500732421875,391.69500732421875,391.8699951171875,391.6549987792969,391.79998779296875,28471
2026-07-27 13:29:00-04:00,391.54791259765625,391.54791259765625,391.760009765625,391.5400085449219,391.69500732421875,23234
2026-07-27 13:30:00-04:00,391.94000244140625,391.94000244140625,391.94000244140625,391.5199890136719,391.5199890136719,29933
2026-07-27 13:31:00-04:00,392.04998779296875,392.04998779296875,392.1099853515625,391.8500061035156,391.94000244140625,37378
2026-07-27 13:32:00-04:00,392.19000244140625,392.19000244140625,392.30999755859375,392.0299987792969,392.04998779296875,40231
2026-07-27 13:33:00-04:00,392.3800048828125,392.3800048828125,392.42999267578125,392.1099853515625,392.239990234375,34310
2026-07-27 13:34:00-04:00,392.7149963378906,392.7149963378906,392.739013671875,392.32000732421875,392.3800048828125,51215
2026-07-27 13:35:00-04:00,392.45001220703125,392.45001220703125,392.79998779296875,392.42999267578125,392.7149963378906,38216
2026-07-27 13:36:00-04:00,392.2311096191406,392.2311096191406,392.6000061035156,392.2099914550781,392.4649963378906,48963
2026-07-27 13:37:00-04:00,391.9949951171875,391.9949951171875,392.2799987792969,391.9700012207031,392.2349853515625,56764
2026-07-27 13:38:00-04:00,392.1000061035156,392.1000061035156,392.1700134277344,391.8175048828125,391.9949951171875,41163
2026-07-27 13:39:00-04:00,392.29998779296875,392.29998779296875,392.4200134277344,392.0400085449219,392.1000061035156,45397
2026-07-27 13:40:00-04:00,392.1449890136719,392.1449890136719,392.3599853515625,392.07000732421875,392.2699890136719,27485
2026-07-27 13:41:00-04:00,392.4599914550781,392.4599914550781,392.4800109863281,392.1449890136719,392.1449890136719,32567
2026-07-27 13:42:00-04:00,392.2699890136719,392.2699890136719,392.4800109863281,392.26080322265625,392.45001220703125,31781
2026-07-27 13:43:00-04:00,392.19000244140625,392.19000244140625,392.30999755859375,392.0799865722656,392.2850036621094,27969
2026-07-27 13:44:00-04:00,392.2699890136719,392.2699890136719,392.30999755859375,392.1000061035156,392.18499755859375,24873
2026-07-27 13:45:00-04:00,392.1400146484375,392.1400146484375,392.29998779296875,392.04998779296875,392.2900085449219,18572
2026-07-27 13:46:00-04:00,391.92498779296875,391.92498779296875,392.239990234375,391.8900146484375,392.17999267578125,527188
2026-07-27 13:47:00-04:00,391.9949951171875,391.9949951171875,392.114990234375,391.92498779296875,391.92498779296875,40811
2026-07-27 13:48:00-04:00,392.0150146484375,392.0150146484375,392.1499938964844,391.93011474609375,392.0,36984
2026-07-27 13:49:00-04:00,392.42999267578125,392.42999267578125,392.45001220703125,392.0400085449219,392.0400085449219,22019
2026-07-27 13:50:00-04:00,392.70001220703125,392.70001220703125,392.7099914550781,392.42999267578125,392.42999267578125,30994
2026-07-27 13:51:00-04:00,392.80999755859375,392.80999755859375,392.9049987792969,392.66009521484375,392.7250061035156,35357
2026-07-27 13:52:00-04:00,393.1499938964844,393.1499938964844,393.1499938964844,392.7099914550781,392.7900085449219,84917
2026-07-27 13:53:00-04:00,392.9800109863281,392.9800109863281,393.2699890136719,392.8800048828125,393.1600036621094,33427
2026-07-27 13:54:00-04:00,393.0799865722656,393.0799865722656,393.1300048828125,392.94000244140625,393.0,25555
2026-07-27 13:55:00-04:00,393.20001220703125,393.20001220703125,393.20001220703125,392.8299865722656,393.05499267578125,33995
2026-07-27 13:56:00-04:00,393.364990234375,393.364990234375,393.5199890136719,393.20001220703125,393.2200012207031,58931
2026-07-27 13:57:00-04:00,393.5050048828125,393.5050048828125,393.70001220703125,393.3550109863281,393.364990234375,70373
2026-07-27 13:58:00-04:00,393.5,393.5,393.6700134277344,393.4679870605469,393.5,42771
2026-07-27 13:59:00-04:00,393.7149963378906,393.7149963378906,393.7799987792969,393.4949951171875,393.510009765625,54419
2026-07-27 14:00:00-04:00,393.5828857421875,393.5828857421875,393.92999267578125,393.5799865722656,393.760009765625,54517
2026-07-27 14:01:00-04:00,393.9100036621094,393.9100036621094,394.20001220703125,393.4800109863281,393.56500244140625,82154
2026-07-27 14:02:00-04:00,393.6400146484375,393.6400146484375,393.93499755859375,393.489990234375,393.93499755859375,66191
2026-07-27 14:03:00-04:00,393.8399963378906,393.8399963378906,393.8900146484375,393.55999755859375,393.6400146484375,31723
2026-07-27 14:04:00-04:00,393.57501220703125,393.57501220703125,393.8500061035156,393.55999755859375,393.8450012207031,30551
2026-07-27 14:05:00-04:00,393.7300109863281,393.7300109863281,393.7695007324219,393.4400939941406,393.6000061035156,37429
2026-07-27 14:06:00-04:00,393.57501220703125,393.57501220703125,393.80999755859375,393.55999755859375,393.75,32251
2026-07-27 14:07:00-04:00,393.5119934082031,393.5119934082031,393.6700134277344,393.44000244140625,393.55999755859375,33320
2026-07-27 14:08:00-04:00,393.6524963378906,393.6524963378906,393.69000244140625,393.489990234375,393.489990234375,41056
2026-07-27 14:09:00-04:00,393.8251037597656,393.8251037597656,394.0400085449219,393.57000732421875,393.6099853515625,79997
2026-07-27 14:10:00-04:00,393.8699951171875,393.8699951171875,394.1098937988281,393.70001220703125,393.82000732421875,54289
2026-07-27 14:11:00-04:00,393.6099853515625,393.6099853515625,393.9200134277344,393.5799865722656,393.875,51976
2026-07-27 14:12:00-04:00,393.5849914550781,393.5849914550781,393.760009765625,393.5849914550781,393.6300048828125,23765
2026-07-27 14:13:00-04:00,393.7200012207031,393.7200012207031,393.80120849609375,393.54998779296875,393.5849914550781,21527
2026-07-27 14:14:00-04:00,393.5400085449219,393.5400085449219,393.7650146484375,393.5199890136719,393.7200012207031,23044
2026-07-27 14:15:00-04:00,393.3299865722656,393.3299865722656,393.7200012207031,393.32000732421875,393.5299987792969,40552
2026-07-27 14:16:00-04:00,393.0409851074219,393.0409851074219,393.3599853515625,393.0409851074219,393.30499267578125,34877
2026-07-27 14:17:00-04:00,392.9800109863281,392.9800109863281,393.06500244140625,392.8699951171875,393.06500244140625,42443
2026-07-27 14:18:00-04:00,393.072509765625,393.072509765625,393.0899963378906,392.9200134277344,392.989990234375,29338
2026-07-27 14:19:00-04:00,392.9100036621094,392.9100036621094,393.0400085449219,392.7900085449219,393.0400085449219,28132
2026-07-27 14:20:00-04:00,393.0,393.0,393.07000732421875,392.8949890136719,392.8949890136719,46307
2026-07-27 14:21:00-04:00,393.1650085449219,393.1650085449219,393.2799987792969,392.947509765625,393.0299987792969,37384
2026-07-27 14:22:00-04:00,393.05499267578125,393.05499267578125,393.19000244140625,393.010009765625,393.1650085449219,35668
2026-07-27 14:23:00-04:00,393.1300048828125,393.1300048828125,393.239990234375,393.07000732421875,393.0799865722656,28068
2026-07-27 14:24:00-04:00,392.989990234375,392.989990234375,393.1199951171875,392.989990234375,393.11090087890625,24273
2026-07-27 14:25:00-04:00,392.9200134277344,392.9200134277344,393.1000061035156,392.9200134277344,392.989990234375,27024
2026-07-27 14:26:00-04:00,392.80999755859375,392.80999755859375,392.9599914550781,392.68011474609375,392.92498779296875,21554
2026-07-27 14:27:00-04:00,392.6650085449219,392.6650085449219,392.8799133300781,392.6400146484375,392.80999755859375,18544
2026-07-27 14:28:00-04:00,392.5899963378906,392.5899963378906,392.7749938964844,392.5799865722656,392.6650085449219,21103
2026-07-27 14:29:00-04:00,392.7200012207031,392.7200012207031,392.75,392.5299987792969,392.5719909667969,31940
2026-07-27 14:30:00-04:00,392.69500732421875,392.69500732421875,392.82000732421875,392.6400146484375,392.7210998535156,27564
2026-07-27 14:31:00-04:00,392.5899963378906,392.5899963378906,392.79998779296875,392.5899963378906,392.69500732421875,38222
2026-07-27 14:32:00-04:00,392.8599853515625,392.8599853515625,392.8900146484375,392.5799865722656,392.5899963378906,29436
2026-07-27 14:33:00-04:00,392.8399963378906,392.8399963378906,392.8900146484375,392.6099853515625,392.8699951171875,49495
2026-07-27 14:34:00-04:00,392.7349853515625,392.7349853515625,392.8500061035156,392.7012939453125,392.8500061035156,31940
2026-07-27 14:35:00-04:00,392.67498779296875,392.67498779296875,392.760009765625,392.5299987792969,392.73748779296875,39588
2026-07-27 14:36:00-04:00,392.67498779296875,392.67498779296875,392.67999267578125,392.5303039550781,392.6650085449219,20435
2026-07-27 14:37:00-04:00,392.82000732421875,392.82000732421875,392.8299865722656,392.510009765625,392.6499938964844,46202
2026-07-27 14:38:00-04:00,392.8800048828125,392.8800048828125,393.0400085449219,392.7900085449219,392.7900085449219,50030
2026-07-27 14:39:00-04:00,392.9649963378906,392.9649963378906,392.9700927734375,392.82501220703125,392.8800048828125,27782
2026-07-27 14:40:00-04:00,392.8699951171875,392.8699951171875,392.989990234375,392.8299865722656,392.9649963378906,32899
2026-07-27 14:41:00-04:00,393.1600036621094,393.1600036621094,393.4599914550781,392.8699951171875,392.8699951171875,72966
2026-07-27 14:42:00-04:00,393.1900939941406,393.1900939941406,393.3367919921875,393.1099853515625,393.1400146484375,41762
2026-07-27 14:43:00-04:00,393.4200134277344,393.4200134277344,393.44989013671875,393.1300048828125,393.2001037597656,31553
2026-07-27 14:44:00-04:00,393.3699951171875,393.3699951171875,393.45001220703125,393.239990234375,393.4200134277344,20568
2026-07-27 14:45:00-04:00,393.6400146484375,393.6400146484375,393.656005859375,393.3500061035156,393.3599853515625,35647
2026-07-27 14:46:00-04:00,393.5199890136719,393.5199890136719,393.67999267578125,393.510009765625,393.6600036621094,31965
2026-07-27 14:47:00-04:00,393.7200012207031,393.7200012207031,393.7300109863281,393.5199890136719,393.5199890136719,48866
2026-07-27 14:48:00-04:00,393.8500061035156,393.8500061035156,393.8699951171875,393.70001220703125,393.7200012207031,26667
2026-07-27 14:49:00-04:00,393.8500061035156,393.8500061035156,393.8699951171875,393.739990234375,393.8500061035156,29224
2026-07-27 14:50:00-04:00,393.7799987792969,393.7799987792969,393.9100036621094,393.760009765625,393.8399963378906,27912
2026-07-27 14:51:00-04:00,393.760009765625,393.760009765625,393.82989501953125,393.6199951171875,393.7799987792969,41865
2026-07-27 14:52:00-04:00,394.010009765625,394.010009765625,394.0318908691406,393.70001220703125,393.7449951171875,35951
2026-07-27 14:53:00-04:00,394.01849365234375,394.01849365234375,394.05999755859375,393.822509765625,394.010009765625,28392
2026-07-27 14:54:00-04:00,393.80499267578125,393.80499267578125,394.07501220703125,393.7900085449219,394.07000732421875,37111
2026-07-27 14:55:00-04:00,394.0450134277344,394.0450134277344,394.1000061035156,393.80499267578125,393.80499267578125,28812
2026-07-27 14:56:00-04:00,393.7699890136719,393.7699890136719,394.0299987792969,393.7300109863281,394.0101013183594,44845
2026-07-27 14:57:00-04:00,393.4949951171875,393.4949951171875,393.80999755859375,393.3900146484375,393.79998779296875,41079
2026-07-27 14:58:00-04:00,393.635009765625,393.635009765625,393.6499938964844,393.30999755859375,393.49798583984375,30610
2026-07-27 14:59:00-04:00,393.54998779296875,393.54998779296875,393.7099914550781,393.4100036621094,393.6499938964844,32562
2026-07-27 15:00:00-04:00,393.30999755859375,393.30999755859375,393.5799865722656,393.260009765625,393.5799865722656,38209
2026-07-27 15:01:00-04:00,393.06500244140625,393.06500244140625,393.4200134277344,393.06500244140625,393.2850036621094,40323
2026-07-27 15:02:00-04:00,392.9700012207031,392.9700012207031,393.17999267578125,392.9679870605469,393.06500244140625,52890
2026-07-27 15:03:00-04:00,392.82000732421875,392.82000732421875,392.9700012207031,392.7900085449219,392.9700012207031,34105
2026-07-27 15:04:00-04:00,392.55999755859375,392.55999755859375,392.8450012207031,392.54998779296875,392.80999755859375,32213
2026-07-27 15:05:00-04:00,392.739990234375,392.739990234375,392.8299865722656,392.55999755859375,392.56500244140625,37321
2026-07-27 15:06:00-04:00,392.6199951171875,392.6199951171875,392.80999755859375,392.6000061035156,392.760009765625,39935
2026-07-27 15:07:00-04:00,392.54901123046875,392.54901123046875,392.739990234375,392.45001220703125,392.6199951171875,30410
2026-07-27 15:08:00-04:00,392.6000061035156,392.6000061035156,392.6189880371094,392.4599914550781,392.5249938964844,25265
2026-07-27 15:09:00-04:00,392.489990234375,392.489990234375,392.5849914550781,392.3800048828125,392.5704040527344,37434
2026-07-27 15:10:00-04:00,392.3399963378906,392.3399963378906,392.5299987792969,392.260009765625,392.510009765625,36980
2026-07-27 15:11:00-04:00,392.1499938964844,392.1499938964844,392.38299560546875,392.1499938964844,392.3500061035156,33897
2026-07-27 15:12:00-04:00,392.0050048828125,392.0050048828125,392.20001220703125,391.8999938964844,392.1499938964844,42658
2026-07-27 15:13:00-04:00,392.1099853515625,392.1099853515625,392.30999755859375,392.0050048828125,392.0050048828125,43205
2026-07-27 15:14:00-04:00,391.9700012207031,391.9700012207031,392.12200927734375,391.94000244140625,392.1000061035156,16114
2026-07-27 15:15:00-04:00,392.1400146484375,392.1400146484375,392.2398986816406,391.94000244140625,391.9700012207031,46799
2026-07-27 15:16:00-04:00,392.06500244140625,392.06500244140625,392.19000244140625,392.010009765625,392.1449890136719,34595
2026-07-27 15:17:00-04:00,391.80999755859375,391.80999755859375,392.1000061035156,391.7950134277344,392.07000732421875,34891
2026-07-27 15:18:00-04:00,391.6600036621094,391.6600036621094,391.8500061035156,391.55999755859375,391.79998779296875,42232
2026-07-27 15:19:00-04:00,391.9599914550781,391.9599914550781,391.989990234375,391.6400146484375,391.6400146484375,52230
2026-07-27 15:20:00-04:00,391.9150085449219,391.9150085449219,392.1199951171875,391.8999938964844,391.92999267578125,43782
2026-07-27 15:21:00-04:00,391.6969909667969,391.6969909667969,391.9549865722656,391.6499938964844,391.95001220703125,36516
2026-07-27 15:22:00-04:00,391.4949951171875,391.4949951171875,391.7099914550781,391.32000732421875,391.6700134277344,59940
2026-07-27 15:23:00-04:00,391.7702941894531,391.7702941894531,391.81500244140625,391.4800109863281,391.4949951171875,33233
2026-07-27 15:24:00-04:00,391.7300109863281,391.7300109863281,391.8299865722656,391.6900939941406,391.79998779296875,48868
2026-07-27 15:25:00-04:00,391.82000732421875,391.82000732421875,391.9800109863281,391.6700134277344,391.7200012207031,33900
2026-07-27 15:26:00-04:00,391.57000732421875,391.57000732421875,391.8200988769531,391.5199890136719,391.8200988769531,52207
2026-07-27 15:27:00-04:00,391.3999938964844,391.3999938964844,391.56500244140625,391.3699951171875,391.54998779296875,44900
2026-07-27 15:28:00-04:00,391.29998779296875,391.29998779296875,391.4200134277344,391.260009765625,391.3900146484375,52354
2026-07-27 15:29:00-04:00,391.3399963378906,391.3399963378906,391.3399963378906,391.20001220703125,391.2749938964844,59727
2026-07-27 15:30:00-04:00,391.2544860839844,391.2544860839844,391.3500061035156,391.2099914550781,391.3487854003906,41390
2026-07-27 15:31:00-04:00,391.239990234375,391.239990234375,391.3598937988281,391.1199951171875,391.25,56227
2026-07-27 15:32:00-04:00,391.0899963378906,391.0899963378906,391.2900085449219,391.07501220703125,391.239990234375,39069
2026-07-27 15:33:00-04:00,391.2300109863281,391.2300109863281,391.25,390.9800109863281,391.07000732421875,45902
2026-07-27 15:34:00-04:00,391.260009765625,391.260009765625,391.3500061035156,391.1600036621094,391.2300109863281,72313
2026-07-27 15:35:00-04:00,391.135009765625,391.135009765625,391.5,391.1199951171875,391.2699890136719,101821
2026-07-27 15:36:00-04:00,390.7850036621094,390.7850036621094,391.19000244140625,390.75,391.1400146484375,54491
2026-07-27 15:37:00-04:00,390.5199890136719,390.5199890136719,390.9100036621094,390.5199890136719,390.80999755859375,51354
2026-07-27 15:38:00-04:00,390.5198059082031,390.5198059082031,390.6199951171875,390.4305114746094,390.5104064941406,64630
2026-07-27 15:39:00-04:00,390.510009765625,390.510009765625,390.55999755859375,390.31500244140625,390.5199890136719,50298
2026-07-27 15:40:00-04:00,390.4750061035156,390.4750061035156,390.59991455078125,390.3500061035156,390.5199890136719,68421
2026-07-27 15:41:00-04:00,390.44000244140625,390.44000244140625,390.6000061035156,390.3599853515625,390.5,37273
2026-07-27 15:42:00-04:00,390.1494140625,390.1494140625,390.4100036621094,390.1099853515625,390.4100036621094,42010
2026-07-27 15:43:00-04:00,390.1300048828125,390.1300048828125,390.25,390.0899963378906,390.12359619140625,41599
2026-07-27 15:44:00-04:00,390.04998779296875,390.04998779296875,390.2099914550781,390.010009765625,390.114990234375,50080
2026-07-27 15:45:00-04:00,389.8949890136719,389.8949890136719,390.0950012207031,389.80999755859375,390.0799865722656,93799
2026-07-27 15:46:00-04:00,389.73370361328125,389.73370361328125,389.9800109863281,389.70001220703125,389.8999938964844,70816
2026-07-27 15:47:00-04:00,389.6099853515625,389.6099853515625,389.7550048828125,389.5249938964844,389.75,54425
2026-07-27 15:48:00-04:00,389.55999755859375,389.55999755859375,389.6600036621094,389.3999938964844,389.635009765625,71439
2026-07-27 15:49:00-04:00,389.5950012207031,389.5950012207031,389.7300109863281,389.4599914550781,389.55999755859375,67965
2026-07-27 15:50:00-04:00,389.5400085449219,389.5400085449219,389.739990234375,389.4100036621094,389.6199951171875,92103
2026-07-27 15:51:00-04:00,389.42999267578125,389.42999267578125,389.6400146484375,389.42999267578125,389.5400085449219,72974
2026-07-27 15:52:00-04:00,389.6600036621094,389.6600036621094,389.6600036621094,389.4200134277344,389.42999267578125,83193
2026-07-27 15:53:00-04:00,389.5299987792969,389.5299987792969,389.8399963378906,389.44500732421875,389.69000244140625,112181
2026-07-27 15:54:00-04:00,389.3900146484375,389.3900146484375,389.7300109863281,389.2799987792969,389.5299987792969,123191
2026-07-27 15:55:00-04:00,389.2842102050781,389.2842102050781,389.4599914550781,388.8399963378906,389.3900146484375,209475
2026-07-27 15:56:00-04:00,389.4049987792969,389.4049987792969,389.489990234375,389.1400146484375,389.2850036621094,177657
2026-07-27 15:57:00-04:00,388.93499755859375,388.93499755859375,389.4200134277344,388.92999267578125,389.3999938964844,193149
2026-07-27 15:58:00-04:00,389.1600036621094,389.1600036621094,389.25,388.93499755859375,388.93499755859375,243738
2026-07-27 15:59:00-04:00,389.1300048828125,389.1300048828125,389.1600036621094,388.8800048828125,389.1499938964844,468176
2026-07-28 09:30:00-04:00,395.31500244140625,395.31500244140625,395.3276062011719,392.1000061035156,393.1600036621094,1590551
2026-07-28 09:31:00-04:00,394.0899963378906,394.0899963378906,396.0,392.7049865722656,395.31500244140625,219995
2026-07-28 09:32:00-04:00,393.6499938964844,393.6499938964844,395.1499938964844,393.25,394.2550048828125,168485
2026-07-28 09:33:00-04:00,394.7200012207031,394.7200012207031,394.9200134277344,393.3500061035156,393.56500244140625,110239
2026-07-28 09:34:00-04:00,396.0,396.0,396.1700134277344,394.55499267578125,394.7300109863281,199129
2026-07-28 09:35:00-04:00,397.6600036621094,397.6600036621094,397.7550048828125,396.0799865722656,396.159912109375,198955
2026-07-28 09:36:00-04:00,399.1200866699219,399.1200866699219,399.198486328125,397.239990234375,397.6600036621094,304003
2026-07-28 09:37:00-04:00,398.17999267578125,398.17999267578125,400.2099914550781,398.17999267578125,399.3299865722656,495131
2026-07-28 09:38:00-04:00,398.0249938964844,398.0249938964844,398.8800048828125,397.82000732421875,398.1000061035156,119574
2026-07-28 09:39:00-04:00,398.3999938964844,398.3999938964844,398.510009765625,397.5199890136719,397.9200134277344,181039
2026-07-28 09:40:00-04:00,398.07501220703125,398.07501220703125,398.5799865722656,397.45001220703125,398.4700012207031,211902
2026-07-28 09:41:00-04:00,396.3999938964844,396.3999938964844,398.1499938964844,396.3399963378906,397.9800109863281,170106
2026-07-28 09:42:00-04:00,396.04998779296875,396.04998779296875,396.57000732421875,395.79998779296875,396.3699951171875,184786
2026-07-28 09:43:00-04:00,394.7900085449219,394.7900085449219,396.0849914550781,394.69000244140625,396.0849914550781,132082
2026-07-28 09:44:00-04:00,394.4150085449219,394.4150085449219,395.0400085449219,394.0,394.7099914550781,114353
2026-07-28 09:45:00-04:00,394.9100036621094,394.9100036621094,395.0799865722656,394.2200012207031,394.5,150670
2026-07-28 09:46:00-04:00,394.7724914550781,394.7724914550781,394.94000244140625,394.3905029296875,394.9100036621094,136636
2026-07-28 09:47:00-04:00,393.5950012207031,393.5950012207031,395.0,393.5199890136719,394.7300109863281,116224
2026-07-28 09:48:00-04:00,392.489990234375,392.489990234375,393.6698913574219,392.3500061035156,393.6698913574219,222665
2026-07-28 09:49:00-04:00,392.9732971191406,392.9732971191406,393.0899963378906,392.0,392.489990234375,175507
2026-07-28 09:50:00-04:00,392.75140380859375,392.75140380859375,393.8999938964844,392.7300109863281,392.95001220703125,195032
2026-07-28 09:51:00-04:00,393.7799072265625,393.7799072265625,393.7799072265625,392.7511901855469,392.8500061035156,120776
2026-07-28 09:52:00-04:00,393.989990234375,393.989990234375,394.5400085449219,393.5,393.7699890136719,186184
2026-07-28 09:53:00-04:00,392.9949951171875,392.9949951171875,394.010009765625,392.7300109863281,394.010009765625,115364
2026-07-28 09:54:00-04:00,391.9200134277344,391.9200134277344,393.1700134277344,391.8299865722656,392.9200134277344,104547
2026-07-28 09:55:00-04:00,391.4049987792969,391.4049987792969,392.1050109863281,391.3299865722656,391.9200134277344,126292
2026-07-28 09:56:00-04:00,392.3349914550781,392.3349914550781,392.4800109863281,391.29998779296875,391.3599853515625,87602
2026-07-28 09:57:00-04:00,392.0899963378906,392.0899963378906,392.3598937988281,391.57000732421875,392.30010986328125,52634
2026-07-28 09:58:00-04:00,392.3349914550781,392.3349914550781,392.6600036621094,391.9952087402344,392.0849914550781,91459
2026-07-28 09:59:00-04:00,392.3599853515625,392.3599853515625,392.5354919433594,392.0899963378906,392.3299865722656,84580
2026-07-28 10:00:00-04:00,392.8800048828125,392.8800048828125,393.19000244140625,392.31500244140625,392.4200134277344,73909
2026-07-28 10:01:00-04:00,392.30999755859375,392.30999755859375,393.1400146484375,392.29998779296875,392.8399963378906,63342
2026-07-28 10:02:00-04:00,392.32000732421875,392.32000732421875,392.69000244140625,392.20001220703125,392.3399963378906,77148
2026-07-28 10:03:00-04:00,392.489990234375,392.489990234375,392.8599853515625,392.2799987792969,392.3599853515625,68867
2026-07-28 10:04:00-04:00,392.76251220703125,392.76251220703125,393.0,392.42999267578125,392.489990234375,79290
2026-07-28 10:05:00-04:00,393.4200134277344,393.4200134277344,393.5199890136719,392.69720458984375,392.760009765625,58079
2026-07-28 10:06:00-04:00,393.9200134277344,393.9200134277344,393.9949951171875,393.0000915527344,393.3299865722656,112778
2026-07-28 10:07:00-04:00,393.80999755859375,393.80999755859375,394.0,393.6499938964844,393.9200134277344,81533
2026-07-28 10:08:00-04:00,394.29998779296875,394.29998779296875,394.3999938964844,393.5,393.7184143066406,110052
2026-07-28 10:09:00-04:00,393.9100036621094,393.9100036621094,394.3299865722656,393.7500915527344,394.3299865722656,76861
2026-07-28 10:10:00-04:00,394.0299987792969,394.0299987792969,394.3999938964844,393.8999938964844,393.8999938964844,119109
2026-07-28 10:11:00-04:00,393.7200012207031,393.7200012207031,393.94000244140625,393.3900146484375,393.94000244140625,81730
2026-07-28 10:12:00-04:00,393.7300109863281,393.7300109863281,394.0810852050781,393.6099853515625,393.7699890136719,48268
2026-07-28 10:13:00-04:00,394.0249938964844,394.0249938964844,394.45001220703125,393.5,393.7250061035156,106699
2026-07-28 10:14:00-04:00,394.2099914550781,394.2099914550781,394.3999938964844,393.8999938964844,393.9700012207031,68444
2026-07-28 10:15:00-04:00,394.6400146484375,394.6400146484375,394.6400146484375,394.1000061035156,394.2699890136719,79560
2026-07-28 10:16:00-04:00,395.364990234375,395.364990234375,395.55999755859375,394.5299987792969,394.6600036621094,162781
2026-07-28 10:17:00-04:00,396.0899963378906,396.0899963378906,396.0899963378906,395.2799987792969,395.3599853515625,139446
2026-07-28 10:18:00-04:00,396.5450134277344,396.5450134277344,396.7900085449219,396.05499267578125,396.0899963378906,112843
2026-07-28 10:19:00-04:00,396.635009765625,396.635009765625,397.05999755859375,396.510009765625,396.5400085449219,112758
2026-07-28 10:20:00-04:00,396.9750061035156,396.9750061035156,397.1600036621094,396.57989501953125,396.6000061035156,89799
2026-07-28 10:21:00-04:00,396.3900146484375,396.3900146484375,397.04998779296875,396.239990234375,396.9750061035156,167791
2026-07-28 10:22:00-04:00,395.4599914550781,395.4599914550781,396.3999938964844,395.010009765625,396.3999938964844,94994
2026-07-28 10:23:00-04:00,396.6000061035156,396.6000061035156,396.6199951171875,395.3599853515625,395.4200134277344,84235
2026-07-28 10:24:00-04:00,396.0350036621094,396.0350036621094,396.8299865722656,395.82000732421875,396.6300048828125,81223
2026-07-28 10:25:00-04:00,396.2300109863281,396.2300109863281,396.32000732421875,395.9700012207031,396.0299987792969,62532
2026-07-28 10:26:00-04:00,396.3699951171875,396.3699951171875,396.5,396.1000061035156,396.2300109863281,104668
2026-07-28 10:27:00-04:00,395.79998779296875,395.79998779296875,396.44000244140625,395.6600036621094,396.3699035644531,70956
2026-07-28 10:28:00-04:00,395.1400146484375,395.1400146484375,395.9700012207031,395.1400146484375,395.81500244140625,78370
2026-07-28 10:29:00-04:00,395.5150146484375,395.5150146484375,395.6300048828125,395.125,395.1300048828125,53744
2026-07-28 10:30:00-04:00,395.3500061035156,395.3500061035156,395.6499938964844,395.010009765625,395.510009765625,44852
2026-07-28 10:31:00-04:00,395.42999267578125,395.42999267578125,395.4700012207031,394.9700012207031,395.3900146484375,68771
2026-07-28 10:32:00-04:00,395.19000244140625,395.19000244140625,395.4200134277344,394.8999938964844,395.3900146484375,74656
2026-07-28 10:33:00-04:00,395.3299865722656,395.3299865722656,395.3800048828125,395.10009765625,395.1600036621094,46566
2026-07-28 10:34:00-04:00,395.5,395.5,395.7699890136719,395.260009765625,395.3299865722656,56809
2026-07-28 10:35:00-04:00,395.4700012207031,395.4700012207031,395.5799865722656,395.17999267578125,395.5299987792969,47652
2026-07-28 10:36:00-04:00,395.6549987792969,395.6549987792969,395.70001220703125,395.260009765625,395.4750061035156,56477
2026-07-28 10:37:00-04:00,395.3500061035156,395.3500061035156,395.82000732421875,395.3500061035156,395.67999267578125,38834
2026-07-28 10:38:00-04:00,395.42999267578125,395.42999267578125,395.45001220703125,395.0400085449219,395.3450012207031,48266
2026-07-28 10:39:00-04:00,395.0249938964844,395.0249938964844,395.447998046875,394.7200012207031,395.42999267578125,63960
2026-07-28 10:40:00-04:00,395.385009765625,395.385009765625,395.4599914550781,394.9700012207031,395.0,52664
2026-07-28 10:41:00-04:00,395.5899963378906,395.5899963378906,395.6300048828125,395.3500061035156,395.4200134277344,51764
2026-07-28 10:42:00-04:00,396.2049865722656,396.2049865722656,396.239990234375,395.4800109863281,395.5899963378906,68516
2026-07-28 10:43:00-04:00,396.2633056640625,396.2633056640625,396.3599853515625,395.9100036621094,396.2149963378906,61255
2026-07-28 10:44:00-04:00,396.6000061035156,396.6000061035156,396.760009765625,395.9700012207031,396.2900085449219,77105
2026-07-28 10:45:00-04:00,396.6300048828125,396.6300048828125,397.0299987792969,396.4800109863281,396.6400146484375,108379
2026-07-28 10:46:00-04:00,397.1000061035156,397.1000061035156,397.1000061035156,396.54998779296875,396.593505859375,53729
2026-07-28 10:47:00-04:00,397.2699890136719,397.2699890136719,397.30999755859375,396.7200012207031,397.07501220703125,58840
2026-07-28 10:48:00-04:00,397.5350036621094,397.5350036621094,397.625,397.2149963378906,397.2699890136719,78000
2026-07-28 10:49:00-04:00,397.4100036621094,397.4100036621094,397.67999267578125,397.20001220703125,397.55999755859375,74460
2026-07-28 10:50:00-04:00,397.6000061035156,397.6000061035156,397.69000244140625,397.3197937011719,397.4200134277344,58297
2026-07-28 10:51:00-04:00,396.79998779296875,396.79998779296875,397.6600036621094,396.6400146484375,397.625,109473
2026-07-28 10:52:00-04:00,396.5450134277344,396.5450134277344,396.8900146484375,396.385009765625,396.7950134277344,60374
2026-07-28 10:53:00-04:00,396.17498779296875,396.17498779296875,396.57000732421875,396.06500244140625,396.5450134277344,52139
2026-07-28 10:54:00-04:00,396.2699890136719,396.2699890136719,396.510009765625,396.239990234375,396.260009765625,37877
2026-07-28 10:55:00-04:00,396.4649963378906,396.4649963378906,396.5400085449219,396.1000061035156,396.2300109863281,47064
2026-07-28 10:56:00-04:00,396.2300109863281,396.2300109863281,396.6700134277344,396.2300109863281,396.5,44144
2026-07-28 10:57:00-04:00,396.67999267578125,396.67999267578125,396.75,396.1401062011719,396.19500732421875,52951
2026-07-28 10:58:00-04:00,396.510009765625,396.510009765625,396.7300109863281,396.2850036621094,396.6400146484375,33811
2026-07-28 10:59:00-04:00,396.5199890136719,396.5199890136719,396.58990478515625,396.36749267578125,396.5098876953125,41969
2026-07-28 11:00:00-04:00,397.1099853515625,397.1099853515625,397.1099853515625,396.42999267578125,396.55999755859375,69332
2026-07-28 11:01:00-04:00,396.92999267578125,396.92999267578125,397.3900146484375,396.80999755859375,397.0450134277344,87715
2026-07-28 11:02:00-04:00,396.44000244140625,396.44000244140625,397.0,396.20001220703125,396.93499755859375,33817
2026-07-28 11:03:00-04:00,396.2250061035156,396.2250061035156,396.57989501953125,396.0799865722656,396.44000244140625,33510
2026-07-28 11:04:00-04:00,396.0299987792969,396.0299987792969,396.30999755859375,395.8999938964844,396.260009765625,60756
2026-07-28 11:05:00-04:00,396.2449951171875,396.2449951171875,396.3599853515625,396.0,396.0244140625,47534
2026-07-28 11:06:00-04:00,396.69500732421875,396.69500732421875,396.75,396.2699890136719,396.2799987792969,42668
2026-07-28 11:07:00-04:00,396.6099853515625,396.6099853515625,396.7699890136719,396.3900146484375,396.7200012207031,39995
2026-07-28 11:08:00-04:00,396.4599914550781,396.4599914550781,396.67999267578125,396.3299865722656,396.5799865722656,29886
2026-07-28 11:09:00-04:00,397.1650085449219,397.1650085449219,397.19000244140625,396.4172058105469,396.4599914550781,75683
2026-07-28 11:10:00-04:00,397.125,397.125,397.6000061035156,397.07000732421875,397.1549987792969,52325
2026-07-28 11:11:00-04:00,397.3349914550781,397.3349914550781,397.3800048828125,396.93011474609375,397.125,61358
2026-07-28 11:12:00-04:00,397.90020751953125,397.90020751953125,398.0400085449219,397.2049865722656,397.3599853515625,85524
2026-07-28 11:13:00-04:00,397.82000732421875,397.82000732421875,397.9100036621094,397.54998779296875,397.8699951171875,55227
2026-07-28 11:14:00-04:00,398.0,398.0,398.1199951171875,397.70001220703125,397.80499267578125,70564
2026-07-28 11:15:00-04:00,398.114990234375,398.114990234375,398.1199951171875,397.80999755859375,398.0,49780
2026-07-28 11:16:00-04:00,398.3299865722656,398.3299865722656,398.42999267578125,398.05999755859375,398.1400146484375,65529
2026-07-28 11:17:00-04:00,398.489990234375,398.489990234375,398.5799865722656,398.1499938964844,398.260009765625,45469
2026-07-28 11:18:00-04:00,399.2349853515625,399.2349853515625,399.29998779296875,398.3599853515625,398.4975891113281,103172
2026-07-28 11:19:00-04:00,399.05999755859375,399.05999755859375,399.2897033691406,398.9700012207031,399.2349853515625,57573
2026-07-28 11:20:00-04:00,399.2300109863281,399.2300109863281,399.3699951171875,399.0299987792969,399.06878662109375,75895
2026-07-28 11:21:00-04:00,399.2900085449219,399.2900085449219,399.3299865722656,399.0400085449219,399.2149963378906,49696
2026-07-28 11:22:00-04:00,399.3550109863281,399.3550109863281,399.58990478515625,399.2799987792969,399.3599853515625,52053
2026-07-28 11:23:00-04:00,399.6600036621094,399.6600036621094,399.7699890136719,399.3349914550781,399.3800048828125,169135
2026-07-28 11:24:00-04:00,399.510009765625,399.510009765625,399.82000732421875,399.3500061035156,399.6600036621094,64384
2026-07-28 11:25:00-04:00,399.54998779296875,399.54998779296875,399.5799865722656,399.3399963378906,399.4649963378906,100113
2026-07-28 11:26:00-04:00,399.9208984375,399.9208984375,399.92999267578125,399.5400085449219,399.5400085449219,51307
2026-07-28 11:27:00-04:00,400.0400085449219,400.0400085449219,400.0899963378906,399.8800048828125,399.8999938964844,216074
2026-07-28 11:28:00-04:00,399.9649963378906,399.9649963378906,400.1650085449219,399.84100341796875,400.0400085449219,64944
2026-07-28 11:29:00-04:00,399.9599914550781,399.9599914550781,400.0400085449219,399.802490234375,399.94000244140625,58443
2026-07-28 11:30:00-04:00,400.0400085449219,400.0400085449219,400.32000732421875,399.8999938964844,399.9599914550781,65155
2026-07-28 11:31:00-04:00,400.05999755859375,400.05999755859375,400.1499938964844,399.989990234375,400.10369873046875,50374
2026-07-28 11:32:00-04:00,399.6449890136719,399.6449890136719,400.08990478515625,399.6000061035156,400.05999755859375,64383
2026-07-28 11:33:00-04:00,399.45001220703125,399.45001220703125,399.7185974121094,399.16510009765625,399.635009765625,74184
2026-07-28 11:34:00-04:00,399.4649963378906,399.4649963378906,399.489990234375,399.19000244140625,399.45001220703125,52368
2026-07-28 11:35:00-04:00,399.7799987792969,399.7799987792969,399.78009033203125,399.3699951171875,399.4649963378906,90532
2026-07-28 11:36:00-04:00,399.6199951171875,399.6199951171875,399.86248779296875,399.6099853515625,399.7699890136719,67166
2026-07-28 11:37:00-04:00,399.8399963378906,399.8399963378906,399.8699951171875,399.5700988769531,399.6600036621094,53679
2026-07-28 11:38:00-04:00,399.3695068359375,399.3695068359375,399.8550109863281,399.32000732421875,399.8550109863281,70172
2026-07-28 11:39:00-04:00,398.8949890136719,398.8949890136719,399.34991455078125,398.8599853515625,399.34991455078125,31166
2026-07-28 11:40:00-04:00,399.19000244140625,399.19000244140625,399.29998779296875,398.7900085449219,398.92401123046875,48251
2026-07-28 11:41:00-04:00,399.19000244140625,399.19000244140625,399.489990234375,399.0400085449219,399.2699890136719,52688
2026-07-28 11:42:00-04:00,399.06500244140625,399.06500244140625,399.20001220703125,398.95001220703125,399.1700134277344,32963
2026-07-28 11:43:00-04:00,398.9200134277344,398.9200134277344,399.06500244140625,398.7301025390625,399.06500244140625,41340
2026-07-28 11:44:00-04:00,398.8599853515625,398.8599853515625,399.0325012207031,398.70001220703125,398.8949890136719,41861
2026-07-28 11:45:00-04:00,398.3900146484375,398.3900146484375,398.8999938964844,398.3900146484375,398.8599853515625,29537
2026-07-28 11:46:00-04:00,397.9800109863281,397.9800109863281,398.3999938964844,397.8900146484375,398.3500061035156,37645
2026-07-28 11:47:00-04:00,397.69000244140625,397.69000244140625,398.0,397.5299987792969,398.0,43128
2026-07-28 11:48:00-04:00,397.489990234375,397.489990234375,397.7099914550781,397.3999938964844,397.6700134277344,58090
2026-07-28 11:49:00-04:00,397.2099914550781,397.2099914550781,397.489990234375,397.0732116699219,397.4790954589844,28673
2026-07-28 11:50:00-04:00,397.1400146484375,397.1400146484375,397.4700012207031,397.0,397.239990234375,67423
2026-07-28 11:51:00-04:00,397.3999938964844,397.3999938964844,397.44000244140625,397.090087890625,397.1400146484375,42847
2026-07-28 11:52:00-04:00,397.55999755859375,397.55999755859375,397.6000061035156,397.29998779296875,397.3999938964844,49797
2026-07-28 11:53:00-04:00,397.6199951171875,397.6199951171875,397.6499938964844,397.30999755859375,397.55999755859375,36033
2026-07-28 11:54:00-04:00,397.6885070800781,397.6885070800781,397.7799987792969,397.54998779296875,397.6199951171875,38615
2026-07-28 11:55:00-04:00,397.44000244140625,397.44000244140625,397.7200012207031,397.44000244140625,397.67999267578125,23079
2026-07-28 11:56:00-04:00,397.614990234375,397.614990234375,397.6600036621094,397.3500061035156,397.44500732421875,32108
2026-07-28 11:57:00-04:00,397.6449890136719,397.6449890136719,397.7499084472656,397.4800109863281,397.6099853515625,25790
2026-07-28 11:58:00-04:00,397.7699890136719,397.7699890136719,397.8999938964844,397.4800109863281,397.6300048828125,75889
2026-07-28 11:59:00-04:00,397.8550109863281,397.8550109863281,397.9280090332031,397.760009765625,397.7699890136719,41918
2026-07-28 12:00:00-04:00,397.42999267578125,397.42999267578125,397.875,397.3500061035156,397.8550109863281,62718
2026-07-28 12:01:00-04:00,397.1300048828125,397.1300048828125,397.5299987792969,397.1000061035156,397.42999267578125,64393
2026-07-28 12:02:00-04:00,396.6000061035156,396.6000061035156,397.1499938964844,396.6000061035156,397.1099853515625,30814
2026-07-28 12:03:00-04:00,396.6099853515625,396.6099853515625,396.79998779296875,396.4200134277344,396.6593933105469,57417
2026-07-28 12:04:00-04:00,396.3900146484375,396.3900146484375,396.64990234375,396.2200012207031,396.6199951171875,54940
2026-07-28 12:05:00-04:00,396.2099914550781,396.2099914550781,396.3699951171875,396.1199951171875,396.3500061035156,48940
2026-07-28 12:06:00-04:00,396.4750061035156,396.4750061035156,396.5299987792969,396.1600036621094,396.2300109863281,47032
2026-07-28 12:07:00-04:00,396.3800048828125,396.3800048828125,396.489990234375,396.239990234375,396.4750061035156,39340
2026-07-28 12:08:00-04:00,396.8299865722656,396.8299865722656,396.8739013671875,396.260009765625,396.3599853515625,66815
2026-07-28 12:09:00-04:00,396.9519958496094,396.9519958496094,396.9599914550781,396.7699890136719,396.8399963378906,49639
2026-07-28 12:10:00-04:00,396.8901062011719,396.8901062011719,397.010009765625,396.79998779296875,396.94500732421875,51438
2026-07-28 12:11:00-04:00,397.31500244140625,397.31500244140625,397.67999267578125,396.8699951171875,396.8900146484375,78206
2026-07-28 12:12:00-04:00,397.7699890136719,397.7699890136719,397.7900085449219,397.1700134277344,397.3299865722656,72703
2026-07-28 12:13:00-04:00,397.4100036621094,397.4100036621094,397.8800048828125,397.3599853515625,397.7699890136719,28807
2026-07-28 12:14:00-04:00,397.6199951171875,397.6199951171875,397.6499938964844,397.385009765625,397.385009765625,28244
2026-07-28 12:15:00-04:00,398.04998779296875,398.04998779296875,398.1199951171875,397.60009765625,397.6199951171875,47682
2026-07-28 12:16:00-04:00,398.260009765625,398.260009765625,398.3800048828125,398.010009765625,398.06500244140625,46716
2026-07-28 12:17:00-04:00,398.2799987792969,398.2799987792969,398.3699951171875,398.20001220703125,398.25,289375
2026-07-28 12:18:00-04:00,398.2699890136719,398.2699890136719,398.3598937988281,398.2099914550781,398.2799987792969,34365
2026-07-28 12:19:00-04:00,398.760009765625,398.760009765625,398.7898864746094,398.2200012207031,398.2699890136719,47449
2026-07-28 12:20:00-04:00,398.6600036621094,398.6600036621094,398.8599853515625,398.6400146484375,398.7749938964844,47388
2026-07-28 12:21:00-04:00,398.6300048828125,398.6300048828125,398.82000732421875,398.6099853515625,398.6600036621094,36700
2026-07-28 12:22:00-04:00,398.4649963378906,398.4649963378906,398.8500061035156,398.4649963378906,398.6549987792969,42019
2026-07-28 12:23:00-04:00,398.32000732421875,398.32000732421875,398.4700012207031,398.1200866699219,398.44000244140625,44575
2026-07-28 12:24:00-04:00,398.32000732421875,398.32000732421875,398.3599853515625,398.1099853515625,398.3399963378906,29756
2026-07-28 12:25:00-04:00,398.5,398.5,398.510009765625,398.2699890136719,398.3485107421875,29347
2026-07-28 12:26:00-04:00,398.45001220703125,398.45001220703125,398.510009765625,398.3900146484375,398.5,27682
2026-07-28 12:27:00-04:00,398.2701110839844,398.2701110839844,398.5199890136719,398.260009765625,398.45001220703125,52523
2026-07-28 12:28:00-04:00,398.385009765625,398.385009765625,398.4800109863281,398.2200927734375,398.3500061035156,31059
2026-07-28 12:29:00-04:00,398.1099853515625,398.1099853515625,398.4100036621094,398.0400085449219,398.385009765625,25502
2026-07-28 12:30:00-04:00,398.39990234375,398.39990234375,398.39990234375,398.07000732421875,398.1000061035156,37069
2026-07-28 12:31:00-04:00,398.25,398.25,398.41400146484375,398.05999755859375,398.3699951171875,40341
2026-07-28 12:32:00-04:00,398.30999755859375,398.30999755859375,398.3800048828125,398.19000244140625,398.20001220703125,17887
2026-07-28 12:33:00-04:00,398.1700134277344,398.1700134277344,398.5199890136719,398.1700134277344,398.3070983886719,27775
2026-07-28 12:34:00-04:00,398.1000061035156,398.1000061035156,398.2099914550781,398.07000732421875,398.1700134277344,15295
2026-07-28 12:35:00-04:00,398.1700134277344,398.1700134277344,398.2499084472656,398.04998779296875,398.1253967285156,25740
2026-07-28 12:36:00-04:00,398.2200012207031,398.2200012207031,398.32000732421875,398.1600036621094,398.239990234375,31455
2026-07-28 12:37:00-04:00,398.1401062011719,398.1401062011719,398.2300109863281,398.1099853515625,398.17999267578125,13929
2026-07-28 12:38:00-04:00,398.6099853515625,398.6099853515625,398.6199035644531,398.17999267578125,398.17999267578125,36045
2026-07-28 12:39:00-04:00,398.5199890136719,398.5199890136719,398.5799865722656,398.4200134277344,398.5400085449219,18359
2026-07-28 12:40:00-04:00,398.25,398.25,398.5799865722656,398.2099914550781,398.5199890136719,25304
2026-07-28 12:41:00-04:00,398.32501220703125,398.32501220703125,398.3500061035156,398.19000244140625,398.25,17669
2026-07-28 12:42:00-04:00,398.3500061035156,398.3500061035156,398.40728759765625,398.2799987792969,398.3500061035156,26199
2026-07-28 12:43:00-04:00,398.5450134277344,398.5450134277344,398.57000732421875,398.2900085449219,398.3399963378906,29514
2026-07-28 12:44:00-04:00,398.45001220703125,398.45001220703125,398.6199951171875,398.4100036621094,398.54998779296875,36919
2026-07-28 12:45:00-04:00,398.19500732421875,398.19500732421875,398.489990234375,398.1700134277344,398.44500732421875,233194
2026-07-28 12:46:00-04:00,398.0849914550781,398.0849914550781,398.4800109863281,398.0199890136719,398.2699890136719,130110
2026-07-28 12:47:00-04:00,398.17999267578125,398.17999267578125,398.2099914550781,398.04998779296875,398.0799865722656,19666
2026-07-28 12:48:00-04:00,398.4200134277344,398.4200134277344,398.4200134277344,398.17999267578125,398.17999267578125,23627
2026-07-28 12:49:00-04:00,398.42999267578125,398.42999267578125,398.4599914550781,398.3299865722656,398.41400146484375,16508
2026-07-28 12:50:00-04:00,398.6300048828125,398.6300048828125,398.6600036621094,398.3900146484375,398.42999267578125,35768
2026-07-28 12:51:00-04:00,398.6700134277344,398.6700134277344,398.7497863769531,398.54998779296875,398.5801086425781,19440
2026-07-28 12:52:00-04:00,398.760009765625,398.760009765625,398.7900085449219,398.5602111816406,398.6199951171875,17782
2026-07-28 12:53:00-04:00,398.6499938964844,398.6499938964844,398.8299865722656,398.5899963378906,398.7699890136719,29003
2026-07-28 12:54:00-04:00,398.6650085449219,398.6650085449219,398.7099914550781,398.5799865722656,398.6600036621094,24955
2026-07-28 12:55:00-04:00,398.5801086425781,398.5801086425781,398.6700134277344,398.4200134277344,398.6499938964844,22435
2026-07-28 12:56:00-04:00,398.6650085449219,398.6650085449219,398.67999267578125,398.4800109863281,398.5799865722656,19115
2026-07-28 12:57:00-04:00,398.67999267578125,398.67999267578125,398.7300109863281,398.5899963378906,398.6400146484375,17954
2026-07-28 12:58:00-04:00,398.6199951171875,398.6199951171875,398.75,398.6099853515625,398.7200012207031,12327
2026-07-28 12:59:00-04:00,398.8699951171875,398.8699951171875,398.9200134277344,398.5899963378906,398.614990234375,28244
2026-07-28 13:00:00-04:00,398.75,398.75,398.9100036621094,398.75,398.8399963378906,19584
2026-07-28 13:01:00-04:00,398.55499267578125,398.55499267578125,398.7799987792969,398.5201110839844,398.75,22472
2026-07-28 13:02:00-04:00,398.4649963378906,398.4649963378906,398.6000061035156,398.239990234375,398.55499267578125,30270
2026-07-28 13:03:00-04:00,398.4501037597656,398.4501037597656,398.489990234375,398.375,398.489990234375,18658
2026-07-28 13:04:00-04:00,398.4020080566406,398.4020080566406,398.55999755859375,398.3800048828125,398.4783020019531,17077
2026-07-28 13:05:00-04:00,398.6199951171875,398.6199951171875,398.6600036621094,398.3399963378906,398.4200134277344,23774
2026-07-28 13:06:00-04:00,398.4219055175781,398.4219055175781,398.7799987792969,398.3599853515625,398.61480712890625,26422
2026-07-28 13:07:00-04:00,398.4599914550781,398.4599914550781,398.4800109863281,398.2699890136719,398.4599914550781,17248
2026-07-28 13:08:00-04:00,398.25,398.25,398.4800109863281,398.21600341796875,398.4800109863281,25942
2026-07-28 13:09:00-04:00,398.1700134277344,398.1700134277344,398.2449951171875,398.0899963378906,398.2449951171875,51167
2026-07-28 13:10:00-04:00,398.17498779296875,398.17498779296875,398.17999267578125,397.9700012207031,398.17999267578125,37319
2026-07-28 13:11:00-04:00,398.29998779296875,398.29998779296875,398.29998779296875,398.1600036621094,398.1600036621094,17937
2026-07-28 13:12:00-04:00,397.95001220703125,397.95001220703125,398.2900085449219,397.95001220703125,398.260009765625,22607
2026-07-28 13:13:00-04:00,397.8999938964844,397.8999938964844,398.1199951171875,397.8299865722656,397.95001220703125,32608
2026-07-28 13:14:00-04:00,397.8699951171875,397.8699951171875,397.8949890136719,397.7099914550781,397.8949890136719,23412
2026-07-28 13:15:00-04:00,398.0050048828125,398.0050048828125,398.05999755859375,397.78009033203125,397.8699951171875,19212
2026-07-28 13:16:00-04:00,397.8800048828125,397.8800048828125,398.0400085449219,397.8399963378906,398.010009765625,23543
2026-07-28 13:17:00-04:00,397.6000061035156,397.6000061035156,397.9100036621094,397.5350036621094,397.8900146484375,20247
2026-07-28 13:18:00-04:00,397.6000061035156,397.6000061035156,397.739990234375,397.5899963378906,397.6300048828125,17730
2026-07-28 13:19:00-04:00,397.7300109863281,397.7300109863281,397.7300109863281,397.489990234375,397.6000061035156,19037
2026-07-28 13:20:00-04:00,398.1300048828125,398.1300048828125,398.2300109863281,397.6401062011719,397.7200012207031,67881
2026-07-28 13:21:00-04:00,397.95001220703125,397.95001220703125,398.260009765625,397.95001220703125,398.125,26602
2026-07-28 13:22:00-04:00,397.9049987792969,397.9049987792969,398.0199890136719,397.7705993652344,397.9599914550781,26525
2026-07-28 13:23:00-04:00,398.125,398.125,398.1600036621094,397.8999938964844,397.8999938964844,25201
2026-07-28 13:24:00-04:00,398.04998779296875,398.04998779296875,398.25,398.0199890136719,398.1206970214844,24336
2026-07-28 13:25:00-04:00,398.0199890136719,398.0199890136719,398.089599609375,397.8399963378906,398.0199890136719,29419
2026-07-28 13:26:00-04:00,397.82501220703125,397.82501220703125,398.00750732421875,397.78009033203125,398.00750732421875,14849
2026-07-28 13:27:00-04:00,398.1400146484375,398.1400146484375,398.239990234375,397.8699951171875,397.8699951171875,30329
2026-07-28 13:28:00-04:00,398.125,398.125,398.2699890136719,398.1099853515625,398.1099853515625,20568
2026-07-28 13:29:00-04:00,398.07000732421875,398.07000732421875,398.1499938964844,398.05999755859375,398.1499938964844,15155
2026-07-28 13:30:00-04:00,397.9549865722656,397.9549865722656,398.1400146484375,397.8399963378906,398.0899963378906,22894
2026-07-28 13:31:00-04:00,398.0899963378906,398.0899963378906,398.1499938964844,397.9200134277344,397.92010498046875,22867
2026-07-28 13:32:00-04:00,398.0299987792969,398.0299987792969,398.1282958984375,398.0,398.0899963378906,28210
2026-07-28 13:33:00-04:00,398.4599914550781,398.4599914550781,398.4599914550781,398.05999755859375,398.05999755859375,28178
2026-07-28 13:34:00-04:00,398.8117980957031,398.8117980957031,398.8599853515625,398.4447021484375,398.4447021484375,35814
2026-07-28 13:35:00-04:00,398.9649963378906,398.9649963378906,399.010009765625,398.7900085449219,398.79998779296875,540537
2026-07-28 13:36:00-04:00,399.2149963378906,399.2149963378906,399.25,398.9601135253906,398.9649963378906,42201
2026-07-28 13:37:00-04:00,399.239990234375,399.239990234375,399.364990234375,399.1300048828125,399.2217102050781,32899
2026-07-28 13:38:00-04:00,399.2699890136719,399.2699890136719,399.3500061035156,399.135009765625,399.239990234375,28958
2026-07-28 13:39:00-04:00,399.1099853515625,399.1099853515625,399.29998779296875,399.04998779296875,399.239990234375,35371
2026-07-28 13:40:00-04:00,399.4100036621094,399.4100036621094,399.44000244140625,399.0801086425781,399.1099853515625,62844
2026-07-28 13:41:00-04:00,399.0150146484375,399.0150146484375,399.4599914550781,398.92010498046875,399.43499755859375,35788
2026-07-28 13:42:00-04:00,398.80999755859375,398.80999755859375,399.0450134277344,398.7550048828125,399.0400085449219,17986
2026-07-28 13:43:00-04:00,398.7900085449219,398.7900085449219,398.8399963378906,398.65008544921875,398.7699890136719,18626
2026-07-28 13:44:00-04:00,398.9800109863281,398.9800109863281,398.9800109863281,398.7900085449219,398.7900085449219,19103
2026-07-28 13:45:00-04:00,398.94000244140625,398.94000244140625,399.14898681640625,398.793212890625,398.989990234375,34700
2026-07-28 13:46:00-04:00,399.0299987792969,399.0299987792969,399.0299987792969,398.8699951171875,398.8999938964844,16107
2026-07-28 13:47:00-04:00,399.1099853515625,399.1099853515625,399.2799987792969,398.93011474609375,399.0400085449219,36154
2026-07-28 13:48:00-04:00,399.4949951171875,399.4949951171875,399.5400085449219,399.07000732421875,399.07000732421875,49282
2026-07-28 13:49:00-04:00,399.2650146484375,399.2650146484375,399.4800109863281,399.2300109863281,399.4599914550781,23603
2026-07-28 13:50:00-04:00,399.1300048828125,399.1300048828125,399.2799987792969,399.0299987792969,399.2799987792969,38101
2026-07-28 13:51:00-04:00,399.16009521484375,399.16009521484375,399.19000244140625,398.9800109863281,399.1000061035156,26215
2026-07-28 13:52:00-04:00,399.0450134277344,399.0450134277344,399.2799987792969,399.0450134277344,399.1300048828125,26400
2026-07-28 13:53:00-04:00,399.04998779296875,399.04998779296875,399.0899963378906,398.9740905761719,399.0899963378906,19889
2026-07-28 13:54:00-04:00,398.9100036621094,398.9100036621094,399.15008544921875,398.85009765625,399.07000732421875,28054
2026-07-28 13:55:00-04:00,398.9649963378906,398.9649963378906,399.04998779296875,398.8500061035156,398.9200134277344,28906
2026-07-28 13:56:00-04:00,399.2099914550781,399.2099914550781,399.2300109863281,398.8800048828125,398.94500732421875,23887
2026-07-28 13:57:00-04:00,399.2200012207031,399.2200012207031,399.29998779296875,399.1380920410156,399.20001220703125,32913
2026-07-28 13:58:00-04:00,399.2200012207031,399.2200012207031,399.239990234375,399.1499938964844,399.2200012207031,21948
2026-07-28 13:59:00-04:00,399.1401062011719,399.1401062011719,399.29998779296875,399.1401062011719,399.239990234375,25496
2026-07-28 14:00:00-04:00,399.1199951171875,399.1199951171875,399.2200012207031,398.9599914550781,399.1549987792969,37916
2026-07-28 14:01:00-04:00,398.79998779296875,398.79998779296875,399.1600036621094,398.7900085449219,399.1300048828125,37020
2026-07-28 14:02:00-04:00,398.4057922363281,398.4057922363281,398.82000732421875,398.4057922363281,398.7699890136719,44113
2026-07-28 14:03:00-04:00,398.20001220703125,398.20001220703125,398.45001220703125,398.1300964355469,398.45001220703125,34673
2026-07-28 14:04:00-04:00,398.375,398.375,398.45001220703125,398.1400146484375,398.2300109863281,33811
2026-07-28 14:05:00-04:00,397.8900146484375,397.8900146484375,398.364990234375,397.80841064453125,398.3399963378906,39980
2026-07-28 14:06:00-04:00,397.590087890625,397.590087890625,397.9200134277344,397.5199890136719,397.885009765625,26925
2026-07-28 14:07:00-04:00,397.5299072265625,397.5299072265625,397.8500061035156,397.4700012207031,397.6300048828125,32881
2026-07-28 14:08:00-04:00,397.4800109863281,397.4800109863281,397.67999267578125,397.4700012207031,397.5299987792969,18843
2026-07-28 14:09:00-04:00,397.45001220703125,397.45001220703125,397.5199890136719,397.3399963378906,397.5101013183594,33844
2026-07-28 14:10:00-04:00,397.3351135253906,397.3351135253906,397.5199890136719,397.260009765625,397.44500732421875,20447
2026-07-28 14:11:00-04:00,397.20001220703125,397.20001220703125,397.3999938964844,397.1700134277344,397.3349914550781,22715
2026-07-28 14:12:00-04:00,397.260009765625,397.260009765625,397.29998779296875,397.0899963378906,397.17999267578125,37434
2026-07-28 14:13:00-04:00,397.2200012207031,397.2200012207031,397.3500061035156,397.1400146484375,397.260009765625,33994
2026-07-28 14:14:00-04:00,397.3699951171875,397.3699951171875,397.44000244140625,397.2200012207031,397.2650146484375,27169
2026-07-28 14:15:00-04:00,397.6000061035156,397.6000061035156,397.6600036621094,397.3800048828125,397.3999938964844,52039
2026-07-28 14:16:00-04:00,397.2300109863281,397.2300109863281,397.6000061035156,397.1726989746094,397.5799865722656,30163
2026-07-28 14:17:00-04:00,397.0400085449219,397.0400085449219,397.25,396.95001220703125,397.2250061035156,30512
2026-07-28 14:18:00-04:00,397.239990234375,397.239990234375,397.239990234375,397.0249938964844,397.0799865722656,27314
2026-07-28 14:19:00-04:00,397.2099914550781,397.2099914550781,397.2900085449219,397.1300048828125,397.2300109863281,27308
2026-07-28 14:20:00-04:00,397.5899963378906,397.5899963378906,397.6199951171875,397.19000244140625,397.2200012207031,77622
2026-07-28 14:21:00-04:00,397.54998779296875,397.54998779296875,397.6400146484375,397.489990234375,397.54998779296875,28372
2026-07-28 14:22:00-04:00,397.68499755859375,397.68499755859375,397.75,397.4700927734375,397.510009765625,29933
2026-07-28 14:23:00-04:00,397.6050109863281,397.6050109863281,397.760009765625,397.5400085449219,397.7300109863281,26643
2026-07-28 14:24:00-04:00,397.46990966796875,397.46990966796875,397.6050109863281,397.3999938964844,397.6050109863281,34631
2026-07-28 14:25:00-04:00,397.45001220703125,397.45001220703125,397.5,397.29998779296875,397.3999938964844,43632
2026-07-28 14:26:00-04:00,397.4800109863281,397.4800109863281,397.6099853515625,397.3299865722656,397.4549865722656,33600
2026-07-28 14:27:00-04:00,397.42999267578125,397.42999267578125,397.5050048828125,397.3500061035156,397.4800109863281,27246
2026-07-28 14:28:00-04:00,397.3500061035156,397.3500061035156,397.6099853515625,397.32000732421875,397.42999267578125,26676
2026-07-28 14:29:00-04:00,397.5299987792969,397.5299987792969,397.5799865722656,397.35009765625,397.35009765625,32070
2026-07-28 14:30:00-04:00,397.5,397.5,397.6199951171875,397.45001220703125,397.510009765625,69107
2026-07-28 14:31:00-04:00,397.19000244140625,397.19000244140625,397.54998779296875,397.1300048828125,397.5,44986
2026-07-28 14:32:00-04:00,397.2550048828125,397.2550048828125,397.3399963378906,397.0400085449219,397.19000244140625,44514
2026-07-28 14:33:00-04:00,397.5150146484375,397.5150146484375,397.55999755859375,397.2799987792969,397.2900085449219,18689
2026-07-28 14:34:00-04:00,397.5950012207031,397.5950012207031,397.6300048828125,397.4599914550781,397.5150146484375,30048
2026-07-28 14:35:00-04:00,397.260009765625,397.260009765625,397.6199951171875,397.2200012207031,397.5950012207031,57508
2026-07-28 14:36:00-04:00,397.239990234375,397.239990234375,397.2799987792969,397.1050109863281,397.260009765625,19484
2026-07-28 14:37:00-04:00,397.2449951171875,397.2449951171875,397.3599853515625,397.2101135253906,397.2300109863281,23876
2026-07-28 14:38:00-04:00,397.2950134277344,397.2950134277344,397.3399963378906,397.2300109863281,397.2300109863281,25000
2026-07-28 14:39:00-04:00,397.19500732421875,397.19500732421875,397.2950134277344,397.1400146484375,397.2925109863281,22718
2026-07-28 14:40:00-04:00,397.2799987792969,397.2799987792969,397.4049987792969,397.1600036621094,397.17999267578125,670129
2026-07-28 14:41:00-04:00,397.3399963378906,397.3399963378906,397.4800109863281,397.2200012207031,397.25,25074
2026-07-28 14:42:00-04:00,397.3599853515625,397.3599853515625,397.4198913574219,397.239990234375,397.2699890136719,20096
2026-07-28 14:43:00-04:00,397.45001220703125,397.45001220703125,397.57000732421875,397.3900146484375,397.3900146484375,24889
2026-07-28 14:44:00-04:00,397.2349853515625,397.2349853515625,397.45001220703125,397.20001220703125,397.4100036621094,14933
2026-07-28 14:45:00-04:00,397.57000732421875,397.57000732421875,397.5799865722656,397.260009765625,397.29998779296875,22042
2026-07-28 14:46:00-04:00,397.8949890136719,397.8949890136719,397.9200134277344,397.5600891113281,397.5899963378906,42306
2026-07-28 14:47:00-04:00,397.8299865722656,397.8299865722656,398.0,397.739990234375,397.8700866699219,32954
2026-07-28 14:48:00-04:00,397.60430908203125,397.60430908203125,397.82281494140625,397.5799865722656,397.7950134277344,29752
2026-07-28 14:49:00-04:00,397.5799865722656,397.5799865722656,397.6400146484375,397.5299987792969,397.5950012207031,20774
2026-07-28 14:50:00-04:00,397.5199890136719,397.5199890136719,397.6400146484375,397.5199890136719,397.5849914550781,24450
2026-07-28 14:51:00-04:00,397.1300048828125,397.1300048828125,397.5693054199219,397.0799865722656,397.54998779296875,65326
2026-07-28 14:52:00-04:00,397.0849914550781,397.0849914550781,397.2699890136719,397.0849914550781,397.1300048828125,40327
2026-07-28 14:53:00-04:00,397.239990234375,397.239990234375,397.239990234375,397.0849914550781,397.1199951171875,33334
2026-07-28 14:54:00-04:00,397.10009765625,397.10009765625,397.2699890136719,396.9800109863281,397.2300109863281,50936
2026-07-28 14:55:00-04:00,396.989990234375,396.989990234375,397.1799011230469,396.9200134277344,397.0799865722656,34981
2026-07-28 14:56:00-04:00,396.82000732421875,396.82000732421875,397.010009765625,396.75750732421875,396.9849853515625,34931
2026-07-28 14:57:00-04:00,396.8699951171875,396.8699951171875,396.8800048828125,396.70001220703125,396.8299865722656,24205
2026-07-28 14:58:00-04:00,396.7799987792969,396.7799987792969,396.95269775390625,396.70001220703125,396.8800048828125,33900
2026-07-28 14:59:00-04:00,396.9599914550781,396.9599914550781,396.989990234375,396.7401123046875,396.7799987792969,29750
2026-07-28 15:00:00-04:00,396.8399963378906,396.8399963378906,397.1400146484375,396.7401123046875,396.9599914550781,195376
2026-07-28 15:01:00-04:00,396.5450134277344,396.5450134277344,396.8399963378906,396.5,396.80999755859375,34539
2026-07-28 15:02:00-04:00,396.4800109863281,396.4800109863281,396.5639953613281,396.3299865722656,396.54998779296875,33204
2026-07-28 15:03:00-04:00,396.3900146484375,396.3900146484375,396.5,396.17999267578125,396.4800109863281,94008
2026-07-28 15:04:00-04:00,396.2699890136719,396.2699890136719,396.4200134277344,396.2001037597656,396.3949890136719,36758
2026-07-28 15:05:00-04:00,396.2749938964844,396.2749938964844,396.7300109863281,396.1700134277344,396.2449951171875,139533
2026-07-28 15:06:00-04:00,395.7099914550781,395.7099914550781,396.30999755859375,395.7099914550781,396.2749938964844,57128
2026-07-28 15:07:00-04:00,395.5450134277344,395.5450134277344,395.7699890136719,395.5299987792969,395.760009765625,43831
2026-07-28 15:08:00-04:00,395.19500732421875,395.19500732421875,395.6199951171875,395.125,395.5450134277344,51976
2026-07-28 15:09:00-04:00,395.3399963378906,395.3399963378906,395.4200134277344,395.1401062011719,395.1900939941406,43759
2026-07-28 15:10:00-04:00,394.9100036621094,394.9100036621094,395.4800109863281,394.8599853515625,395.3599853515625,53878
2026-07-28 15:11:00-04:00,394.9599914550781,394.9599914550781,395.0400085449219,394.864990234375,394.94000244140625,37637
2026-07-28 15:12:00-04:00,394.9599914550781,394.9599914550781,395.0,394.80999755859375,395.0,22687
2026-07-28 15:13:00-04:00,394.4949951171875,394.4949951171875,394.9700012207031,394.4700012207031,394.9150085449219,111330
2026-07-28 15:14:00-04:00,394.2699890136719,394.2699890136719,394.5299987792969,394.239990234375,394.4599914550781,66104
2026-07-28 15:15:00-04:00,394.2799072265625,394.2799072265625,394.3800048828125,394.1499938964844,394.2300109863281,69859
2026-07-28 15:16:00-04:00,394.3999938964844,394.3999938964844,394.5199890136719,394.0400085449219,394.2200012207031,111621
2026-07-28 15:17:00-04:00,394.3699951171875,394.3699951171875,394.489990234375,394.3299865722656,394.44000244140625,41073
2026-07-28 15:18:00-04:00,394.4800109863281,394.4800109863281,394.489990234375,394.2900085449219,394.3349914550781,24946
2026-07-28 15:19:00-04:00,393.95001220703125,393.95001220703125,394.55999755859375,393.8999938964844,394.489990234375,54273
2026-07-28 15:20:00-04:00,393.4849853515625,393.4849853515625,393.95001220703125,393.4303894042969,393.95001220703125,52525
2026-07-28 15:21:00-04:00,393.6050109863281,393.6050109863281,393.71990966796875,393.4200134277344,393.5,35453
2026-07-28 15:22:00-04:00,393.3450012207031,393.3450012207031,393.6256103515625,393.1300048828125,393.5799865722656,61862
2026-07-28 15:23:00-04:00,393.0799865722656,393.0799865722656,393.4200134277344,393.010009765625,393.3450012207031,30769
2026-07-28 15:24:00-04:00,393.0,393.0,393.20001220703125,392.9137878417969,393.1000061035156,43946
2026-07-28 15:25:00-04:00,393.0,393.0,393.07501220703125,392.8810119628906,393.0133972167969,59475
2026-07-28 15:26:00-04:00,392.8399963378906,392.8399963378906,392.99261474609375,392.6099853515625,392.9649963378906,48369
2026-07-28 15:27:00-04:00,392.80999755859375,392.80999755859375,393.0799865722656,392.6000061035156,392.8299865722656,42405
2026-07-28 15:28:00-04:00,393.0350036621094,393.0350036621094,393.0350036621094,392.6409912109375,392.8262023925781,53171
2026-07-28 15:29:00-04:00,392.8699951171875,392.8699951171875,393.0599060058594,392.79998779296875,393.0350036621094,38515
2026-07-28 15:30:00-04:00,392.9700012207031,392.9700012207031,393.1700134277344,392.7349853515625,392.8299865722656,72089
2026-07-28 15:31:00-04:00,392.8999938964844,392.8999938964844,392.9700012207031,392.6700134277344,392.92010498046875,62962
2026-07-28 15:32:00-04:00,392.9599914550781,392.9599914550781,392.989990234375,392.7900085449219,392.8999938964844,48912
2026-07-28 15:33:00-04:00,392.6505126953125,392.6505126953125,393.0,392.6505126953125,392.9849853515625,53942
2026-07-28 15:34:00-04:00,392.7200012207031,392.7200012207031,392.8370056152344,392.5799865722656,392.6700134277344,58207
2026-07-28 15:35:00-04:00,392.4750061035156,392.4750061035156,392.8500061035156,392.4159851074219,392.7349853515625,47710
2026-07-28 15:36:00-04:00,392.5,392.5,392.54998779296875,392.3699951171875,392.4849853515625,52834
2026-07-28 15:37:00-04:00,392.8349914550781,392.8349914550781,392.8599853515625,392.4700012207031,392.4800109863281,61681
2026-07-28 15:38:00-04:00,393.1582946777344,393.1582946777344,393.1600036621094,392.7699890136719,392.8349914550781,60616
2026-07-28 15:39:00-04:00,393.2900085449219,393.2900085449219,393.30999755859375,393.0199890136719,393.125,63805
2026-07-28 15:40:00-04:00,393.2449951171875,393.2449951171875,393.42999267578125,393.1499938964844,393.29998779296875,85846
2026-07-28 15:41:00-04:00,393.2099914550781,393.2099914550781,393.29998779296875,393.0400085449219,393.25,68602
2026-07-28 15:42:00-04:00,393.239990234375,393.239990234375,393.44989013671875,393.1615905761719,393.19000244140625,43813
2026-07-28 15:43:00-04:00,393.29998779296875,393.29998779296875,393.46990966796875,393.20721435546875,393.20721435546875,37319
2026-07-28 15:44:00-04:00,393.0400085449219,393.0400085449219,393.3299865722656,392.9100036621094,393.29998779296875,54953
2026-07-28 15:45:00-04:00,393.114990234375,393.114990234375,393.239990234375,393.0,393.0552062988281,62067
2026-07-28 15:46:00-04:00,393.1199951171875,393.1199951171875,393.1199951171875,392.9599914550781,393.1099853515625,66741
2026-07-28 15:47:00-04:00,393.3550109863281,393.3550109863281,393.3999938964844,393.0199890136719,393.1099853515625,44031
2026-07-28 15:48:00-04:00,393.2300109863281,393.2300109863281,393.3699951171875,393.1199951171875,393.3550109863281,60677
2026-07-28 15:49:00-04:00,393.260009765625,393.260009765625,393.3800048828125,393.05999755859375,393.2300109863281,54729
2026-07-28 15:50:00-04:00,393.19000244140625,393.19000244140625,393.2650146484375,392.79901123046875,393.25,72485
2026-07-28 15:51:00-04:00,393.3399963378906,393.3399963378906,393.44000244140625,393.1600036621094,393.1600036621094,65581
2026-07-28 15:52:00-04:00,393.4150085449219,393.4150085449219,393.510009765625,393.32000732421875,393.32000732421875,74918
2026-07-28 15:53:00-04:00,393.2300109863281,393.2300109863281,393.44000244140625,393.2099914550781,393.42999267578125,70062
2026-07-28 15:54:00-04:00,393.3800048828125,393.3800048828125,393.82000732421875,393.1600036621094,393.2699890136719,176095
2026-07-28 15:55:00-04:00,393.3900146484375,393.3900146484375,393.43499755859375,392.5199890136719,393.3699951171875,250045
2026-07-28 15:56:00-04:00,393.54998779296875,393.54998779296875,393.5899963378906,393.2799987792969,393.3900146484375,153362
2026-07-28 15:57:00-04:00,393.3800048828125,393.3800048828125,393.6499938964844,393.32501220703125,393.5400085449219,182187
2026-07-28 15:58:00-04:00,393.5849914550781,393.5849914550781,393.7699890136719,393.3299865722656,393.3599853515625,292296
2026-07-28 15:59:00-04:00,393.4700012207031,393.4700012207031,393.5950012207031,393.32000732421875,393.5899963378906,753391
2026-07-29 09:30:00-04:00,393.6400146484375,393.6400146484375,394.2799987792969,392.8800048828125,393.3999938964844,1163303
2026-07-29 09:31:00-04:00,389.8500061035156,389.8500061035156,393.6700134277344,389.4200134277344,393.54998779296875,308872
2026-07-29 09:32:00-04:00,390.1000061035156,390.1000061035156,390.45001220703125,389.1000061035156,389.95001220703125,133614
2026-07-29 09:33:00-04:00,391.2250061035156,391.2250061035156,391.510009765625,389.8699951171875,390.0350036621094,82186
2026-07-29 09:34:00-04:00,390.82501220703125,390.82501220703125,391.489990234375,390.6700134277344,391.4100036621094,78095
2026-07-29 09:35:00-04:00,391.2250061035156,391.2250061035156,391.3500061035156,390.6600036621094,390.82000732421875,77816
2026-07-29 09:36:00-04:00,391.05999755859375,391.05999755859375,391.9200134277344,390.7699890136719,391.2430114746094,104129
2026-07-29 09:37:00-04:00,389.8599853515625,389.8599853515625,391.29998779296875,389.7200012207031,391.2300109863281,94659
2026-07-29 09:38:00-04:00,389.8900146484375,389.8900146484375,391.0400085449219,389.67999267578125,389.7699890136719,258816
2026-07-29 09:39:00-04:00,391.45001220703125,391.45001220703125,391.5400085449219,389.7300109863281,389.85089111328125,84433
2026-07-29 09:40:00-04:00,391.19000244140625,391.19000244140625,391.6300048828125,390.3699951171875,391.4259948730469,66623
2026-07-29 09:41:00-04:00,390.5,390.5,391.2900085449219,390.2449951171875,391.2200012207031,81853
2026-07-29 09:42:00-04:00,390.45001220703125,390.45001220703125,391.1300048828125,390.4200134277344,390.4761047363281,55163
2026-07-29 09:43:00-04:00,390.385009765625,390.385009765625,390.7099914550781,390.04998779296875,390.3800048828125,49910
2026-07-29 09:44:00-04:00,389.75,389.75,390.45001220703125,389.6000061035156,390.30999755859375,74186
2026-07-29 09:45:00-04:00,389.5849914550781,389.5849914550781,390.4200134277344,389.3599853515625,389.67999267578125,75304
2026-07-29 09:46:00-04:00,389.489990234375,389.489990234375,389.91949462890625,389.3299865722656,389.6099853515625,78089
2026-07-29 09:47:00-04:00,389.03399658203125,389.03399658203125,389.55499267578125,388.95001220703125,389.55499267578125,132505
2026-07-29 09:48:00-04:00,389.3299865722656,389.3299865722656,389.6400146484375,388.95001220703125,389.0299987792969,106230
2026-07-29 09:49:00-04:00,389.4049987792969,389.4049987792969,389.5199890136719,388.7430114746094,389.3349914550781,73598
2026-07-29 09:50:00-04:00,389.96990966796875,389.96990966796875,390.0899963378906,389.2900085449219,389.3599853515625,76764
2026-07-29 09:51:00-04:00,390.1499938964844,390.1499938964844,390.3800048828125,389.7200012207031,389.8699951171875,51176
2026-07-29 09:52:00-04:00,390.0400085449219,390.0400085449219,390.32000732421875,389.510009765625,390.0299987792969,80738
2026-07-29 09:53:00-04:00,390.6400146484375,390.6400146484375,391.0,389.9635925292969,389.9800109863281,470998
2026-07-29 09:54:00-04:00,389.9949951171875,389.9949951171875,390.760009765625,389.6300048828125,390.6549987792969,77476
2026-07-29 09:55:00-04:00,390.7900085449219,390.7900085449219,391.0,390.0400085449219,390.04998779296875,74534
2026-07-29 09:56:00-04:00,390.5450134277344,390.5450134277344,390.8900146484375,390.3900146484375,390.7900085449219,56041
2026-07-29 09:57:00-04:00,391.8800048828125,391.8800048828125,391.95989990234375,390.5199890136719,390.5299987792969,161738
2026-07-29 09:58:00-04:00,392.6700134277344,392.6700134277344,392.739990234375,391.7349853515625,391.9049987792969,90120
2026-07-29 09:59:00-04:00,392.3299865722656,392.3299865722656,392.7099914550781,391.49139404296875,392.6400146484375,78836
2026-07-29 10:00:00-04:00,393.2200012207031,393.2200012207031,393.260009765625,392.1400146484375,392.364990234375,108521
2026-07-29 10:01:00-04:00,393.3450012207031,393.3450012207031,393.3900146484375,392.92999267578125,393.2250061035156,70704
2026-07-29 10:02:00-04:00,392.9100036621094,392.9100036621094,393.5400085449219,392.739990234375,393.3500061035156,82841
2026-07-29 10:03:00-04:00,392.7850036621094,392.7850036621094,393.1400146484375,392.54998779296875,393.05999755859375,47664
2026-07-29 10:04:00-04:00,393.1300048828125,393.1300048828125,393.3900146484375,392.75,392.7850036621094,70044
2026-07-29 10:05:00-04:00,393.29998779296875,393.29998779296875,393.45831298828125,392.8900146484375,393.1300048828125,41913
2026-07-29 10:06:00-04:00,392.7900085449219,392.7900085449219,393.3999938964844,392.6300048828125,393.380615234375,143476
2026-07-29 10:07:00-04:00,392.9198913574219,392.9198913574219,393.1700134277344,392.44000244140625,392.6400146484375,91912
2026-07-29 10:08:00-04:00,392.80499267578125,392.80499267578125,392.92999267578125,392.5299987792969,392.92999267578125,65576
2026-07-29 10:09:00-04:00,392.34149169921875,392.34149169921875,392.9700012207031,392.07000732421875,392.80499267578125,47498
2026-07-29 10:10:00-04:00,392.03009033203125,392.03009033203125,392.30999755859375,391.79998779296875,392.30999755859375,48133
2026-07-29 10:11:00-04:00,392.3500061035156,392.3500061035156,392.5398864746094,392.0400085449219,392.0799865722656,48805
2026-07-29 10:12:00-04:00,392.3900146484375,392.3900146484375,393.1099853515625,392.30999755859375,392.3450012207031,98865
2026-07-29 10:13:00-04:00,391.4800109863281,391.4800109863281,392.3399963378906,391.3800048828125,392.3399963378906,95900
2026-07-29 10:14:00-04:00,391.5950012207031,391.5950012207031,391.6400146484375,391.2699890136719,391.510009765625,59699
2026-07-29 10:15:00-04:00,391.78009033203125,391.78009033203125,392.05999755859375,391.54998779296875,391.5899963378906,73642
2026-07-29 10:16:00-04:00,391.56500244140625,391.56500244140625,391.77301025390625,390.885986328125,391.77301025390625,73713
2026-07-29 10:17:00-04:00,391.05999755859375,391.05999755859375,391.7298889160156,390.80999755859375,391.5625,70156
2026-07-29 10:18:00-04:00,391.8699951171875,391.8699951171875,391.9599914550781,390.8699951171875,391.0101013183594,75204
2026-07-29 10:19:00-04:00,391.989990234375,391.989990234375,392.3599853515625,391.80999755859375,391.82000732421875,57783
2026-07-29 10:20:00-04:00,392.2200927734375,392.2200927734375,392.3699035644531,391.5213928222656,391.94000244140625,54090
2026-07-29 10:21:00-04:00,392.1700134277344,392.1700134277344,392.32000732421875,391.80010986328125,392.260009765625,88339
2026-07-29 10:22:00-04:00,392.7149963378906,392.7149963378906,392.79998779296875,392.1300048828125,392.19000244140625,50426
2026-07-29 10:23:00-04:00,393.06500244140625,393.06500244140625,393.3800048828125,392.7099914550781,392.7099914550781,72694
2026-07-29 10:24:00-04:00,392.2099914550781,392.2099914550781,393.1499938964844,392.1401062011719,393.07501220703125,63482
2026-07-29 10:25:00-04:00,392.0199890136719,392.0199890136719,392.45001220703125,391.9801025390625,392.2799987792969,42932
2026-07-29 10:26:00-04:00,392.30999755859375,392.30999755859375,392.4100036621094,391.55999755859375,391.8699951171875,80012
2026-07-29 10:27:00-04:00,392.2900085449219,392.2900085449219,392.3699951171875,392.04998779296875,392.2300109863281,36527
2026-07-29 10:28:00-04:00,392.4049987792969,392.4049987792969,392.67999267578125,392.2099914550781,392.2449951171875,68477
2026-07-29 10:29:00-04:00,392.489990234375,392.489990234375,392.5,392.25,392.4800109863281,51703
2026-07-29 10:30:00-04:00,392.6099853515625,392.6099853515625,392.8450927734375,392.3299865722656,392.5199890136719,47635
2026-07-29 10:31:00-04:00,393.2650146484375,393.2650146484375,393.3500061035156,392.6700134277344,392.67999267578125,120054
2026-07-29 10:32:00-04:00,393.3599853515625,393.3599853515625,393.6099853515625,393.0799865722656,393.3490905761719,76911
2026-07-29 10:33:00-04:00,393.54998779296875,393.54998779296875,393.6597900390625,393.1199951171875,393.3550109863281,36006
2026-07-29 10:34:00-04:00,393.9599914550781,393.9599914550781,394.04998779296875,393.4800109863281,393.489990234375,78999
2026-07-29 10:35:00-04:00,393.8900146484375,393.8900146484375,394.1300048828125,393.57000732421875,393.9599914550781,47953
2026-07-29 10:36:00-04:00,393.92999267578125,393.92999267578125,394.0,393.6400146484375,393.9100036621094,41051
2026-07-29 10:37:00-04:00,394.1499938964844,394.1499938964844,394.25,393.7900085449219,393.8900146484375,188843
2026-07-29 10:38:00-04:00,394.03009033203125,394.03009033203125,394.1600036621094,393.7900085449219,394.1099853515625,42866
2026-07-29 10:39:00-04:00,394.1401062011719,394.1401062011719,394.2298889160156,393.95001220703125,394.07000732421875,35090
2026-07-29 10:40:00-04:00,393.2601013183594,393.2601013183594,394.19000244140625,393.2099914550781,394.1199951171875,40682
2026-07-29 10:41:00-04:00,394.0,394.0,394.25,393.2799987792969,393.32501220703125,65469
2026-07-29 10:42:00-04:00,393.760986328125,393.760986328125,394.3500061035156,393.760009765625,393.9825134277344,46621
2026-07-29 10:43:00-04:00,393.9700012207031,393.9700012207031,394.1300048828125,393.7699890136719,393.7699890136719,33203
2026-07-29 10:44:00-04:00,394.20001220703125,394.20001220703125,394.30999755859375,393.82000732421875,394.0,32300
2026-07-29 10:45:00-04:00,394.5799865722656,394.5799865722656,394.5799865722656,394.110107421875,394.2699890136719,819322
2026-07-29 10:46:00-04:00,394.6199951171875,394.6199951171875,394.70001220703125,394.1400146484375,394.6000061035156,69241
2026-07-29 10:47:00-04:00,394.2200012207031,394.2200012207031,394.79998779296875,394.17999267578125,394.6199951171875,53940
2026-07-29 10:48:00-04:00,394.32000732421875,394.32000732421875,394.4100036621094,394.1300048828125,394.2200012207031,47212
2026-07-29 10:49:00-04:00,393.9914855957031,393.9914855957031,394.32000732421875,393.7428894042969,394.32000732421875,51340
2026-07-29 10:50:00-04:00,394.4595947265625,394.4595947265625,394.4595947265625,393.69000244140625,394.04998779296875,45343
2026-07-29 10:51:00-04:00,394.489990234375,394.489990234375,394.57000732421875,394.1000061035156,394.44000244140625,52299
2026-07-29 10:52:00-04:00,393.9800109863281,393.9800109863281,394.630615234375,393.9700012207031,394.5,51645
2026-07-29 10:53:00-04:00,394.5150146484375,394.5150146484375,394.6000061035156,393.9599914550781,393.9800109863281,35996
2026-07-29 10:54:00-04:00,394.7300109863281,394.7300109863281,394.79998779296875,394.29998779296875,394.489990234375,40391
2026-07-29 10:55:00-04:00,394.57598876953125,394.57598876953125,394.80999755859375,394.4901123046875,394.7099914550781,31409
2026-07-29 10:56:00-04:00,394.7099914550781,394.7099914550781,394.7099914550781,394.3299865722656,394.57000732421875,33659
2026-07-29 10:57:00-04:00,394.8800048828125,394.8800048828125,394.9200134277344,394.5799865722656,394.739990234375,50491
2026-07-29 10:58:00-04:00,394.3890075683594,394.3890075683594,394.989990234375,394.2699890136719,394.875,49111
2026-07-29 10:59:00-04:00,394.25,394.25,394.5299987792969,394.1600036621094,394.3500061035156,28996
2026-07-29 11:00:00-04:00,394.5,394.5,394.6199951171875,394.1300048828125,394.2701110839844,48242
2026-07-29 11:01:00-04:00,394.67999267578125,394.67999267578125,394.8500061035156,394.2300109863281,394.4700012207031,42841
2026-07-29 11:02:00-04:00,394.739990234375,394.739990234375,394.82000732421875,394.2799987792969,394.6400146484375,54523
2026-07-29 11:03:00-04:00,394.8500061035156,394.8500061035156,394.8999938964844,394.6700134277344,394.739990234375,38831
2026-07-29 11:04:00-04:00,394.8699951171875,394.8699951171875,394.9200134277344,394.6700134277344,394.80999755859375,37328
2026-07-29 11:05:00-04:00,394.5325012207031,394.5325012207031,395.1050109863281,394.5325012207031,394.8999938964844,75409
2026-07-29 11:06:00-04:00,394.8800048828125,394.8800048828125,394.9100036621094,394.4501037597656,394.5,29261
2026-07-29 11:07:00-04:00,395.30499267578125,395.30499267578125,395.3299865722656,394.80999755859375,394.82000732421875,41557
2026-07-29 11:08:00-04:00,395.5899963378906,395.5899963378906,395.82000732421875,395.13031005859375,395.30499267578125,67502
2026-07-29 11:09:00-04:00,395.67999267578125,395.67999267578125,395.7099914550781,395.37359619140625,395.6099853515625,125236
2026-07-29 11:10:00-04:00,395.3699951171875,395.3699951171875,395.739990234375,395.3599853515625,395.70001220703125,56999
2026-07-29 11:11:00-04:00,395.23968505859375,395.23968505859375,395.4800109863281,395.05999755859375,395.3699951171875,50836
2026-07-29 11:12:00-04:00,395.2200012207031,395.2200012207031,395.3851013183594,395.0914001464844,395.2099914550781,49281
2026-07-29 11:13:00-04:00,395.1099853515625,395.1099853515625,395.2799987792969,395.05499267578125,395.1650085449219,34758
2026-07-29 11:14:00-04:00,394.8550109863281,394.8550109863281,395.30999755859375,394.8031921386719,395.1199951171875,36084
2026-07-29 11:15:00-04:00,394.6401062011719,394.6401062011719,394.8900146484375,394.4601135253906,394.8500061035156,36157
2026-07-29 11:16:00-04:00,395.0899963378906,395.0899963378906,395.1600036621094,394.6499938964844,394.6700134277344,42778
2026-07-29 11:17:00-04:00,395.2099914550781,395.2099914550781,395.2799987792969,395.010009765625,395.0899963378906,31967
2026-07-29 11:18:00-04:00,395.3800048828125,395.3800048828125,395.3999938964844,395.1499938964844,395.2099914550781,29817
2026-07-29 11:19:00-04:00,395.1400146484375,395.1400146484375,395.3800048828125,395.0299987792969,395.3800048828125,29061
2026-07-29 11:20:00-04:00,395.4150085449219,395.4150085449219,395.4700012207031,395.1394958496094,395.1394958496094,36841
2026-07-29 11:21:00-04:00,395.0299987792969,395.0299987792969,395.4200134277344,394.9800109863281,395.4198913574219,50481
2026-07-29 11:22:00-04:00,394.70001220703125,394.70001220703125,395.02508544921875,394.5199890136719,395.0249938964844,32586
2026-07-29 11:23:00-04:00,395.114990234375,395.114990234375,395.1400146484375,394.7300109863281,394.7449951171875,32530
2026-07-29 11:24:00-04:00,395.1451110839844,395.1451110839844,395.239990234375,394.9840087890625,395.07000732421875,27562
2026-07-29 11:25:00-04:00,395.239990234375,395.239990234375,395.2799987792969,394.8500061035156,395.1499938964844,30164
2026-07-29 11:26:00-04:00,394.67999267578125,394.67999267578125,395.2200012207031,394.5799865722656,395.1499938964844,32531
2026-07-29 11:27:00-04:00,394.6000061035156,394.6000061035156,394.9200134277344,394.55999755859375,394.6499938964844,29871
2026-07-29 11:28:00-04:00,394.6600036621094,394.6600036621094,394.989990234375,394.55999755859375,394.6600036621094,38757
2026-07-29 11:29:00-04:00,394.6400146484375,394.6400146484375,394.7699890136719,394.3699951171875,394.6600036621094,70984
2026-07-29 11:30:00-04:00,394.5,394.5,394.69000244140625,394.25,394.614990234375,38965
2026-07-29 11:31:00-04:00,394.6600036621094,394.6600036621094,394.67999267578125,394.4599914550781,394.5199890136719,21763
2026-07-29 11:32:00-04:00,394.6050109863281,394.6050109863281,394.7799987792969,394.510009765625,394.6099853515625,116224
2026-07-29 11:33:00-04:00,394.6400146484375,394.6400146484375,394.7650146484375,394.5,394.6050109863281,37525
2026-07-29 11:34:00-04:00,394.260009765625,394.260009765625,394.8800048828125,394.260009765625,394.6700134277344,41882
2026-07-29 11:35:00-04:00,394.5199890136719,394.5199890136719,394.62939453125,394.19000244140625,394.2749938964844,44101
2026-07-29 11:36:00-04:00,394.7300109863281,394.7300109863281,394.7300109863281,394.2799987792969,394.5199890136719,28070
2026-07-29 11:37:00-04:00,394.75,394.75,395.0,394.70001220703125,394.75,33776
2026-07-29 11:38:00-04:00,394.67999267578125,394.67999267578125,394.8800048828125,394.6000061035156,394.7650146484375,42562
2026-07-29 11:39:00-04:00,394.3800048828125,394.3800048828125,394.6875,394.360107421875,394.6549987792969,29796
2026-07-29 11:40:00-04:00,394.20001220703125,394.20001220703125,394.3999938964844,394.07000732421875,394.3800048828125,34092
2026-07-29 11:41:00-04:00,394.5199890136719,394.5199890136719,394.5199890136719,394.2099914550781,394.2200012207031,33769
2026-07-29 11:42:00-04:00,394.4100036621094,394.4100036621094,394.67999267578125,394.3699951171875,394.4685974121094,26388
2026-07-29 11:43:00-04:00,394.1499938964844,394.1499938964844,394.5,394.1199951171875,394.4100036621094,19179
2026-07-29 11:44:00-04:00,394.3299865722656,394.3299865722656,394.42999267578125,394.1400146484375,394.1499938964844,30346
2026-07-29 11:45:00-04:00,394.5339050292969,394.5339050292969,394.6199951171875,394.30999755859375,394.32000732421875,45430
2026-07-29 11:46:00-04:00,394.8999938964844,394.8999938964844,394.9800109863281,394.5400085449219,394.5899963378906,47491
2026-07-29 11:47:00-04:00,395.027099609375,395.027099609375,395.1199951171875,394.7099914550781,394.8931884765625,62127
2026-07-29 11:48:00-04:00,394.94000244140625,394.94000244140625,395.1499938964844,394.9200134277344,395.0249938964844,26990
2026-07-29 11:49:00-04:00,394.9800109863281,394.9800109863281,395.03570556640625,394.8399963378906,394.92999267578125,23566
2026-07-29 11:50:00-04:00,395.1400146484375,395.1400146484375,395.2099914550781,394.92010498046875,394.9700012207031,39144
2026-07-29 11:51:00-04:00,395.0400085449219,395.0400085449219,395.1000061035156,394.9200134277344,395.1000061035156,25288
2026-07-29 11:52:00-04:00,395.2300109863281,395.2300109863281,395.2699890136719,395.04998779296875,395.1000061035156,27021
2026-07-29 11:53:00-04:00,395.1099853515625,395.1099853515625,395.2550048828125,395.0400085449219,395.239990234375,22289
2026-07-29 11:54:00-04:00,394.8399963378906,394.8399963378906,395.1199951171875,394.7300109863281,395.114990234375,29647
2026-07-29 11:55:00-04:00,394.6700134277344,394.6700134277344,394.8699951171875,394.4601135253906,394.8699951171875,26009
2026-07-29 11:56:00-04:00,394.8450012207031,394.8450012207031,394.8900146484375,394.5799865722656,394.6650085449219,28787
2026-07-29 11:57:00-04:00,394.69500732421875,394.69500732421875,394.8599853515625,394.57000732421875,394.8450012207031,27766
2026-07-29 11:58:00-04:00,394.7500915527344,394.7500915527344,394.8399963378906,394.55999755859375,394.75,24604
2026-07-29 11:59:00-04:00,394.69000244140625,394.69000244140625,394.8599853515625,394.54998779296875,394.760009765625,23925
2026-07-29 12:00:00-04:00,394.760009765625,394.760009765625,394.9599914550781,394.6000061035156,394.70001220703125,27134
2026-07-29 12:01:00-04:00,394.42999267578125,394.42999267578125,394.92999267578125,394.3800048828125,394.760009765625,24622
2026-07-29 12:02:00-04:00,394.75,394.75,394.80999755859375,394.3599853515625,394.42498779296875,57605
2026-07-29 12:03:00-04:00,394.80999755859375,394.80999755859375,394.8599853515625,394.6199951171875,394.7491149902344,18044
2026-07-29 12:04:00-04:00,394.510009765625,394.510009765625,394.9200134277344,394.2799987792969,394.8251037597656,46825
2026-07-29 12:05:00-04:00,394.4150085449219,394.4150085449219,394.64990234375,394.19000244140625,394.4599914550781,45258
2026-07-29 12:06:00-04:00,394.67999267578125,394.67999267578125,394.7900085449219,394.4150085449219,394.4150085449219,26536
2026-07-29 12:07:00-04:00,394.5111999511719,394.5111999511719,394.8500061035156,394.3699951171875,394.6600036621094,34504
2026-07-29 12:08:00-04:00,394.3599853515625,394.3599853515625,394.739990234375,394.3599853515625,394.5299987792969,25977
2026-07-29 12:09:00-04:00,394.0400085449219,394.0400085449219,394.3699951171875,393.9106140136719,394.3500061035156,43811
2026-07-29 12:10:00-04:00,393.739990234375,393.739990234375,394.0950012207031,393.6099853515625,393.95001220703125,63619
2026-07-29 12:11:00-04:00,393.29998779296875,393.29998779296875,393.7799072265625,393.05999755859375,393.7799072265625,64344
2026-07-29 12:12:00-04:00,392.94000244140625,392.94000244140625,393.3699951171875,392.8299865722656,393.2810974121094,52436
2026-07-29 12:13:00-04:00,393.5350036621094,393.5350036621094,393.5799865722656,392.80499267578125,392.9200134277344,59160
2026-07-29 12:14:00-04:00,393.2699890136719,393.2699890136719,393.5350036621094,393.17999267578125,393.4700012207031,42370
2026-07-29 12:15:00-04:00,393.42498779296875,393.42498779296875,393.45989990234375,393.05999755859375,393.17999267578125,37219
2026-07-29 12:16:00-04:00,393.6951904296875,393.6951904296875,393.7099914550781,393.3900146484375,393.4200134277344,50692
2026-07-29 12:17:00-04:00,394.03948974609375,394.03948974609375,394.03948974609375,393.7200012207031,393.7200012207031,555186
2026-07-29 12:18:00-04:00,393.79998779296875,393.79998779296875,394.05999755859375,393.69000244140625,394.0400085449219,52335
2026-07-29 12:19:00-04:00,393.82501220703125,393.82501220703125,393.8500061035156,393.5350036621094,393.80499267578125,40198
2026-07-29 12:20:00-04:00,393.8299865722656,393.8299865722656,393.8599853515625,393.67999267578125,393.82501220703125,38543
2026-07-29 12:21:00-04:00,394.1449890136719,394.1449890136719,394.1600036621094,393.70001220703125,393.8179016113281,35999
2026-07-29 12:22:00-04:00,394.9049987792969,394.9049987792969,394.9200134277344,394.1099853515625,394.13128662109375,60278
2026-07-29 12:23:00-04:00,395.3799133300781,395.3799133300781,395.5799865722656,394.9049987792969,394.9049987792969,88247
2026-07-29 12:24:00-04:00,395.3500061035156,395.3500061035156,395.3500061035156,395.0400085449219,395.32000732421875,30149
2026-07-29 12:25:00-04:00,395.07000732421875,395.07000732421875,395.3999938964844,395.0299987792969,395.3599853515625,24659
2026-07-29 12:26:00-04:00,395.2051086425781,395.2051086425781,395.2799987792969,394.8999938964844,395.04998779296875,45876
2026-07-29 12:27:00-04:00,395.6050109863281,395.6050109863281,395.6099853515625,395.1700134277344,395.2049865722656,106149
2026-07-29 12:28:00-04:00,395.3550109863281,395.3550109863281,395.6300048828125,395.30499267578125,395.6050109863281,21278
2026-07-29 12:29:00-04:00,395.6600036621094,395.6600036621094,395.6600036621094,395.3594055175781,395.3594055175781,34762
2026-07-29 12:30:00-04:00,395.6400146484375,395.6400146484375,396.0,395.4674987792969,395.6600036621094,56503
2026-07-29 12:31:00-04:00,395.385009765625,395.385009765625,395.635009765625,395.3500061035156,395.635009765625,30199
2026-07-29 12:32:00-04:00,395.17999267578125,395.17999267578125,395.42498779296875,395.1400146484375,395.3599853515625,273087
2026-07-29 12:33:00-04:00,395.2699890136719,395.2699890136719,395.29998779296875,395.07110595703125,395.18609619140625,19474
2026-07-29 12:34:00-04:00,395.04998779296875,395.04998779296875,395.31500244140625,395.0199890136719,395.2749938964844,22677
2026-07-29 12:35:00-04:00,395.1400146484375,395.1400146484375,395.2550048828125,395.0132141113281,395.0450134277344,30036
2026-07-29 12:36:00-04:00,395.0450134277344,395.0450134277344,395.2099914550781,394.989990234375,395.1600036621094,39512
2026-07-29 12:37:00-04:00,395.2550048828125,395.2550048828125,395.2799987792969,394.7099914550781,395.0450134277344,309414
2026-07-29 12:38:00-04:00,394.9800109863281,394.9800109863281,395.3399963378906,394.83551025390625,395.2550048828125,49521
2026-07-29 12:39:00-04:00,395.0400085449219,395.0400085449219,395.1400146484375,394.9599914550781,395.0150146484375,27416
2026-07-29 12:40:00-04:00,394.739990234375,394.739990234375,395.04998779296875,394.6400146484375,395.04998779296875,48437
2026-07-29 12:41:00-04:00,394.260009765625,394.260009765625,394.7799987792969,394.239990234375,394.7799987792969,27347
2026-07-29 12:42:00-04:00,394.0400085449219,394.0400085449219,394.29998779296875,393.8500061035156,394.2300109863281,29359
2026-07-29 12:43:00-04:00,394.1825866699219,394.1825866699219,394.25,394.0299987792969,394.04998779296875,36521
2026-07-29 12:44:00-04:00,394.2049865722656,394.2049865722656,394.2200012207031,393.989990234375,394.0799865722656,31190
2026-07-29 12:45:00-04:00,393.8399963378906,393.8399963378906,394.25,393.80999755859375,394.2049865722656,29768
2026-07-29 12:46:00-04:00,393.8550109863281,393.8550109863281,393.9800109863281,393.6300048828125,393.7950134277344,38499
2026-07-29 12:47:00-04:00,394.2349853515625,394.2349853515625,394.2596130371094,393.8800048828125,393.8800048828125,31928
2026-07-29 12:48:00-04:00,394.4849853515625,394.4849853515625,394.5899963378906,394.2300109863281,394.2699890136719,29588
2026-07-29 12:49:00-04:00,394.470703125,394.470703125,394.6499938964844,394.42999267578125,394.42999267578125,26830
2026-07-29 12:50:00-04:00,394.8599853515625,394.8599853515625,394.9100036621094,394.5400085449219,394.5400085449219,39346
2026-07-29 12:51:00-04:00,394.7099914550781,394.7099914550781,394.9100036621094,394.57000732421875,394.8599853515625,43825
2026-07-29 12:52:00-04:00,394.8800048828125,394.8800048828125,394.8949890136719,394.5400085449219,394.7099914550781,31629
2026-07-29 12:53:00-04:00,395.0050048828125,395.0050048828125,395.0350036621094,394.7099914550781,394.875,49571
2026-07-29 12:54:00-04:00,395.31500244140625,395.31500244140625,395.3900146484375,394.9884948730469,394.9884948730469,33963
2026-07-29 12:55:00-04:00,395.54998779296875,395.54998779296875,395.6300048828125,395.2099914550781,395.30499267578125,39060
2026-07-29 12:56:00-04:00,395.5,395.5,395.5199890136719,395.239990234375,395.5,538086
2026-07-29 12:57:00-04:00,395.2699890136719,395.2699890136719,395.6199951171875,395.1799011230469,395.489990234375,50374
2026-07-29 12:58:00-04:00,395.364990234375,395.364990234375,395.4100036621094,395.0799865722656,395.25,54967
2026-07-29 12:59:00-04:00,395.31500244140625,395.31500244140625,395.4100036621094,395.2099914550781,395.364990234375,29210
2026-07-29 13:00:00-04:00,395.3399963378906,395.3399963378906,395.42999267578125,395.1099853515625,395.31500244140625,33284
2026-07-29 13:01:00-04:00,395.4200134277344,395.4200134277344,395.42999267578125,395.2200012207031,395.3699951171875,536222
2026-07-29 13:02:00-04:00,395.1400146484375,395.1400146484375,395.4100036621094,395.04998779296875,395.4100036621094,32766
2026-07-29 13:03:00-04:00,395.4800109863281,395.4800109863281,395.57000732421875,395.1700134277344,395.1700134277344,45448
2026-07-29 13:04:00-04:00,395.5400085449219,395.5400085449219,395.5799865722656,395.20001220703125,395.510009765625,36134
2026-07-29 13:05:00-04:00,395.67498779296875,395.67498779296875,395.7499084472656,395.3500061035156,395.54998779296875,69202
2026-07-29 13:06:00-04:00,395.45001220703125,395.45001220703125,395.67498779296875,395.45001220703125,395.67498779296875,37777
2026-07-29 13:07:00-04:00,395.6000061035156,395.6000061035156,395.739990234375,395.17010498046875,395.45001220703125,45162
2026-07-29 13:08:00-04:00,395.7099914550781,395.7099914550781,395.75,395.4599914550781,395.5799865722656,37438
2026-07-29 13:09:00-04:00,395.45001220703125,395.45001220703125,395.7200012207031,395.3900146484375,395.7200012207031,37382
2026-07-29 13:10:00-04:00,395.6650085449219,395.6650085449219,395.760009765625,395.42498779296875,395.42498779296875,46643
2026-07-29 13:11:00-04:00,395.5400085449219,395.5400085449219,395.8299865722656,395.5199890136719,395.6700134277344,25315
2026-07-29 13:12:00-04:00,395.510009765625,395.510009765625,395.6400146484375,395.3800048828125,395.5400085449219,36418
2026-07-29 13:13:00-04:00,395.80499267578125,395.80499267578125,396.0299987792969,395.5050048828125,395.5150146484375,69759
2026-07-29 13:14:00-04:00,396.07501220703125,396.07501220703125,396.1000061035156,395.69000244140625,395.79998779296875,37345
2026-07-29 13:15:00-04:00,395.7650146484375,395.7650146484375,396.1000061035156,395.7300109863281,396.07501220703125,31621
2026-07-29 13:16:00-04:00,395.7850036621094,395.7850036621094,396.0,395.4200134277344,395.7300109863281,87467
2026-07-29 13:17:00-04:00,395.8599853515625,395.8599853515625,395.9200134277344,395.6700134277344,395.760009765625,42183
2026-07-29 13:18:00-04:00,396.1600036621094,396.1600036621094,396.239990234375,395.57501220703125,395.8599853515625,73599
2026-07-29 13:19:00-04:00,396.4953918457031,396.4953918457031,396.4953918457031,396.1099853515625,396.1549987792969,60130
2026-07-29 13:20:00-04:00,396.4800109863281,396.4800109863281,396.5799865722656,396.3500061035156,396.46990966796875,73548
2026-07-29 13:21:00-04:00,397.1600036621094,397.1600036621094,397.17999267578125,396.489990234375,396.510009765625,122527
2026-07-29 13:22:00-04:00,396.5199890136719,396.5199890136719,397.17999267578125,396.489990234375,397.17999267578125,60932
2026-07-29 13:23:00-04:00,396.80999755859375,396.80999755859375,396.95001220703125,396.45001220703125,396.489990234375,75078
2026-07-29 13:24:00-04:00,396.2799987792969,396.2799987792969,396.82000732421875,396.2200927734375,396.7699890136719,83188
2026-07-29 13:25:00-04:00,395.8699951171875,395.8699951171875,396.29998779296875,395.739990234375,396.2850036621094,47944
2026-07-29 13:26:00-04:00,395.739990234375,395.739990234375,396.0899963378906,395.67010498046875,395.8699951171875,47213
2026-07-29 13:27:00-04:00,395.7950134277344,395.7950134277344,395.8500061035156,395.55999755859375,395.739990234375,32586
2026-07-29 13:28:00-04:00,396.18499755859375,396.18499755859375,396.260009765625,395.7950134277344,395.7950134277344,47561
2026-07-29 13:29:00-04:00,396.1650085449219,396.1650085449219,396.2900085449219,396.0299987792969,396.18499755859375,28332
2026-07-29 13:30:00-04:00,395.9750061035156,395.9750061035156,396.260009765625,395.885009765625,396.1400146484375,36429
2026-07-29 13:31:00-04:00,395.9800109863281,395.9800109863281,396.0799865722656,395.79998779296875,395.9750061035156,28046
2026-07-29 13:32:00-04:00,396.2349853515625,396.2349853515625,396.2900085449219,395.9700012207031,395.9700012207031,27435
2026-07-29 13:33:00-04:00,395.9649963378906,395.9649963378906,396.25,395.8550109863281,396.239990234375,34994
2026-07-29 13:34:00-04:00,395.94000244140625,395.94000244140625,396.0199890136719,395.79998779296875,395.9649963378906,53587
2026-07-29 13:35:00-04:00,395.8999938964844,395.8999938964844,396.07000732421875,395.7929992675781,395.9200134277344,36600
2026-07-29 13:36:00-04:00,395.70001220703125,395.70001220703125,395.94000244140625,395.70001220703125,395.8599853515625,23775
2026-07-29 13:37:00-04:00,395.8500061035156,395.8500061035156,396.0899963378906,395.7099914550781,395.7099914550781,36484
2026-07-29 13:38:00-04:00,395.7300109863281,395.7300109863281,395.82000732421875,395.714111328125,395.7699890136719,20300
2026-07-29 13:39:00-04:00,395.8299865722656,395.8299865722656,395.92999267578125,395.6600036621094,395.75,30519
2026-07-29 13:40:00-04:00,395.79998779296875,395.79998779296875,395.9100036621094,395.67010498046875,395.80010986328125,26757
2026-07-29 13:41:00-04:00,395.67498779296875,395.67498779296875,395.92999267578125,395.67498779296875,395.7950134277344,26086
2026-07-29 13:42:00-04:00,395.9949951171875,395.9949951171875,396.0899963378906,395.70001220703125,395.739990234375,72182
2026-07-29 13:43:00-04:00,396.1549987792969,396.1549987792969,396.19000244140625,395.8900146484375,395.95001220703125,27490
2026-07-29 13:44:00-04:00,396.2749938964844,396.2749938964844,396.4100036621094,396.034912109375,396.1549987792969,38788
2026-07-29 13:45:00-04:00,396.010009765625,396.010009765625,396.3399963378906,396.010009765625,396.29998779296875,49379
2026-07-29 13:46:00-04:00,395.92999267578125,395.92999267578125,396.1585998535156,395.904296875,396.010009765625,35842
2026-07-29 13:47:00-04:00,396.2449951171875,396.2449951171875,396.29998779296875,395.8500061035156,395.9200134277344,53552
2026-07-29 13:48:00-04:00,396.19500732421875,396.19500732421875,396.35888671875,396.1000061035156,396.2699890136719,50374
2026-07-29 13:49:00-04:00,396.19500732421875,396.19500732421875,396.3699951171875,396.125,396.19500732421875,41157
2026-07-29 13:50:00-04:00,396.0400085449219,396.0400085449219,396.30999755859375,396.0299987792969,396.1700134277344,44958
2026-07-29 13:51:00-04:00,395.8550109863281,395.8550109863281,396.1300048828125,395.760009765625,396.06768798828125,70608
2026-07-29 13:52:00-04:00,395.8800048828125,395.8800048828125,396.0899963378906,395.810302734375,395.8999938964844,28588
2026-07-29 13:53:00-04:00,395.6099853515625,395.6099853515625,395.8999938964844,395.57000732421875,395.864990234375,30571
2026-07-29 13:54:00-04:00,395.95001220703125,395.95001220703125,395.9599914550781,395.5350036621094,395.6050109863281,34311
2026-07-29 13:55:00-04:00,395.94500732421875,395.94500732421875,396.05999755859375,395.8399963378906,395.9800109863281,30053
2026-07-29 13:56:00-04:00,395.68499755859375,395.68499755859375,395.8800048828125,395.510009765625,395.8699951171875,39741
2026-07-29 13:57:00-04:00,396.1050109863281,396.1050109863281,396.1099853515625,395.44000244140625,395.6401062011719,63441
2026-07-29 13:58:00-04:00,396.4599914550781,396.4599914550781,396.4700012207031,396.0849914550781,396.1000061035156,65205
2026-07-29 13:59:00-04:00,396.5899963378906,396.5899963378906,396.8399963378906,396.2300109863281,396.4599914550781,64861
2026-07-29 14:00:00-04:00,396.92999267578125,396.92999267578125,397.5,396.5,396.5,104992
2026-07-29 14:01:00-04:00,397.114990234375,397.114990234375,397.3900146484375,396.760009765625,396.875,59447
2026-07-29 14:02:00-04:00,397.57000732421875,397.57000732421875,397.7099914550781,397.0,397.1400146484375,82837
2026-07-29 14:03:00-04:00,397.260009765625,397.260009765625,397.7300109863281,397.0201110839844,397.55999755859375,62890
2026-07-29 14:04:00-04:00,396.9100036621094,396.9100036621094,397.29998779296875,396.6199951171875,397.260009765625,2150320
2026-07-29 14:05:00-04:00,397.04998779296875,397.04998779296875,397.0899963378906,396.7099914550781,396.8500061035156,43719
2026-07-29 14:06:00-04:00,397.239990234375,397.239990234375,397.44000244140625,396.8299865722656,397.07000732421875,165820
2026-07-29 14:07:00-04:00,397.8900146484375,397.8900146484375,397.9200134277344,397.1705017089844,397.2149963378906,71442
2026-07-29 14:08:00-04:00,397.79998779296875,397.79998779296875,398.1000061035156,397.7300109863281,397.8699951171875,112417
2026-07-29 14:09:00-04:00,398.1099853515625,398.1099853515625,398.1099853515625,397.5299987792969,397.7699890136719,120289
2026-07-29 14:10:00-04:00,398.32000732421875,398.32000732421875,398.5400085449219,398.0350036621094,398.135009765625,163894
2026-07-29 14:11:00-04:00,398.55499267578125,398.55499267578125,398.5799865722656,398.2699890136719,398.3299865722656,67204
2026-07-29 14:12:00-04:00,399.05499267578125,399.05499267578125,399.1199951171875,398.57000732421875,398.5799865722656,147328
2026-07-29 14:13:00-04:00,398.8399963378906,398.8399963378906,399.135009765625,398.7699890136719,399.05499267578125,181901
2026-07-29 14:14:00-04:00,397.6199951171875,397.6199951171875,398.8299865722656,397.4549865722656,398.8299865722656,87672
2026-07-29 14:15:00-04:00,397.8299865722656,397.8299865722656,397.989990234375,397.6000061035156,397.6000061035156,37088
2026-07-29 14:16:00-04:00,397.9700012207031,397.9700012207031,398.2099914550781,397.82000732421875,397.8699951171875,50120
2026-07-29 14:17:00-04:00,397.85101318359375,397.85101318359375,398.1000061035156,397.70001220703125,397.9518127441406,48957
2026-07-29 14:18:00-04:00,398.17999267578125,398.17999267578125,398.2200012207031,397.82000732421875,397.92999267578125,37900
2026-07-29 14:19:00-04:00,398.05999755859375,398.05999755859375,398.3999938964844,397.9075012207031,398.20001220703125,54163
2026-07-29 14:20:00-04:00,397.8699951171875,397.8699951171875,398.0799865722656,397.6700134277344,398.0799865722656,44203
2026-07-29 14:21:00-04:00,397.7200012207031,397.7200012207031,397.8699951171875,397.5400085449219,397.8299865722656,46819
2026-07-29 14:22:00-04:00,397.739990234375,397.739990234375,397.95001220703125,397.625,397.7200012207031,57447
2026-07-29 14:23:00-04:00,397.48699951171875,397.48699951171875,398.05999755859375,397.43499755859375,397.8299865722656,41013
2026-07-29 14:24:00-04:00,397.5,397.5,397.6700134277344,397.4023132324219,397.4649963378906,30100
2026-07-29 14:25:00-04:00,397.8399963378906,397.8399963378906,397.9200134277344,397.42999267578125,397.5,39998
2026-07-29 14:26:00-04:00,398.1300048828125,398.1300048828125,398.1300048828125,397.8788146972656,397.8900146484375,32122
2026-07-29 14:27:00-04:00,397.82501220703125,397.82501220703125,398.1300048828125,397.7900085449219,398.0799865722656,34761
2026-07-29 14:28:00-04:00,398.0101013183594,398.0101013183594,398.1199951171875,397.8500061035156,397.8599853515625,38194
2026-07-29 14:29:00-04:00,398.6600036621094,398.6600036621094,398.70001220703125,398.05999755859375,398.05999755859375,64744
2026-07-29 14:30:00-04:00,398.989990234375,398.989990234375,399.1099853515625,398.6000061035156,398.69000244140625,103915
2026-07-29 14:31:00-04:00,398.4700012207031,398.4700012207031,399.1700134277344,398.4200134277344,398.9849853515625,52923
2026-07-29 14:32:00-04:00,398.5,398.5,398.5050048828125,398.010009765625,398.4234924316406,49430
2026-07-29 14:33:00-04:00,398.4849853515625,398.4849853515625,398.67999267578125,398.25,398.4750061035156,48280
2026-07-29 14:34:00-04:00,398.375,398.375,398.7099914550781,398.2200012207031,398.4849853515625,50018
2026-07-29 14:35:00-04:00,398.29998779296875,398.29998779296875,398.4800109863281,398.25,398.4100036621094,59892
2026-07-29 14:36:00-04:00,398.6070861816406,398.6070861816406,398.70001220703125,398.2300109863281,398.29998779296875,46184
2026-07-29 14:37:00-04:00,398.5199890136719,398.5199890136719,398.7099914550781,398.2648010253906,398.67498779296875,32803
2026-07-29 14:38:00-04:00,399.05999755859375,399.05999755859375,399.3699951171875,398.5400085449219,398.5899963378906,63798
2026-07-29 14:39:00-04:00,398.94500732421875,398.94500732421875,399.1600036621094,398.65399169921875,399.1098937988281,45499
2026-07-29 14:40:00-04:00,399.17999267578125,399.17999267578125,399.17999267578125,398.6600036621094,398.94500732421875,163376
2026-07-29 14:41:00-04:00,398.75,398.75,399.2698974609375,398.75,399.1650085449219,62894
2026-07-29 14:42:00-04:00,398.6893005371094,398.6893005371094,398.84991455078125,398.25,398.7699890136719,46189
2026-07-29 14:43:00-04:00,398.8800048828125,398.8800048828125,398.8800048828125,398.44000244140625,398.7099914550781,47542
2026-07-29 14:44:00-04:00,399.1669921875,399.1669921875,399.1669921875,398.610107421875,398.8599853515625,64722
2026-07-29 14:45:00-04:00,399.2799987792969,399.2799987792969,399.4700927734375,399.0400085449219,399.1650085449219,116392
2026-07-29 14:46:00-04:00,399.6650085449219,399.6650085449219,399.70001220703125,399.1600036621094,399.260009765625,92115
2026-07-29 14:47:00-04:00,400.0150146484375,400.0150146484375,400.19000244140625,399.6600036621094,399.7200012207031,239675
2026-07-29 14:48:00-04:00,400.45001220703125,400.45001220703125,400.45001220703125,399.67999267578125,400.05999755859375,102662
2026-07-29 14:49:00-04:00,401.0098876953125,401.0098876953125,401.1499938964844,400.44000244140625,400.45001220703125,131401
2026-07-29 14:50:00-04:00,400.80999755859375,400.80999755859375,401.25,400.7850036621094,400.9200134277344,201210
2026-07-29 14:51:00-04:00,400.68499755859375,400.68499755859375,400.95001220703125,400.57220458984375,400.81500244140625,109793
2026-07-29 14:52:00-04:00,400.9601135253906,400.9601135253906,401.0599060058594,400.55999755859375,400.6499938964844,116382
2026-07-29 14:53:00-04:00,400.9100036621094,400.9100036621094,401.05999755859375,400.6000061035156,400.9599914550781,117469
2026-07-29 14:54:00-04:00,400.8349914550781,400.8349914550781,401.010009765625,400.72509765625,400.9200134277344,88344
2026-07-29 14:55:00-04:00,401.20001220703125,401.20001220703125,401.20001220703125,400.7099914550781,400.8349914550781,139625
2026-07-29 14:56:00-04:00,400.54010009765625,400.54010009765625,401.20001220703125,400.54010009765625,401.1400146484375,86259
2026-07-29 14:57:00-04:00,400.1099853515625,400.1099853515625,400.5421142578125,399.92999267578125,400.5400085449219,108549
2026-07-29 14:58:00-04:00,400.1715087890625,400.1715087890625,400.1799011230469,399.55010986328125,400.07000732421875,89745
2026-07-29 14:59:00-04:00,399.55999755859375,399.55999755859375,400.1919860839844,399.42120361328125,400.17999267578125,67281
2026-07-29 15:00:00-04:00,398.9700012207031,398.9700012207031,399.6600036621094,398.82000732421875,399.57000732421875,103861
2026-07-29 15:01:00-04:00,399.0950012207031,399.0950012207031,399.1400146484375,398.57000732421875,398.9800109863281,63234
2026-07-29 15:02:00-04:00,398.55499267578125,398.55499267578125,399.260009765625,398.29998779296875,399.1099853515625,97390
2026-07-29 15:03:00-04:00,398.1199951171875,398.1199951171875,398.78961181640625,398.1199951171875,398.6300048828125,59772
2026-07-29 15:04:00-04:00,398.5,398.5,398.6700134277344,397.8900146484375,398.1600036621094,149195
2026-07-29 15:05:00-04:00,398.3500061035156,398.3500061035156,398.5050048828125,397.8450012207031,398.5050048828125,81282
2026-07-29 15:06:00-04:00,398.0199890136719,398.0199890136719,398.4100036621094,397.8699951171875,398.3468933105469,131825
2026-07-29 15:07:00-04:00,397.7449951171875,397.7449951171875,398.1700134277344,397.6400146484375,397.989990234375,68161
2026-07-29 15:08:00-04:00,397.1700134277344,397.1700134277344,397.9800109863281,397.1700134277344,397.7900085449219,59766
2026-07-29 15:09:00-04:00,397.0899963378906,397.0899963378906,397.42999267578125,397.080810546875,397.1400146484375,51331
2026-07-29 15:10:00-04:00,397.05999755859375,397.05999755859375,397.10888671875,396.8299865722656,397.0799865722656,77978
2026-07-29 15:11:00-04:00,397.7200012207031,397.7200012207031,397.7200012207031,397.0899963378906,397.0899963378906,59667
2026-07-29 15:12:00-04:00,398.19000244140625,398.19000244140625,398.2900085449219,397.6499938964844,397.7049865722656,84006
2026-07-29 15:13:00-04:00,397.82000732421875,397.82000732421875,398.2200012207031,397.82000732421875,398.20001220703125,54951
2026-07-29 15:14:00-04:00,397.989990234375,397.989990234375,398.010009765625,397.760009765625,397.82501220703125,56665
2026-07-29 15:15:00-04:00,398.1499938964844,398.1499938964844,398.25,397.8599853515625,397.9800109863281,57649
2026-07-29 15:16:00-04:00,397.8999938964844,397.8999938964844,398.2300109863281,397.8800048828125,398.1788024902344,60356
2026-07-29 15:17:00-04:00,397.6300048828125,397.6300048828125,397.9200134277344,397.50201416015625,397.9049987792969,57845
2026-07-29 15:18:00-04:00,397.3999938964844,397.3999938964844,397.6099853515625,397.29998779296875,397.5899963378906,60631
2026-07-29 15:19:00-04:00,397.885009765625,397.885009765625,397.94000244140625,397.3299865722656,397.3800048828125,73319
2026-07-29 15:20:00-04:00,397.2799987792969,397.2799987792969,397.94000244140625,397.2699890136719,397.8800048828125,59945
2026-07-29 15:21:00-04:00,397.0400085449219,397.0400085449219,397.2699890136719,396.8299865722656,397.2699890136719,72850
2026-07-29 15:22:00-04:00,396.8399963378906,396.8399963378906,397.0849914550781,396.7200012207031,397.07000732421875,65980
2026-07-29 15:23:00-04:00,396.6099853515625,396.6099853515625,396.94000244140625,396.4700012207031,396.79010009765625,58923
2026-07-29 15:24:00-04:00,396.43499755859375,396.43499755859375,396.760009765625,396.43499755859375,396.6400146484375,40365
2026-07-29 15:25:00-04:00,396.17999267578125,396.17999267578125,396.510009765625,396.1099853515625,396.4200134277344,64483
2026-07-29 15:26:00-04:00,396.0450134277344,396.0450134277344,396.2998962402344,395.85009765625,396.2149963378906,64613
2026-07-29 15:27:00-04:00,396.0400085449219,396.0400085449219,396.3500061035156,395.95001220703125,396.07000732421875,50574
2026-07-29 15:28:00-04:00,396.18499755859375,396.18499755859375,396.260009765625,395.9800109863281,396.05999755859375,65955
2026-07-29 15:29:00-04:00,395.9700012207031,395.9700012207031,396.18499755859375,395.82000732421875,396.18499755859375,60554
2026-07-29 15:30:00-04:00,396.010009765625,396.010009765625,396.07000732421875,395.70001220703125,395.95001220703125,107399
2026-07-29 15:31:00-04:00,396.114990234375,396.114990234375,396.2900085449219,395.95001220703125,396.0068054199219,71402
2026-07-29 15:32:00-04:00,395.8599853515625,395.8599853515625,396.2200012207031,395.79998779296875,396.0899963378906,69029
2026-07-29 15:33:00-04:00,395.2300109863281,395.2300109863281,395.9100036621094,395.1099853515625,395.8900146484375,85778
2026-07-29 15:34:00-04:00,395.3900146484375,395.3900146484375,395.4599914550781,395.0199890136719,395.25,92242
2026-07-29 15:35:00-04:00,395.2799987792969,395.2799987792969,395.6600036621094,395.2449951171875,395.44000244140625,55357
2026-07-29 15:36:00-04:00,395.3550109863281,395.3550109863281,395.45001220703125,395.0199890136719,395.2900085449219,88014
2026-07-29 15:37:00-04:00,395.0,395.0,395.79998779296875,394.9010009765625,395.3399963378906,66617
2026-07-29 15:38:00-04:00,393.92498779296875,393.92498779296875,395.0299987792969,393.8999938964844,394.989990234375,107607
2026-07-29 15:39:00-04:00,393.7699890136719,393.7699890136719,393.9898986816406,393.6416931152344,393.92498779296875,98094
2026-07-29 15:40:00-04:00,394.19000244140625,394.19000244140625,394.19000244140625,393.6050109863281,393.7829895019531,101578
2026-07-29 15:41:00-04:00,393.2900085449219,393.2900085449219,394.2200012207031,393.1400146484375,394.19000244140625,87935
2026-07-29 15:42:00-04:00,393.4200134277344,393.4200134277344,393.5400085449219,393.17999267578125,393.260009765625,83460
2026-07-29 15:43:00-04:00,393.3450012207031,393.3450012207031,393.5,392.80010986328125,393.4200134277344,120362
2026-07-29 15:44:00-04:00,392.54998779296875,392.54998779296875,393.364990234375,392.44000244140625,393.3500061035156,113346
2026-07-29 15:45:00-04:00,392.44000244140625,392.44000244140625,392.9661865234375,392.3999938964844,392.54998779296875,109896
2026-07-29 15:46:00-04:00,392.3399963378906,392.3399963378906,392.75,392.3399963378906,392.45001220703125,93966
2026-07-29 15:47:00-04:00,392.0299987792969,392.0299987792969,392.55999755859375,391.8399963378906,392.42999267578125,128530
2026-07-29 15:48:00-04:00,392.30999755859375,392.30999755859375,392.55999755859375,391.79998779296875,391.9599914550781,113226
2026-07-29 15:49:00-04:00,392.44500732421875,392.44500732421875,392.57000732421875,392.1700134277344,392.2200927734375,145675
2026-07-29 15:50:00-04:00,392.06109619140625,392.06109619140625,392.4200134277344,391.510009765625,392.4200134277344,248104
2026-07-29 15:51:00-04:00,392.03009033203125,392.03009033203125,392.260009765625,391.75,392.0299987792969,158546
2026-07-29 15:52:00-04:00,391.625,391.625,392.07000732421875,391.1650085449219,392.0299987792969,159424
2026-07-29 15:53:00-04:00,391.4700012207031,391.4700012207031,391.8399963378906,391.2099914550781,391.6099853515625,173905
2026-07-29 15:54:00-04:00,391.760009765625,391.760009765625,391.8299865722656,391.32000732421875,391.4700012207031,208563
2026-07-29 15:55:00-04:00,391.3699951171875,391.3699951171875,391.80999755859375,390.6000061035156,391.7200012207031,385429
2026-07-29 15:56:00-04:00,390.4599914550781,390.4599914550781,391.5,390.2099914550781,391.3699951171875,321556
2026-07-29 15:57:00-04:00,389.7950134277344,389.7950134277344,390.7699890136719,389.7900085449219,390.42999267578125,495590
2026-07-29 15:58:00-04:00,389.6700134277344,389.6700134277344,390.1400146484375,389.5675048828125,389.7950134277344,729307
2026-07-29 15:59:00-04:00,392.3999938964844,392.3999938964844,392.3999938964844,389.3599853515625,389.7099914550781,1393793
2026-07-30 09:30:00-04:00,434.5,434.5,438.7699890136719,432.44000244140625,438.5,9296225
2026-07-30 09:31:00-04:00,436.95001220703125,436.95001220703125,438.70001220703125,434.3900146484375,434.5150146484375,1116500
2026-07-30 09:32:00-04:00,443.1300048828125,443.1300048828125,445.5299987792969,436.3200988769531,436.7705993652344,2453022
2026-07-30 09:33:00-04:00,443.48748779296875,443.48748779296875,445.7300109863281,441.1099853515625,442.739990234375,1922611
2026-07-30 09:34:00-04:00,446.9150085449219,446.9150085449219,447.7699890136719,443.260009765625,443.5,1388196
2026-07-30 09:35:00-04:00,447.5350036621094,447.5350036621094,449.3900146484375,446.4599914550781,446.8900146484375,1396897
2026-07-30 09:36:00-04:00,448.45001220703125,448.45001220703125,451.3500061035156,447.19000244140625,447.5350036621094,1950595
2026-07-30 09:37:00-04:00,448.20001220703125,448.20001220703125,448.8800048828125,446.34698486328125,448.4100036621094,897826
2026-07-30 09:38:00-04:00,444.7049865722656,444.7049865722656,448.25,444.34100341796875,448.1700134277344,1181163
2026-07-30 09:39:00-04:00,447.5199890136719,447.5199890136719,447.8299865722656,444.44000244140625,444.6499938964844,813763
2026-07-30 09:40:00-04:00,446.0,446.0,447.6300048828125,444.9800109863281,447.4700012207031,691339
2026-07-30 09:41:00-04:00,444.6600036621094,444.6600036621094,446.44000244140625,444.3800048828125,445.93499755859375,575652
2026-07-30 09:42:00-04:00,447.6199951171875,447.6199951171875,448.4999084472656,444.489990234375,444.5400085449219,819457
2026-07-30 09:43:00-04:00,447.7149963378906,447.7149963378906,448.70001220703125,446.55499267578125,447.6199951171875,666812
2026-07-30 09:44:00-04:00,449.2550048828125,449.2550048828125,449.3761901855469,447.1499938964844,447.5799865722656,588710
2026-07-30 09:45:00-04:00,448.8500061035156,448.8500061035156,449.44000244140625,447.0199890136719,449.1700134277344,634009
2026-07-30 09:46:00-04:00,450.0400085449219,450.0400085449219,450.9100036621094,448.4800109863281,448.82000732421875,1078136
2026-07-30 09:47:00-04:00,450.8450012207031,450.8450012207031,450.94000244140625,448.70001220703125,449.9800109863281,741101
2026-07-30 09:48:00-04:00,450.3800048828125,450.3800048828125,451.6300048828125,449.9800109863281,450.82000732421875,935541
2026-07-30 09:49:00-04:00,451.4599914550781,451.4599914550781,451.7250061035156,450.1499938964844,450.260009765625,654333
2026-07-30 09:50:00-04:00,449.2756042480469,449.2756042480469,451.5450134277344,447.6199951171875,451.44000244140625,770819
2026-07-30 09:51:00-04:00,448.2250061035156,448.2250061035156,449.2850036621094,447.9200134277344,449.260009765625,569391
2026-07-30 09:52:00-04:00,448.57000732421875,448.57000732421875,449.3999938964844,448.08050537109375,448.1499938964844,427374
2026-07-30 09:53:00-04:00,447.57501220703125,447.57501220703125,448.6000061035156,447.5,448.55999755859375,559375
2026-07-30 09:54:00-04:00,447.1650085449219,447.1650085449219,448.1700134277344,446.1499938964844,447.5,523772
2026-07-30 09:55:00-04:00,448.2749938964844,448.2749938964844,448.3900146484375,446.9700012207031,447.0799865722656,464450
2026-07-30 09:56:00-04:00,448.4450988769531,448.4450988769531,448.8900146484375,447.6499938964844,448.2900085449219,368385
2026-07-30 09:57:00-04:00,448.8399963378906,448.8399963378906,449.7059020996094,448.2099914550781,448.44500732421875,373011
2026-07-30 09:58:00-04:00,449.114990234375,449.114990234375,449.8500061035156,448.4599914550781,448.8800048828125,352047
2026-07-30 09:59:00-04:00,450.06500244140625,450.06500244140625,450.1600036621094,448.82000732421875,449.114990234375,694229
2026-07-30 10:00:00-04:00,451.5350036621094,451.5350036621094,451.5899963378906,449.30010986328125,450.1400146484375,627305
2026-07-30 10:01:00-04:00,450.3399963378906,450.3399963378906,451.69000244140625,450.32000732421875,451.5350036621094,483708
2026-07-30 10:02:00-04:00,450.94500732421875,450.94500732421875,451.0,449.4200134277344,450.4200134277344,349884
2026-07-30 10:03:00-04:00,449.29998779296875,449.29998779296875,451.15948486328125,448.8760070800781,450.92999267578125,364359
2026-07-30 10:04:00-04:00,449.1791076660156,449.1791076660156,449.5899963378906,448.77099609375,449.3799133300781,283304
2026-07-30 10:05:00-04:00,445.67999267578125,445.67999267578125,449.20001220703125,445.54998779296875,449.125,451922
2026-07-30 10:06:00-04:00,445.9599914550781,445.9599914550781,446.7499084472656,445.3599853515625,445.75,674771
2026-07-30 10:07:00-04:00,447.17999267578125,447.17999267578125,447.260009765625,445.2900085449219,445.9599914550781,376471
2026-07-30 10:08:00-04:00,446.6499938964844,446.6499938964844,447.9800109863281,445.8999938964844,447.2250061035156,412562
2026-07-30 10:09:00-04:00,446.7900085449219,446.7900085449219,447.0899963378906,446.3299865722656,446.57000732421875,292272
2026-07-30 10:10:00-04:00,446.9007873535156,446.9007873535156,447.0,445.760009765625,446.8500061035156,363097
2026-07-30 10:11:00-04:00,447.3800048828125,447.3800048828125,447.4700012207031,446.4700012207031,446.7900085449219,347468
2026-07-30 10:12:00-04:00,447.0390930175781,447.0390930175781,448.82000732421875,446.510009765625,447.4599914550781,409393
2026-07-30 10:13:00-04:00,446.3699951171875,446.3699951171875,447.3599853515625,445.6401062011719,447.0400085449219,253794
2026-07-30 10:14:00-04:00,448.31500244140625,448.31500244140625,448.31500244140625,445.7620849609375,446.42999267578125,268128
2026-07-30 10:15:00-04:00,447.5899963378906,447.5899963378906,448.5899963378906,446.9800109863281,448.31500244140625,257016
2026-07-30 10:16:00-04:00,446.7550964355469,446.7550964355469,447.5899963378906,446.3999938964844,447.55999755859375,230117
2026-07-30 10:17:00-04:00,447.1300048828125,447.1300048828125,448.0,446.67999267578125,446.7601013183594,293677
2026-07-30 10:18:00-04:00,446.2950134277344,446.2950134277344,447.25,445.80999755859375,447.1099853515625,281948
2026-07-30 10:19:00-04:00,446.30499267578125,446.30499267578125,446.69000244140625,446.0,446.2099914550781,201947
2026-07-30 10:20:00-04:00,446.19000244140625,446.19000244140625,446.8500061035156,445.9100036621094,446.2699890136719,269018
2026-07-30 10:21:00-04:00,446.3800048828125,446.3800048828125,447.04998779296875,445.75,446.19000244140625,248356
2026-07-30 10:22:00-04:00,446.2200012207031,446.2200012207031,446.92498779296875,446.2099914550781,446.44000244140625,227332
2026-07-30 10:23:00-04:00,446.8399963378906,446.8399963378906,447.19000244140625,446.05999755859375,446.2099914550781,172727
2026-07-30 10:24:00-04:00,447.3349914550781,447.3349914550781,447.5,446.62060546875,446.8399963378906,189876
2026-07-30 10:25:00-04:00,449.32000732421875,449.32000732421875,449.32000732421875,447.489990234375,447.489990234375,695714
2026-07-30 10:26:00-04:00,449.4649963378906,449.4649963378906,449.8800048828125,449.0000915527344,449.3500061035156,406415
2026-07-30 10:27:00-04:00,449.6099853515625,449.6099853515625,449.7699890136719,449.1700134277344,449.489990234375,217529
2026-07-30 10:28:00-04:00,450.260009765625,450.260009765625,450.54998779296875,447.0,449.6099853515625,716630
2026-07-30 10:29:00-04:00,449.8900146484375,449.8900146484375,450.2900085449219,449.54998779296875,450.2900085449219,288105
2026-07-30 10:30:00-04:00,450.6499938964844,450.6499938964844,450.6499938964844,449.67999267578125,449.8900146484375,272841
2026-07-30 10:31:00-04:00,450.54229736328125,450.54229736328125,450.760009765625,449.94000244140625,450.5950012207031,216109
2026-07-30 10:32:00-04:00,450.9599914550781,450.9599914550781,450.9599914550781,450.2300109863281,450.61480712890625,292929
2026-07-30 10:33:00-04:00,450.3900146484375,450.3900146484375,450.9599914550781,449.57000732421875,450.94000244140625,552543
2026-07-30 10:34:00-04:00,450.3800048828125,450.3800048828125,450.9289855957031,449.79998779296875,450.45001220703125,224643
2026-07-30 10:35:00-04:00,450.4150085449219,450.4150085449219,450.67999267578125,449.8399963378906,450.4200134277344,274783
2026-07-30 10:36:00-04:00,450.5350036621094,450.5350036621094,450.5899963378906,449.3299865722656,450.25,295859
2026-07-30 10:37:00-04:00,450.8450012207031,450.8450012207031,451.5,450.4599914550781,450.57000732421875,497938
2026-07-30 10:38:00-04:00,450.44500732421875,450.44500732421875,450.8399963378906,450.2300109863281,450.80999755859375,196662
2026-07-30 10:39:00-04:00,449.92999267578125,449.92999267578125,450.5249938964844,449.6199951171875,450.3900146484375,229815
2026-07-30 10:40:00-04:00,450.92999267578125,450.92999267578125,451.2200012207031,449.6499938964844,449.8435974121094,519081
2026-07-30 10:41:00-04:00,450.70001220703125,450.70001220703125,451.0,449.92498779296875,450.94000244140625,477360
2026-07-30 10:42:00-04:00,450.4794921875,450.4794921875,451.9200134277344,450.41009521484375,450.70001220703125,373759
2026-07-30 10:43:00-04:00,451.30999755859375,451.30999755859375,451.54998779296875,450.30999755859375,450.4100036621094,240710
2026-07-30 10:44:00-04:00,451.42999267578125,451.42999267578125,451.6400146484375,450.95001220703125,451.25,178071
2026-07-30 10:45:00-04:00,451.5137939453125,451.5137939453125,451.9200134277344,451.3500061035156,451.42999267578125,889238
2026-07-30 10:46:00-04:00,451.9399108886719,451.9399108886719,451.9800109863281,451.19000244140625,451.5199890136719,319153
2026-07-30 10:47:00-04:00,451.4200134277344,451.4200134277344,452.2349853515625,451.3900146484375,451.92999267578125,522575
2026-07-30 10:48:00-04:00,450.7099914550781,450.7099914550781,451.55999755859375,450.25,451.4200134277344,277157
2026-07-30 10:49:00-04:00,450.6650085449219,450.6650085449219,450.92999267578125,450.20001220703125,450.739990234375,693740
2026-07-30 10:50:00-04:00,450.760009765625,450.760009765625,451.0799865722656,450.3399963378906,450.70001220703125,190189
2026-07-30 10:51:00-04:00,449.8399963378906,449.8399963378906,450.9100036621094,449.4200134277344,450.7850036621094,247186
2026-07-30 10:52:00-04:00,449.2655944824219,449.2655944824219,450.0299987792969,449.0899963378906,449.8399963378906,285220
2026-07-30 10:53:00-04:00,449.2850036621094,449.2850036621094,449.6000061035156,448.8599853515625,449.2300109863281,246951
2026-07-30 10:54:00-04:00,449.3299865722656,449.3299865722656,449.8299865722656,448.8699951171875,449.2900085449219,256136
2026-07-30 10:55:00-04:00,449.2149963378906,449.2149963378906,449.45001220703125,448.6000061035156,449.32000732421875,176161
2026-07-30 10:56:00-04:00,449.1600036621094,449.1600036621094,449.55999755859375,448.54010009765625,449.2149963378906,193578
2026-07-30 10:57:00-04:00,447.8800048828125,447.8800048828125,449.2200012207031,447.6600036621094,449.2200012207031,295185
2026-07-30 10:58:00-04:00,447.18499755859375,447.18499755859375,447.8800048828125,446.67999267578125,447.8800048828125,246815
2026-07-30 10:59:00-04:00,447.2099914550781,447.2099914550781,447.57989501953125,446.8399963378906,447.18499755859375,278758
2026-07-30 11:00:00-04:00,445.1099853515625,445.1099853515625,447.2200012207031,444.6401062011719,447.2099914550781,532268
2026-07-30 11:01:00-04:00,444.44500732421875,444.44500732421875,445.32000732421875,444.32000732421875,444.989990234375,300453
2026-07-30 11:02:00-04:00,445.8341064453125,445.8341064453125,445.8900146484375,444.4200134277344,444.44500732421875,360912
2026-07-30 11:03:00-04:00,445.5,445.5,446.25,445.2900085449219,445.8900146484375,185257
2026-07-30 11:04:00-04:00,445.8999938964844,445.8999938964844,446.1199951171875,445.43011474609375,445.4599914550781,226706
2026-07-30 11:05:00-04:00,446.0199890136719,446.0199890136719,446.70001220703125,445.75,445.8399963378906,420046
2026-07-30 11:06:00-04:00,444.69500732421875,444.69500732421875,446.010009765625,444.0799865722656,446.010009765625,283045
2026-07-30 11:07:00-04:00,445.375,445.375,445.4200134277344,444.3599853515625,444.70001220703125,158427
2026-07-30 11:08:00-04:00,445.5299072265625,445.5299072265625,445.739990234375,444.75,445.375,185262
2026-07-30 11:09:00-04:00,445.92999267578125,445.92999267578125,445.92999267578125,445.03009033203125,445.3699951171875,162010
2026-07-30 11:10:00-04:00,445.2950134277344,445.2950134277344,445.92999267578125,445.17999267578125,445.92999267578125,210458
2026-07-30 11:11:00-04:00,445.5199890136719,445.5199890136719,445.5199890136719,445.0299987792969,445.3299865722656,186188
2026-07-30 11:12:00-04:00,445.260009765625,445.260009765625,445.6600036621094,445.010009765625,445.42999267578125,151573
2026-07-30 11:13:00-04:00,444.55999755859375,444.55999755859375,445.4100036621094,444.5,445.2699890136719,146265
2026-07-30 11:14:00-04:00,444.4750061035156,444.4750061035156,444.8299865722656,443.92999267578125,444.55999755859375,201688
2026-07-30 11:15:00-04:00,444.4800109863281,444.4800109863281,444.5,443.94000244140625,444.4649963378906,162859
2026-07-30 11:16:00-04:00,443.82000732421875,443.82000732421875,444.6700134277344,443.69000244140625,444.5,198045
2026-07-30 11:17:00-04:00,444.2650146484375,444.2650146484375,444.5,443.6499938964844,443.82000732421875,147635
2026-07-30 11:18:00-04:00,444.4338073730469,444.4338073730469,444.9599914550781,444.01190185546875,444.2650146484375,131573
2026-07-30 11:19:00-04:00,445.31500244140625,445.31500244140625,445.3599853515625,444.29998779296875,444.4599914550781,230575
2026-07-30 11:20:00-04:00,445.0400085449219,445.0400085449219,445.6199951171875,444.7099914550781,445.31500244140625,199191
2026-07-30 11:21:00-04:00,446.3949890136719,446.3949890136719,446.4700012207031,444.989990234375,445.0799865722656,209428
2026-07-30 11:22:00-04:00,447.4150085449219,447.4150085449219,447.5,446.3299865722656,446.4049987792969,289160
2026-07-30 11:23:00-04:00,446.2799987792969,446.2799987792969,447.489990234375,446.1300048828125,447.4100036621094,223868
2026-07-30 11:24:00-04:00,445.44500732421875,445.44500732421875,446.32000732421875,445.3800048828125,446.2799987792969,141148
2026-07-30 11:25:00-04:00,444.7550048828125,444.7550048828125,445.6094055175781,444.45001220703125,445.5199890136719,198491
2026-07-30 11:26:00-04:00,445.1099853515625,445.1099853515625,445.1700134277344,444.1000061035156,444.6990051269531,162249
2026-07-30 11:27:00-04:00,444.7550964355469,444.7550964355469,445.375,444.5400085449219,445.1400146484375,305379
2026-07-30 11:28:00-04:00,444.4049987792969,444.4049987792969,444.8999938964844,444.3299865722656,444.7900085449219,82560
2026-07-30 11:29:00-04:00,444.489990234375,444.489990234375,444.75,444.2908935546875,444.38751220703125,150866
2026-07-30 11:30:00-04:00,444.79998779296875,444.79998779296875,445.010009765625,444.3699951171875,444.4849853515625,149089
2026-07-30 11:31:00-04:00,445.2200012207031,445.2200012207031,445.5400085449219,444.75,444.83160400390625,128594
2026-07-30 11:32:00-04:00,445.30499267578125,445.30499267578125,445.3949890136719,444.69000244140625,445.2200012207031,278987
2026-07-30 11:33:00-04:00,445.3900146484375,445.3900146484375,445.6400146484375,444.9400939941406,445.260009765625,133327
2026-07-30 11:34:00-04:00,446.2799987792969,446.2799987792969,446.30999755859375,445.3699951171875,445.3702087402344,136454
2026-07-30 11:35:00-04:00,446.29998779296875,446.29998779296875,446.6600036621094,446.0299987792969,446.3299865722656,112114
2026-07-30 11:36:00-04:00,447.82000732421875,447.82000732421875,447.8900146484375,446.26019287109375,446.26019287109375,176415
2026-07-30 11:37:00-04:00,447.7349853515625,447.7349853515625,448.4200134277344,447.3399963378906,447.8299865722656,219659
2026-07-30 11:38:00-04:00,448.2200012207031,448.2200012207031,448.31500244140625,447.7699890136719,447.7799987792969,136524
2026-07-30 11:39:00-04:00,448.5400085449219,448.5400085449219,449.3299865722656,448.1813049316406,448.2569885253906,287059
2026-07-30 11:40:00-04:00,448.56500244140625,448.56500244140625,448.9599914550781,448.17498779296875,448.42999267578125,129946
2026-07-30 11:41:00-04:00,448.7200012207031,448.7200012207031,448.9100036621094,448.260009765625,448.57000732421875,99918
2026-07-30 11:42:00-04:00,449.5400085449219,449.5400085449219,449.5899963378906,448.67999267578125,448.7099914550781,116682
2026-07-30 11:43:00-04:00,449.29998779296875,449.29998779296875,449.6400146484375,448.9100036621094,449.5899963378906,105408
2026-07-30 11:44:00-04:00,449.45001220703125,449.45001220703125,449.5398864746094,449.0899963378906,449.25,97782
2026-07-30 11:45:00-04:00,449.57501220703125,449.57501220703125,449.70001220703125,449.20001220703125,449.3800048828125,117887
2026-07-30 11:46:00-04:00,449.54119873046875,449.54119873046875,449.8399963378906,449.360107421875,449.57501220703125,151867
2026-07-30 11:47:00-04:00,449.4800109863281,449.4800109863281,449.69000244140625,449.29998779296875,449.57000732421875,107343
2026-07-30 11:48:00-04:00,449.7300109863281,449.7300109863281,449.79998779296875,449.4902038574219,449.5150146484375,110707
2026-07-30 11:49:00-04:00,449.8800048828125,449.8800048828125,449.9800109863281,449.6099853515625,449.7300109863281,97653
2026-07-30 11:50:00-04:00,450.2550048828125,450.2550048828125,450.5400085449219,449.8299865722656,449.92999267578125,363440
2026-07-30 11:51:00-04:00,449.9700012207031,449.9700012207031,450.3599853515625,449.6700134277344,450.2950134277344,171860
2026-07-30 11:52:00-04:00,449.25,449.25,450.0249938964844,449.0199890136719,449.9800109863281,167882
2026-07-30 11:53:00-04:00,449.4599914550781,449.4599914550781,449.6000061035156,449.17999267578125,449.25,106519
2026-07-30 11:54:00-04:00,449.5,449.5,449.7099914550781,449.3800048828125,449.489990234375,103411
2026-07-30 11:55:00-04:00,449.260009765625,449.260009765625,449.5899963378906,448.9700012207031,449.56500244140625,138051
2026-07-30 11:56:00-04:00,449.1499938964844,449.1499938964844,449.55999755859375,449.0400085449219,449.29998779296875,107169
2026-07-30 11:57:00-04:00,449.54998779296875,449.54998779296875,449.55999755859375,449.0899963378906,449.1499938964844,86973
2026-07-30 11:58:00-04:00,449.3699951171875,449.3699951171875,449.5599060058594,449.19000244140625,449.5400085449219,88726
2026-07-30 11:59:00-04:00,449.9100036621094,449.9100036621094,450.1700134277344,449.340087890625,449.4100036621094,186970
2026-07-30 12:00:00-04:00,450.6600036621094,450.6600036621094,450.75,449.6499938964844,449.9599914550781,156155
2026-07-30 12:01:00-04:00,451.3550109863281,451.3550109863281,451.3999938964844,450.5,450.6600036621094,292410
2026-07-30 12:02:00-04:00,451.69000244140625,451.69000244140625,451.70001220703125,450.739990234375,451.3999938964844,138199
2026-07-30 12:03:00-04:00,451.5799865722656,451.5799865722656,451.8500061035156,451.3200988769531,451.70001220703125,136058
2026-07-30 12:04:00-04:00,451.8450012207031,451.8450012207031,452.3949890136719,451.6199951171875,451.6400146484375,336362
2026-07-30 12:05:00-04:00,452.2200012207031,452.2200012207031,452.2799987792969,451.74371337890625,451.8999938964844,323838
2026-07-30 12:06:00-04:00,452.3999938964844,452.3999938964844,452.510009765625,451.94000244140625,452.2200012207031,205854
2026-07-30 12:07:00-04:00,453.29998779296875,453.29998779296875,453.3900146484375,452.3500061035156,452.3500061035156,305749
2026-07-30 12:08:00-04:00,453.2799987792969,453.2799987792969,454.2699890136719,453.0199890136719,453.2699890136719,256553
2026-07-30 12:09:00-04:00,453.94500732421875,453.94500732421875,454.06500244140625,453.0899963378906,453.2950134277344,371672
2026-07-30 12:10:00-04:00,454.8900146484375,454.8900146484375,454.989990234375,453.94500732421875,453.94500732421875,241522
2026-07-30 12:11:00-04:00,455.9700012207031,455.9700012207031,455.989990234375,454.7099914550781,454.8800048828125,520982
2026-07-30 12:12:00-04:00,456.0249938964844,456.0249938964844,456.489990234375,455.3800048828125,455.989990234375,340821
2026-07-30 12:13:00-04:00,456.2250061035156,456.2250061035156,456.3500061035156,455.80999755859375,456.05999755859375,227113
2026-07-30 12:14:00-04:00,455.54998779296875,455.54998779296875,456.2149963378906,455.3699951171875,456.18499755859375,169026
2026-07-30 12:15:00-04:00,455.6499938964844,455.6499938964844,455.70001220703125,455.360595703125,455.54998779296875,129689
2026-07-30 12:16:00-04:00,455.69500732421875,455.69500732421875,455.9200134277344,455.3500061035156,455.6499938964844,137800
2026-07-30 12:17:00-04:00,455.2550048828125,455.2550048828125,455.7200012207031,454.8699951171875,455.7200012207031,164631
2026-07-30 12:18:00-04:00,455.2099914550781,455.2099914550781,455.4200134277344,454.989501953125,455.239990234375,131457
2026-07-30 12:19:00-04:00,455.2749938964844,455.2749938964844,455.4800109863281,455.06048583984375,455.2449951171875,110878
2026-07-30 12:20:00-04:00,455.0799865722656,455.0799865722656,455.3699951171875,455.0799865722656,455.29998779296875,140983
2026-07-30 12:21:00-04:00,455.1099853515625,455.1099853515625,455.25,454.8399963378906,455.0950012207031,111813
2026-07-30 12:22:00-04:00,455.44500732421875,455.44500732421875,455.67999267578125,455.07000732421875,455.125,125046
2026-07-30 12:23:00-04:00,455.82000732421875,455.82000732421875,455.82000732421875,455.1000061035156,455.45001220703125,128036
2026-07-30 12:24:00-04:00,455.4649963378906,455.4649963378906,455.8900146484375,455.1903991699219,455.84991455078125,110656
2026-07-30 12:25:00-04:00,455.1849060058594,455.1849060058594,455.6000061035156,455.0,455.4649963378906,114221
2026-07-30 12:26:00-04:00,455.4599914550781,455.4599914550781,455.55999755859375,454.989990234375,455.17498779296875,121472
2026-07-30 12:27:00-04:00,455.1950988769531,455.1950988769531,455.510009765625,454.989990234375,455.4931945800781,79049
2026-07-30 12:28:00-04:00,455.1449890136719,455.1449890136719,455.3599853515625,455.0199890136719,455.19000244140625,74190
2026-07-30 12:29:00-04:00,455.2900085449219,455.2900085449219,455.3599853515625,455.1099853515625,455.1993103027344,86345
2026-07-30 12:30:00-04:00,455.0,455.0,455.3599853515625,454.95001220703125,455.29998779296875,117805
2026-07-30 12:31:00-04:00,454.3349914550781,454.3349914550781,455.0050048828125,454.0419921875,455.0,164035
2026-07-30 12:32:00-04:00,455.2099914550781,455.2099914550781,455.2489929199219,454.2200012207031,454.3299865722656,141429
2026-07-30 12:33:00-04:00,454.5899963378906,454.5899963378906,455.3399963378906,454.5299987792969,455.18499755859375,106158
2026-07-30 12:34:00-04:00,454.04998779296875,454.04998779296875,454.6199951171875,453.7300109863281,454.6199951171875,135935
2026-07-30 12:35:00-04:00,454.6099853515625,454.6099853515625,454.6400146484375,453.8299865722656,454.0799865722656,94539
2026-07-30 12:36:00-04:00,454.5400085449219,454.5400085449219,454.875,454.2900085449219,454.6000061035156,97020
2026-07-30 12:37:00-04:00,454.8550109863281,454.8550109863281,454.8900146484375,454.3800048828125,454.57000732421875,71916
2026-07-30 12:38:00-04:00,455.0249938964844,455.0249938964844,455.2200012207031,454.6000061035156,454.8500061035156,94572
2026-07-30 12:39:00-04:00,454.1400146484375,454.1400146484375,455.02911376953125,453.989990234375,454.9800109863281,106822
2026-07-30 12:40:00-04:00,454.44000244140625,454.44000244140625,454.7200012207031,454.04998779296875,454.1776123046875,103008
2026-07-30 12:41:00-04:00,454.05999755859375,454.05999755859375,454.6199951171875,453.989990234375,454.3800048828125,98663
2026-07-30 12:42:00-04:00,453.2950134277344,453.2950134277344,454.1299133300781,453.2518005371094,454.05999755859375,90960
2026-07-30 12:43:00-04:00,453.42999267578125,453.42999267578125,453.6400146484375,452.94000244140625,453.25,131671
2026-07-30 12:44:00-04:00,453.45001220703125,453.45001220703125,453.75,453.30010986328125,453.4599914550781,84962
2026-07-30 12:45:00-04:00,453.635009765625,453.635009765625,453.70001220703125,453.260009765625,453.4100036621094,104277
2026-07-30 12:46:00-04:00,454.19000244140625,454.19000244140625,454.2699890136719,453.5710144042969,453.69000244140625,151871
2026-07-30 12:47:00-04:00,454.0899963378906,454.0899963378906,454.17999267578125,453.8299865722656,454.1524963378906,89170
2026-07-30 12:48:00-04:00,454.2900085449219,454.2900085449219,454.29998779296875,453.94000244140625,454.0899963378906,95085
2026-07-30 12:49:00-04:00,454.3599853515625,454.3599853515625,454.3900146484375,454.2099914550781,454.25,82133
2026-07-30 12:50:00-04:00,454.3901062011719,454.3901062011719,454.54998779296875,454.04010009765625,454.3599853515625,88152
2026-07-30 12:51:00-04:00,454.5199890136719,454.5199890136719,454.6400146484375,454.2699890136719,454.43499755859375,87418
2026-07-30 12:52:00-04:00,454.5400085449219,454.5400085449219,454.7799987792969,454.2699890136719,454.44000244140625,295194
2026-07-30 12:53:00-04:00,454.5201110839844,454.5201110839844,454.6499938964844,454.3550109863281,454.5450134277344,305850
2026-07-30 12:54:00-04:00,454.723388671875,454.723388671875,454.8999938964844,454.5299987792969,454.6099853515625,89130
2026-07-30 12:55:00-04:00,455.29840087890625,455.29840087890625,455.32000732421875,454.6199951171875,454.7799987792969,319216
2026-07-30 12:56:00-04:00,455.614990234375,455.614990234375,455.6499938964844,455.17999267578125,455.2449951171875,121966
2026-07-30 12:57:00-04:00,454.6700134277344,454.6700134277344,455.70001220703125,454.6199951171875,455.614990234375,121977
2026-07-30 12:58:00-04:00,455.2650146484375,455.2650146484375,455.32000732421875,454.54998779296875,454.6549987792969,70452
2026-07-30 12:59:00-04:00,455.1449890136719,455.1449890136719,455.3500061035156,454.82000732421875,455.2650146484375,116887
2026-07-30 13:00:00-04:00,455.5199890136719,455.5199890136719,455.7699890136719,455.10101318359375,455.1199951171875,116284
2026-07-30 13:01:00-04:00,455.2449951171875,455.2449951171875,455.5199890136719,455.1099853515625,455.5199890136719,74604
2026-07-30 13:02:00-04:00,455.7149963378906,455.7149963378906,455.7900085449219,455.1400146484375,455.2099914550781,91917
2026-07-30 13:03:00-04:00,456.2565002441406,456.2565002441406,456.45001220703125,455.6700134277344,455.760009765625,180556
2026-07-30 13:04:00-04:00,456.3599853515625,456.3599853515625,456.3817138671875,456.010009765625,456.2099914550781,76061
2026-07-30 13:05:00-04:00,455.7699890136719,455.7699890136719,456.3999938964844,455.7300109863281,456.364990234375,103158
2026-07-30 13:06:00-04:00,455.1700134277344,455.1700134277344,455.8299865722656,455.1300048828125,455.760009765625,88493
2026-07-30 13:07:00-04:00,455.2900085449219,455.2900085449219,455.3900146484375,454.9100036621094,455.1700134277344,87252
2026-07-30 13:08:00-04:00,455.4100036621094,455.4100036621094,455.6300048828125,455.110107421875,455.25,74313
2026-07-30 13:09:00-04:00,455.7580871582031,455.7580871582031,455.7799987792969,455.25,455.4100036621094,82281
2026-07-30 13:10:00-04:00,455.6000061035156,455.6000061035156,455.9700012207031,455.3699951171875,455.79998779296875,75693
2026-07-30 13:11:00-04:00,455.7850036621094,455.7850036621094,455.8004150390625,455.3999938964844,455.6000061035156,67903
2026-07-30 13:12:00-04:00,455.6300048828125,455.6300048828125,455.8900146484375,455.5,455.82000732421875,79876
2026-07-30 13:13:00-04:00,455.65008544921875,455.65008544921875,455.7598876953125,455.2701110839844,455.6700134277344,53917
2026-07-30 13:14:00-04:00,455.8500061035156,455.8500061035156,455.9700012207031,455.6099853515625,455.69000244140625,79002
2026-07-30 13:15:00-04:00,455.5600891113281,455.5600891113281,455.9200134277344,455.54998779296875,455.8500061035156,74349
2026-07-30 13:16:00-04:00,455.80999755859375,455.80999755859375,455.889892578125,455.5600891113281,455.6098937988281,53349
2026-07-30 13:17:00-04:00,455.6700134277344,455.6700134277344,455.864990234375,455.55999755859375,455.80999755859375,68141
2026-07-30 13:18:00-04:00,455.56500244140625,455.56500244140625,455.7650146484375,455.3999938964844,455.6400146484375,66519
2026-07-30 13:19:00-04:00,455.3800048828125,455.3800048828125,455.6499938964844,455.3800048828125,455.5299987792969,70851
2026-07-30 13:20:00-04:00,455.29998779296875,455.29998779296875,455.42999267578125,454.9750061035156,455.3800048828125,73706
2026-07-30 13:21:00-04:00,455.5,455.5,455.69000244140625,455.260009765625,455.3299865722656,78347
2026-07-30 13:22:00-04:00,455.43499755859375,455.43499755859375,455.70001220703125,455.3800048828125,455.5,77040
2026-07-30 13:23:00-04:00,455.57501220703125,455.57501220703125,455.7300109863281,455.3599853515625,455.45001220703125,61166
2026-07-30 13:24:00-04:00,455.25,455.25,455.6099853515625,455.1700134277344,455.5910949707031,70552
2026-07-30 13:25:00-04:00,455.32000732421875,455.32000732421875,455.3999938964844,455.1600036621094,455.2300109863281,55324
2026-07-30 13:26:00-04:00,455.6199951171875,455.6199951171875,455.6676940917969,455.29998779296875,455.3299865722656,65621
2026-07-30 13:27:00-04:00,455.9100036621094,455.9100036621094,455.9700012207031,455.5899963378906,455.635009765625,92098
2026-07-30 13:28:00-04:00,455.9800109863281,455.9800109863281,456.25,455.8301086425781,455.9100036621094,170850
2026-07-30 13:29:00-04:00,455.95001220703125,455.95001220703125,456.1000061035156,455.8299865722656,455.9649963378906,67855
2026-07-30 13:30:00-04:00,456.364990234375,456.364990234375,456.45001220703125,455.8999938964844,455.989990234375,85755
2026-07-30 13:31:00-04:00,456.4200134277344,456.4200134277344,456.6000061035156,456.1499938964844,456.32080078125,138857
2026-07-30 13:32:00-04:00,456.3349914550781,456.3349914550781,456.4800109863281,455.9599914550781,456.4150085449219,105813
2026-07-30 13:33:00-04:00,456.4750061035156,456.4750061035156,456.55999755859375,456.1600036621094,456.3349914550781,121778
2026-07-30 13:34:00-04:00,456.7099914550781,456.7099914550781,456.79998779296875,456.1099853515625,456.4800109863281,98372
2026-07-30 13:35:00-04:00,457.45001220703125,457.45001220703125,457.45001220703125,456.69000244140625,456.7680969238281,211198
2026-07-30 13:36:00-04:00,457.8750915527344,457.8750915527344,457.9100036621094,457.4100036621094,457.4399108886719,138374
2026-07-30 13:37:00-04:00,457.1600036621094,457.1600036621094,457.8999938964844,457.0199890136719,457.875,143017
2026-07-30 13:38:00-04:00,456.6300048828125,456.6300048828125,457.20001220703125,456.4036865234375,457.18499755859375,112753
2026-07-30 13:39:00-04:00,456.55999755859375,456.55999755859375,456.79998779296875,456.2950134277344,456.6400146484375,104754
2026-07-30 13:40:00-04:00,456.81500244140625,456.81500244140625,457.0,456.5400085449219,456.55999755859375,107900
2026-07-30 13:41:00-04:00,456.82000732421875,456.82000732421875,457.0,456.6400146484375,456.8399963378906,102215
2026-07-30 13:42:00-04:00,456.6600036621094,456.6600036621094,456.8398132324219,456.45001220703125,456.7966003417969,68494
2026-07-30 13:43:00-04:00,456.5,456.5,456.7200012207031,456.4599914550781,456.7099914550781,52660
2026-07-30 13:44:00-04:00,456.42498779296875,456.42498779296875,456.55499267578125,456.29010009765625,456.4714050292969,64908
2026-07-30 13:45:00-04:00,456.2250061035156,456.2250061035156,456.5,456.1000061035156,456.44000244140625,94261
2026-07-30 13:46:00-04:00,456.4800109863281,456.4800109863281,456.5,455.8399963378906,456.2449951171875,111301
2026-07-30 13:47:00-04:00,456.5,456.5,456.6499938964844,456.4100036621094,456.5,75364
2026-07-30 13:48:00-04:00,456.8900146484375,456.8900146484375,457.0,456.510009765625,456.5249938964844,90724
2026-07-30 13:49:00-04:00,456.75,456.75,457.0,456.69000244140625,456.8900146484375,83378
2026-07-30 13:50:00-04:00,456.6600036621094,456.6600036621094,456.8500061035156,456.5299987792969,456.739990234375,82829
2026-07-30 13:51:00-04:00,455.9100036621094,455.9100036621094,456.75,455.54010009765625,456.7099914550781,253913
2026-07-30 13:52:00-04:00,455.760009765625,455.760009765625,456.0,455.5799865722656,455.9100036621094,88103
2026-07-30 13:53:00-04:00,455.8550109863281,455.8550109863281,455.8999938964844,455.6724853515625,455.79998779296875,70009
2026-07-30 13:54:00-04:00,456.0,456.0,456.010009765625,455.82000732421875,455.8550109863281,91822
2026-07-30 13:55:00-04:00,455.9200134277344,455.9200134277344,456.0,455.8500061035156,455.9949951171875,77863
2026-07-30 13:56:00-04:00,455.6700134277344,455.6700134277344,455.9700012207031,455.42999267578125,455.8900146484375,100441
2026-07-30 13:57:00-04:00,455.8399963378906,455.8399963378906,455.8497009277344,455.55999755859375,455.6700134277344,56306
2026-07-30 13:58:00-04:00,455.6650085449219,455.6650085449219,455.8500061035156,455.6000061035156,455.81500244140625,61022
2026-07-30 13:59:00-04:00,455.8699951171875,455.8699951171875,456.0299987792969,455.6300048828125,455.6400146484375,137351
2026-07-30 14:00:00-04:00,455.7650146484375,455.7650146484375,456.1199951171875,455.739990234375,455.95001220703125,117311
2026-07-30 14:01:00-04:00,455.9200134277344,455.9200134277344,455.9200134277344,455.7099914550781,455.739990234375,93552
2026-07-30 14:02:00-04:00,455.8500061035156,455.8500061035156,455.9700012207031,455.75,455.92498779296875,48995
2026-07-30 14:03:00-04:00,456.04998779296875,456.04998779296875,456.864990234375,455.8450012207031,455.8500061035156,135330
2026-07-30 14:04:00-04:00,455.4649963378906,455.4649963378906,456.06500244140625,455.360107421875,456.04998779296875,149028
2026-07-30 14:05:00-04:00,455.5,455.5,455.95001220703125,455.4400939941406,455.4700012207031,195825
2026-07-30 14:06:00-04:00,455.4938049316406,455.4938049316406,455.5,455.3716125488281,455.4750061035156,118856
2026-07-30 14:07:00-04:00,456.0849914550781,456.0849914550781,456.0849914550781,455.49249267578125,455.5,95509
2026-07-30 14:08:00-04:00,456.6325988769531,456.6325988769531,456.760009765625,455.9649963378906,456.0899963378906,192484
2026-07-30 14:09:00-04:00,456.3999938964844,456.3999938964844,456.8800048828125,456.3999938964844,456.7099914550781,97807
2026-07-30 14:10:00-04:00,457.18499755859375,457.18499755859375,457.239990234375,456.4100036621094,456.5,105738
2026-07-30 14:11:00-04:00,457.69500732421875,457.69500732421875,457.7900085449219,457.18499755859375,457.18499755859375,112080
2026-07-30 14:12:00-04:00,458.5,458.5,458.5,457.6099853515625,457.69000244140625,211384
2026-07-30 14:13:00-04:00,458.5950012207031,458.5950012207031,458.69000244140625,458.3399963378906,458.5,130557
2026-07-30 14:14:00-04:00,457.82000732421875,457.82000732421875,458.69000244140625,457.739990234375,458.6099853515625,137455
2026-07-30 14:15:00-04:00,457.7099914550781,457.7099914550781,458.1400146484375,457.62249755859375,457.8699951171875,151639
2026-07-30 14:16:00-04:00,457.94000244140625,457.94000244140625,458.0299987792969,457.5899963378906,457.7300109863281,69936
2026-07-30 14:17:00-04:00,457.70001220703125,457.70001220703125,457.9566955566406,457.54998779296875,457.94000244140625,71006
2026-07-30 14:18:00-04:00,458.06561279296875,458.06561279296875,458.0799865722656,457.6510009765625,457.69500732421875,76152
2026-07-30 14:19:00-04:00,457.82501220703125,457.82501220703125,458.0799865722656,457.760009765625,458.0415954589844,75229
2026-07-30 14:20:00-04:00,457.7349853515625,457.7349853515625,457.95001220703125,457.54998779296875,457.80999755859375,96671
2026-07-30 14:21:00-04:00,457.7699890136719,457.7699890136719,457.84979248046875,457.45001220703125,457.7139892578125,95245
2026-07-30 14:22:00-04:00,457.7900085449219,457.7900085449219,457.80999755859375,457.6499938964844,457.7699890136719,80305
2026-07-30 14:23:00-04:00,457.93499755859375,457.93499755859375,457.9800109863281,457.67999267578125,457.7650146484375,72183
2026-07-30 14:24:00-04:00,458.1099853515625,458.1099853515625,458.1307067871094,457.760009765625,457.95001220703125,110150
2026-07-30 14:25:00-04:00,457.44000244140625,457.44000244140625,458.1700134277344,457.400390625,458.1379089355469,154351
2026-07-30 14:26:00-04:00,457.5400085449219,457.5400085449219,457.6000061035156,457.3699951171875,457.4800109863281,64613
2026-07-30 14:27:00-04:00,457.7850036621094,457.7850036621094,457.82000732421875,457.489990234375,457.489990234375,66160
2026-07-30 14:28:00-04:00,458.0799865722656,458.0799865722656,458.20001220703125,457.6300048828125,457.7850036621094,120355
2026-07-30 14:29:00-04:00,458.1700134277344,458.1700134277344,458.5,457.9400939941406,458.1099853515625,113690
2026-07-30 14:30:00-04:00,458.1449890136719,458.1449890136719,458.2900085449219,457.92010498046875,458.20001220703125,116844
2026-07-30 14:31:00-04:00,458.0400085449219,458.0400085449219,458.2149963378906,457.510009765625,458.1449890136719,227896
2026-07-30 14:32:00-04:00,457.55999755859375,457.55999755859375,458.09991455078125,457.2699890136719,458.04681396484375,105155
2026-07-30 14:33:00-04:00,457.80999755859375,457.80999755859375,458.05499267578125,457.4700927734375,457.6000061035156,87279
2026-07-30 14:34:00-04:00,457.623291015625,457.623291015625,457.8999938964844,457.45001220703125,457.7950134277344,81580
2026-07-30 14:35:00-04:00,457.385009765625,457.385009765625,457.6700134277344,457.3599853515625,457.6199951171875,83580
2026-07-30 14:36:00-04:00,457.0849914550781,457.0849914550781,457.4100036621094,456.9200134277344,457.385009765625,86256
2026-07-30 14:37:00-04:00,456.8349914550781,456.8349914550781,457.2099914550781,456.7900085449219,457.1199951171875,107867
2026-07-30 14:38:00-04:00,456.6499938964844,456.6499938964844,457.1000061035156,456.6200866699219,456.8475036621094,123358
2026-07-30 14:39:00-04:00,456.6400146484375,456.6400146484375,457.0299987792969,456.57000732421875,456.6300048828125,68999
2026-07-30 14:40:00-04:00,456.8699951171875,456.8699951171875,456.9800109863281,456.55999755859375,456.6686096191406,71002
2026-07-30 14:41:00-04:00,456.1549987792969,456.1549987792969,456.8699951171875,456.114990234375,456.8699951171875,87058
2026-07-30 14:42:00-04:00,456.07000732421875,456.07000732421875,456.4100036621094,456.0199890136719,456.1549987792969,84976
2026-07-30 14:43:00-04:00,456.1400146484375,456.1400146484375,456.1700134277344,455.9801025390625,456.1000061035156,78278
2026-07-30 14:44:00-04:00,455.95001220703125,455.95001220703125,456.1600036621094,455.7699890136719,456.04998779296875,78755
2026-07-30 14:45:00-04:00,456.0,456.0,456.0299987792969,455.85101318359375,455.9599914550781,60430
2026-07-30 14:46:00-04:00,456.2900085449219,456.2900085449219,456.2900085449219,455.9800109863281,455.989990234375,83536
2026-07-30 14:47:00-04:00,456.5350036621094,456.5350036621094,456.6600036621094,456.2900085449219,456.2900085449219,100861
2026-07-30 14:48:00-04:00,456.42999267578125,456.42999267578125,456.56988525390625,456.3699951171875,456.56988525390625,85928
2026-07-30 14:49:00-04:00,456.3450012207031,456.3450012207031,456.42498779296875,456.0299987792969,456.42498779296875,60177
2026-07-30 14:50:00-04:00,456.69500732421875,456.69500732421875,456.9599914550781,456.3005065917969,456.3450012207031,86065
2026-07-30 14:51:00-04:00,456.70001220703125,456.70001220703125,456.8800048828125,456.2200012207031,456.69500732421875,86122
2026-07-30 14:52:00-04:00,456.31500244140625,456.31500244140625,456.80999755859375,456.1600036621094,456.68499755859375,90341
2026-07-30 14:53:00-04:00,456.17498779296875,456.17498779296875,456.4100036621094,456.07000732421875,456.30499267578125,71018
2026-07-30 14:54:00-04:00,456.294189453125,456.294189453125,456.4700012207031,456.1300048828125,456.17498779296875,73147
2026-07-30 14:55:00-04:00,456.45001220703125,456.45001220703125,456.70001220703125,456.2900085449219,456.3299865722656,92507
2026-07-30 14:56:00-04:00,456.760009765625,456.760009765625,456.7900085449219,456.2699890136719,456.42999267578125,73062
2026-07-30 14:57:00-04:00,456.54998779296875,456.54998779296875,456.8800048828125,456.0899963378906,456.760009765625,112502
2026-07-30 14:58:00-04:00,456.3900146484375,456.3900146484375,456.7489929199219,456.2947998046875,456.5360107421875,87104
2026-07-30 14:59:00-04:00,456.0,456.0,456.5400085449219,455.8399963378906,456.3900146484375,92955
2026-07-30 15:00:00-04:00,456.19000244140625,456.19000244140625,456.25,455.5812072753906,456.0199890136719,116744
2026-07-30 15:01:00-04:00,456.31500244140625,456.31500244140625,456.5899963378906,455.9800109863281,456.2250061035156,128175
2026-07-30 15:02:00-04:00,455.8800048828125,455.8800048828125,456.5,455.7799987792969,456.32501220703125,85450
2026-07-30 15:03:00-04:00,455.5,455.5,455.9599914550781,455.3999938964844,455.8789978027344,110933
2026-07-30 15:04:00-04:00,455.5950012207031,455.5950012207031,455.8999938964844,455.2200012207031,455.5119934082031,399406
2026-07-30 15:05:00-04:00,455.3999938964844,455.3999938964844,455.6499938964844,454.8900146484375,455.5950012207031,128766
2026-07-30 15:06:00-04:00,455.3900146484375,455.3900146484375,455.489990234375,455.1499938964844,455.3999938964844,78483
2026-07-30 15:07:00-04:00,455.1199951171875,455.1199951171875,455.44000244140625,454.94000244140625,455.44000244140625,101014
2026-07-30 15:08:00-04:00,455.2799987792969,455.2799987792969,455.4200134277344,454.73028564453125,455.0899963378906,150422
2026-07-30 15:09:00-04:00,455.2349853515625,455.2349853515625,455.6549987792969,455.2200012207031,455.2699890136719,110989
2026-07-30 15:10:00-04:00,455.4375915527344,455.4375915527344,455.7300109863281,455.22698974609375,455.2349853515625,76740
2026-07-30 15:11:00-04:00,455.5,455.5,455.70001220703125,455.381103515625,455.4100036621094,65850
2026-07-30 15:12:00-04:00,455.55499267578125,455.55499267578125,455.7200012207031,455.3100891113281,455.5400085449219,69247
2026-07-30 15:13:00-04:00,455.32000732421875,455.32000732421875,455.510009765625,455.05999755859375,455.510009765625,76042
2026-07-30 15:14:00-04:00,454.9549865722656,454.9549865722656,455.3999938964844,454.91180419921875,455.3699951171875,99301
2026-07-30 15:15:00-04:00,454.9200134277344,454.9200134277344,455.1499938964844,454.79998779296875,454.9945983886719,112806
2026-07-30 15:16:00-04:00,454.8999938964844,454.8999938964844,455.1300048828125,454.7099914550781,454.94500732421875,125958
2026-07-30 15:17:00-04:00,454.82501220703125,454.82501220703125,455.3599853515625,454.82000732421875,454.9049987792969,149636
2026-07-30 15:18:00-04:00,455.2300109863281,455.2300109863281,455.25,454.67999267578125,454.7601013183594,213582
2026-07-30 15:19:00-04:00,455.56500244140625,455.56500244140625,456.32000732421875,455.2200012207031,455.260009765625,158822
2026-07-30 15:20:00-04:00,455.8349914550781,455.8349914550781,456.07000732421875,455.5400085449219,455.6000061035156,94455
2026-07-30 15:21:00-04:00,455.760009765625,455.760009765625,456.0299987792969,455.4100036621094,455.79229736328125,158824
2026-07-30 15:22:00-04:00,456.1600036621094,456.1600036621094,456.17999267578125,455.7699890136719,455.7699890136719,70993
2026-07-30 15:23:00-04:00,456.6600036621094,456.6600036621094,456.75,455.8299865722656,456.0849914550781,105443
2026-07-30 15:24:00-04:00,456.664794921875,456.664794921875,457.25,456.5199890136719,456.6300964355469,174431
2026-07-30 15:25:00-04:00,456.79998779296875,456.79998779296875,457.3299865722656,456.6200866699219,456.70001220703125,80933
2026-07-30 15:26:00-04:00,456.9100036621094,456.9100036621094,457.2300109863281,456.760009765625,456.82000732421875,140431
2026-07-30 15:27:00-04:00,456.5249938964844,456.5249938964844,456.94000244140625,456.5,456.8800048828125,107190
2026-07-30 15:28:00-04:00,457.0199890136719,457.0199890136719,457.0799865722656,456.3999938964844,456.5249938964844,82793
2026-07-30 15:29:00-04:00,456.760009765625,456.760009765625,457.07501220703125,456.75,457.04998779296875,82702
2026-07-30 15:30:00-04:00,456.5,456.5,456.8797912597656,456.4599914550781,456.760009765625,97516
2026-07-30 15:31:00-04:00,456.6499938964844,456.6499938964844,456.94000244140625,456.5,456.54998779296875,103604
2026-07-30 15:32:00-04:00,456.6000061035156,456.6000061035156,456.8949890136719,456.489990234375,456.70001220703125,421851
2026-07-30 15:33:00-04:00,456.69000244140625,456.69000244140625,456.95001220703125,456.5400085449219,456.6300048828125,104429
2026-07-30 15:34:00-04:00,456.55999755859375,456.55999755859375,456.80999755859375,456.3800048828125,456.69000244140625,102845
2026-07-30 15:35:00-04:00,456.45001220703125,456.45001220703125,456.7049865722656,456.45001220703125,456.5249938964844,79335
2026-07-30 15:36:00-04:00,456.67498779296875,456.67498779296875,457.0426025390625,456.43011474609375,456.44000244140625,154682
2026-07-30 15:37:00-04:00,456.64910888671875,456.64910888671875,456.8399963378906,456.3900146484375,456.6700134277344,102875
2026-07-30 15:38:00-04:00,456.7699890136719,456.7699890136719,456.9800109863281,456.5,456.5223083496094,102737
2026-07-30 15:39:00-04:00,456.54010009765625,456.54010009765625,457.0,456.4800109863281,456.7799987792969,127139
2026-07-30 15:40:00-04:00,456.3599853515625,456.3599853515625,456.7200012207031,456.1700134277344,456.5950012207031,96694
2026-07-30 15:41:00-04:00,455.8550109863281,455.8550109863281,456.42999267578125,455.7701110839844,456.3599853515625,91864
2026-07-30 15:42:00-04:00,456.0899963378906,456.0899963378906,456.0899963378906,455.44000244140625,455.8599853515625,125489
2026-07-30 15:43:00-04:00,455.8301086425781,455.8301086425781,456.3500061035156,455.79010009765625,456.1099853515625,129752
2026-07-30 15:44:00-04:00,455.739990234375,455.739990234375,455.8988037109375,455.2149963378906,455.8988037109375,138609
2026-07-30 15:45:00-04:00,455.510009765625,455.510009765625,455.8699951171875,455.4501037597656,455.7099914550781,97274
2026-07-30 15:46:00-04:00,455.2650146484375,455.2650146484375,455.55999755859375,455.239990234375,455.5199890136719,142411
2026-07-30 15:47:00-04:00,455.4700012207031,455.4700012207031,455.6099853515625,455.2099914550781,455.2300109863281,127498
2026-07-30 15:48:00-04:00,455.1600036621094,455.1600036621094,455.7799987792969,455.1499938964844,455.4100036621094,163156
2026-07-30 15:49:00-04:00,455.3599853515625,455.3599853515625,455.42498779296875,455.0899963378906,455.19500732421875,149628
2026-07-30 15:50:00-04:00,455.0400085449219,455.0400085449219,455.4200134277344,454.6600036621094,455.3699951171875,187390
2026-07-30 15:51:00-04:00,454.7900085449219,454.7900085449219,455.0350036621094,454.5199890136719,455.0299987792969,222795
2026-07-30 15:52:00-04:00,455.6099853515625,455.6099853515625,455.67999267578125,454.69000244140625,454.760009765625,220144
2026-07-30 15:53:00-04:00,455.1600036621094,455.1600036621094,456.25,455.1600036621094,455.55999755859375,383810
2026-07-30 15:54:00-04:00,453.94000244140625,453.94000244140625,455.69000244140625,453.70001220703125,455.17999267578125,425043
2026-07-30 15:55:00-04:00,451.3699951171875,451.3699951171875,454.04998779296875,451.1499938964844,453.95001220703125,696453
2026-07-30 15:56:00-04:00,451.19000244140625,451.19000244140625,452.4700012207031,451.1000061035156,451.3699951171875,497464
2026-07-30 15:57:00-04:00,450.8599853515625,450.8599853515625,451.67999267578125,450.3699951171875,451.17999267578125,720723
2026-07-30 15:58:00-04:00,450.9501037597656,450.9501037597656,451.44000244140625,450.5799865722656,450.8599853515625,882837
2026-07-30 15:59:00-04:00,451.4800109863281,451.4800109863281,451.7049865722656,450.9649963378906,450.9649963378906,1303248
2026-07-31 09:30:00-04:00,454.2650146484375,454.2650146484375,455.7300109863281,449.552001953125,449.5849914550781,2563513
2026-07-31 09:31:00-04:00,457.7449951171875,457.7449951171875,459.2650146484375,454.2650146484375,454.2650146484375,502859
2026-07-31 09:32:00-04:00,457.57000732421875,457.57000732421875,459.8500061035156,456.3500061035156,457.6700134277344,328369
2026-07-31 09:33:00-04:00,455.17999267578125,455.17999267578125,458.6000061035156,455.0199890136719,457.57000732421875,272533
2026-07-31 09:34:00-04:00,458.5150146484375,458.5150146484375,458.6300048828125,455.1390075683594,455.17999267578125,267815
2026-07-31 09:35:00-04:00,459.2250061035156,459.2250061035156,459.69000244140625,457.7699890136719,458.4599914550781,332311
2026-07-31 09:36:00-04:00,458.2200012207031,458.2200012207031,460.239990234375,458.07000732421875,459.1000061035156,691412
2026-07-31 09:37:00-04:00,458.3599853515625,458.3599853515625,459.6300048828125,457.8299865722656,458.2300109863281,185777
2026-07-31 09:38:00-04:00,458.8299865722656,458.8299865722656,460.1499938964844,458.2749938964844,458.2937927246094,241600
2026-07-31 09:39:00-04:00,458.42999267578125,458.42999267578125,459.2099914550781,458.010009765625,458.8299865722656,150804
2026-07-31 09:40:00-04:00,459.1449890136719,459.1449890136719,459.4100036621094,458.1700134277344,458.298095703125,181584
2026-07-31 09:41:00-04:00,459.1050109863281,459.1050109863281,459.6000061035156,458.6000061035156,459.1600036621094,152899
2026-07-31 09:42:00-04:00,459.25,459.25,459.3319091796875,458.4200134277344,459.0950012207031,107727
2026-07-31 09:43:00-04:00,459.5249938964844,459.5249938964844,460.1499938964844,459.010009765625,459.20001220703125,189038
2026-07-31 09:44:00-04:00,459.9700012207031,459.9700012207031,460.5,459.5,459.5249938964844,196001
2026-07-31 09:45:00-04:00,456.44000244140625,456.44000244140625,459.9700012207031,455.739990234375,459.9700012207031,732598
2026-07-31 09:46:00-04:00,456.8900146484375,456.8900146484375,457.010009765625,455.9501037597656,456.4200134277344,149313
2026-07-31 09:47:00-04:00,457.5474853515625,457.5474853515625,457.71990966796875,456.6199951171875,457.0899963378906,147371
2026-07-31 09:48:00-04:00,458.8299865722656,458.8299865722656,459.1199951171875,457.6000061035156,457.6499938964844,283999
2026-07-31 09:49:00-04:00,460.0299987792969,460.0299987792969,460.1400146484375,458.32000732421875,458.75,255612
2026-07-31 09:50:00-04:00,459.3219909667969,459.3219909667969,460.55999755859375,459.0799865722656,460.0299987792969,280500
2026-07-31 09:51:00-04:00,459.17999267578125,459.17999267578125,459.79998779296875,458.8815002441406,459.4599914550781,145468
2026-07-31 09:52:00-04:00,459.55999755859375,459.55999755859375,460.0,458.8999938964844,459.2749938964844,263642
2026-07-31 09:53:00-04:00,459.6951904296875,459.6951904296875,460.0,459.4801025390625,459.6600036621094,273070
2026-07-31 09:54:00-04:00,461.1700134277344,461.1700134277344,461.70001220703125,459.37939453125,459.7149963378906,347828
2026-07-31 09:55:00-04:00,462.1400146484375,462.1400146484375,462.44000244140625,460.260009765625,461.20001220703125,262760
2026-07-31 09:56:00-04:00,461.8900146484375,461.8900146484375,462.5,461.4100036621094,462.07501220703125,162746
2026-07-31 09:57:00-04:00,461.989990234375,461.989990234375,462.3116149902344,461.6700134277344,461.8949890136719,144480
2026-07-31 09:58:00-04:00,462.1400146484375,462.1400146484375,462.8599853515625,461.8500061035156,461.9849853515625,146930
2026-07-31 09:59:00-04:00,462.57000732421875,462.57000732421875,462.6796875,462.0,462.114990234375,125481
2026-07-31 10:00:00-04:00,461.625,461.625,462.95001220703125,460.8999938964844,462.57000732421875,219727
2026-07-31 10:01:00-04:00,460.57000732421875,460.57000732421875,461.7300109863281,460.30999755859375,461.54998779296875,274789
2026-07-31 10:02:00-04:00,460.6400146484375,460.6400146484375,460.9049987792969,459.94000244140625,460.57000732421875,184830
2026-07-31 10:03:00-04:00,459.20001220703125,459.20001220703125,460.79998779296875,458.8900146484375,460.4800109863281,273021
2026-07-31 10:04:00-04:00,459.739990234375,459.739990234375,459.9171142578125,458.875,459.1650085449219,177738
2026-07-31 10:05:00-04:00,458.4700012207031,458.4700012207031,459.79998779296875,457.92999267578125,459.6499938964844,155437
2026-07-31 10:06:00-04:00,459.69500732421875,459.69500732421875,459.79998779296875,458.4200134277344,458.4700012207031,138021
2026-07-31 10:07:00-04:00,459.6600036621094,459.6600036621094,459.8500061035156,458.9700012207031,459.69000244140625,223260
2026-07-31 10:08:00-04:00,458.8399963378906,458.8399963378906,459.989990234375,458.5000915527344,459.760009765625,157885
2026-07-31 10:09:00-04:00,459.2049865722656,459.2049865722656,459.2283935546875,458.239990234375,458.8575134277344,233137
2026-07-31 10:10:00-04:00,457.29998779296875,457.29998779296875,459.5899963378906,457.2950134277344,459.1400146484375,272984
2026-07-31 10:11:00-04:00,457.4049987792969,457.4049987792969,457.95001220703125,457.03009033203125,457.4299011230469,170100
2026-07-31 10:12:00-04:00,456.4949951171875,456.4949951171875,457.69500732421875,456.3800048828125,457.4049987792969,139617
2026-07-31 10:13:00-04:00,456.69500732421875,456.69500732421875,457.0,455.8902893066406,456.4949951171875,211156
2026-07-31 10:14:00-04:00,456.95001220703125,456.95001220703125,457.3800048828125,456.20001220703125,456.69000244140625,208233
2026-07-31 10:15:00-04:00,456.17999267578125,456.17999267578125,456.989990234375,455.2200012207031,456.989990234375,178722
2026-07-31 10:16:00-04:00,455.42999267578125,455.42999267578125,456.1700134277344,454.8999938964844,456.1700134277344,231179
2026-07-31 10:17:00-04:00,455.6400146484375,455.6400146484375,455.79998779296875,454.94000244140625,455.5,185080
2026-07-31 10:18:00-04:00,455.760009765625,455.760009765625,456.18499755859375,455.5299987792969,455.7300109863281,136709
2026-07-31 10:19:00-04:00,455.0884094238281,455.0884094238281,455.989990234375,454.60009765625,455.760009765625,174515
2026-07-31 10:20:00-04:00,454.07501220703125,454.07501220703125,455.1499938964844,453.8500061035156,455.06500244140625,145765
2026-07-31 10:21:00-04:00,455.4700012207031,455.4700012207031,455.6199951171875,453.8100891113281,454.0400085449219,129912
2026-07-31 10:22:00-04:00,455.1449890136719,455.1449890136719,455.5199890136719,454.7699890136719,455.5199890136719,100049
2026-07-31 10:23:00-04:00,454.260009765625,454.260009765625,455.1650085449219,454.0199890136719,455.1650085449219,94732
2026-07-31 10:24:00-04:00,454.4100036621094,454.4100036621094,454.5,453.2699890136719,454.2200012207031,124624
2026-07-31 10:25:00-04:00,453.9599914550781,453.9599914550781,454.9299011230469,453.67999267578125,454.4049987792969,90037
2026-07-31 10:26:00-04:00,453.9700012207031,453.9700012207031,454.6600036621094,453.7799987792969,454.0799865722656,66017
2026-07-31 10:27:00-04:00,454.07000732421875,454.07000732421875,454.4100036621094,453.4726867675781,453.989990234375,93649
2026-07-31 10:28:00-04:00,453.3599853515625,453.3599853515625,454.32989501953125,453.32000732421875,454.07000732421875,77683
2026-07-31 10:29:00-04:00,453.31500244140625,453.31500244140625,453.69000244140625,452.80999755859375,453.364990234375,97658
2026-07-31 10:30:00-04:00,452.6000061035156,452.6000061035156,453.4100036621094,452.2200012207031,453.3900146484375,139776
2026-07-31 10:31:00-04:00,453.1050109863281,453.1050109863281,453.19500732421875,452.05999755859375,452.5249938964844,137934
2026-07-31 10:32:00-04:00,453.25,453.25,453.4100036621094,452.7699890136719,453.1099853515625,85394
2026-07-31 10:33:00-04:00,452.5600891113281,452.5600891113281,453.25,452.32000732421875,453.20001220703125,106603
2026-07-31 10:34:00-04:00,452.9150085449219,452.9150085449219,452.989990234375,452.4209899902344,452.5299987792969,89591
2026-07-31 10:35:00-04:00,452.92999267578125,452.92999267578125,453.0299987792969,452.5,452.8599853515625,132380
2026-07-31 10:36:00-04:00,454.1099853515625,454.1099853515625,454.20001220703125,452.6099853515625,452.8800048828125,124527
2026-07-31 10:37:00-04:00,453.82000732421875,453.82000732421875,454.17999267578125,453.54998779296875,454.1099853515625,130132
2026-07-31 10:38:00-04:00,454.0899963378906,454.0899963378906,454.2900085449219,453.739990234375,453.7850036621094,110793
2026-07-31 10:39:00-04:00,454.6700134277344,454.6700134277344,454.7099914550781,454.1099853515625,454.1099853515625,80547
2026-07-31 10:40:00-04:00,455.3299865722656,455.3299865722656,455.3800048828125,454.57000732421875,454.6400146484375,171405
2026-07-31 10:41:00-04:00,455.29998779296875,455.29998779296875,455.6700134277344,455.1400146484375,455.42999267578125,147576
2026-07-31 10:42:00-04:00,455.2200012207031,455.2200012207031,455.54998779296875,455.0899963378906,455.2799987792969,84124
2026-07-31 10:43:00-04:00,455.7300109863281,455.7300109863281,455.843994140625,455.1499938964844,455.2699890136719,92135
2026-07-31 10:44:00-04:00,455.6700134277344,455.6700134277344,455.95001220703125,455.260009765625,455.7850036621094,76553
2026-07-31 10:45:00-04:00,455.9049987792969,455.9049987792969,456.1619873046875,455.67498779296875,455.67498779296875,101636
2026-07-31 10:46:00-04:00,455.3999938964844,455.3999938964844,456.1099853515625,455.3999938964844,456.07000732421875,77952
2026-07-31 10:47:00-04:00,455.4599914550781,455.4599914550781,455.92999267578125,454.6099853515625,455.4100036621094,79639
2026-07-31 10:48:00-04:00,456.010009765625,456.010009765625,456.20001220703125,455.2799987792969,455.44000244140625,87503
2026-07-31 10:49:00-04:00,455.9309997558594,455.9309997558594,456.2099914550781,455.67999267578125,455.9700012207031,82175
2026-07-31 10:50:00-04:00,454.3500061035156,454.3500061035156,455.8800048828125,454.25,455.8399963378906,85307
2026-07-31 10:51:00-04:00,453.7799987792969,453.7799987792969,454.6600036621094,453.70001220703125,454.3500061035156,75100
2026-07-31 10:52:00-04:00,453.6099853515625,453.6099853515625,453.9100036621094,453.2099914550781,453.8500061035156,97100
2026-07-31 10:53:00-04:00,453.739990234375,453.739990234375,453.9599914550781,453.351806640625,453.6050109863281,68620
2026-07-31 10:54:00-04:00,453.7300109863281,453.7300109863281,453.8599853515625,453.25,453.739990234375,54787
2026-07-31 10:55:00-04:00,452.4549865722656,452.4549865722656,453.80999755859375,452.1600036621094,453.7250061035156,73299
2026-07-31 10:56:00-04:00,452.3599853515625,452.3599853515625,452.4800109863281,452.0199890136719,452.3999938964844,71250
2026-07-31 10:57:00-04:00,452.239990234375,452.239990234375,452.4100036621094,451.79998779296875,452.3599853515625,143465
2026-07-31 10:58:00-04:00,452.3299865722656,452.3299865722656,452.6199951171875,451.7950134277344,452.260009765625,139687
2026-07-31 10:59:00-04:00,452.4549865722656,452.4549865722656,452.739990234375,452.05010986328125,452.4049987792969,100614
2026-07-31 11:00:00-04:00,451.20001220703125,451.20001220703125,452.489990234375,451.1099853515625,452.489990234375,104321
2026-07-31 11:01:00-04:00,451.3550109863281,451.3550109863281,451.7200012207031,451.1000061035156,451.20001220703125,72052
2026-07-31 11:02:00-04:00,451.57501220703125,451.57501220703125,451.7698974609375,451.04010009765625,451.42010498046875,91548
2026-07-31 11:03:00-04:00,451.760009765625,451.760009765625,451.8599853515625,451.3399963378906,451.5400085449219,74657
2026-07-31 11:04:00-04:00,452.5299987792969,452.5299987792969,452.9100036621094,451.5802001953125,451.760009765625,95956
2026-07-31 11:05:00-04:00,452.44000244140625,452.44000244140625,452.92999267578125,452.20001220703125,452.44158935546875,73329
2026-07-31 11:06:00-04:00,451.6300048828125,451.6300048828125,452.57000732421875,451.55999755859375,452.4201965332031,76050
2026-07-31 11:07:00-04:00,451.3800048828125,451.3800048828125,451.6099853515625,450.69000244140625,451.6099853515625,94986
2026-07-31 11:08:00-04:00,451.69500732421875,451.69500732421875,451.8599853515625,451.30999755859375,451.3800048828125,77984
2026-07-31 11:09:00-04:00,452.4200134277344,452.4200134277344,452.5299987792969,451.5,451.6499938964844,118822
2026-07-31 11:10:00-04:00,453.45001220703125,453.45001220703125,453.489990234375,452.135009765625,452.5299987792969,111055
2026-07-31 11:11:00-04:00,453.2749938964844,453.2749938964844,453.6400146484375,452.9200134277344,453.4750061035156,141760
2026-07-31 11:12:00-04:00,454.6300048828125,454.6300048828125,454.739990234375,452.1257019042969,453.2799987792969,144498
2026-07-31 11:13:00-04:00,455.375,455.375,455.44500732421875,454.4599914550781,454.60198974609375,92627
2026-07-31 11:14:00-04:00,454.80499267578125,454.80499267578125,455.5199890136719,454.5000915527344,455.385009765625,103309
2026-07-31 11:15:00-04:00,455.29998779296875,455.29998779296875,455.6700134277344,454.7500915527344,454.8599853515625,125528
2026-07-31 11:16:00-04:00,455.44000244140625,455.44000244140625,455.7300109863281,455.1400146484375,455.3599853515625,97304
2026-07-31 11:17:00-04:00,455.489990234375,455.489990234375,455.75,455.1400146484375,455.44000244140625,78994
2026-07-31 11:18:00-04:00,455.82501220703125,455.82501220703125,455.93701171875,455.4700012207031,455.6300048828125,82354
2026-07-31 11:19:00-04:00,456.3900146484375,456.3900146484375,456.6798095703125,455.6401062011719,455.7900085449219,138626
2026-07-31 11:20:00-04:00,456.489990234375,456.489990234375,456.8799133300781,456.32000732421875,456.3900146484375,89996
2026-07-31 11:21:00-04:00,456.256591796875,456.256591796875,456.6499938964844,456.1400146484375,456.5050048828125,64756
2026-07-31 11:22:00-04:00,456.7300109863281,456.7300109863281,456.7699890136719,456.04998779296875,456.30999755859375,88656
2026-07-31 11:23:00-04:00,457.3949890136719,457.3949890136719,457.44000244140625,456.44000244140625,456.7300109863281,143853
2026-07-31 11:24:00-04:00,457.56500244140625,457.56500244140625,457.5799865722656,456.9700012207031,457.44000244140625,85483
2026-07-31 11:25:00-04:00,458.5000915527344,458.5000915527344,458.6000061035156,457.32000732421875,457.57000732421875,171468
2026-07-31 11:26:00-04:00,457.9200134277344,457.9200134277344,458.9100036621094,457.6700134277344,458.54998779296875,183724
2026-07-31 11:27:00-04:00,457.80499267578125,457.80499267578125,458.0249938964844,457.4750061035156,457.95001220703125,319443
2026-07-31 11:28:00-04:00,458.3399963378906,458.3399963378906,458.9200134277344,457.69000244140625,457.8599853515625,142459
2026-07-31 11:29:00-04:00,457.82501220703125,457.82501220703125,458.3800048828125,457.5950012207031,458.3399963378906,333405
2026-07-31 11:30:00-04:00,457.2300109863281,457.2300109863281,458.0,457.1600036621094,457.82501220703125,130743
2026-07-31 11:31:00-04:00,457.8489990234375,457.8489990234375,457.8599853515625,457.0,457.26300048828125,81481
2026-07-31 11:32:00-04:00,457.9739990234375,457.9739990234375,458.19989013671875,457.6200866699219,457.7900085449219,87009
2026-07-31 11:33:00-04:00,457.8299865722656,457.8299865722656,458.0,457.610595703125,457.885009765625,101378
2026-07-31 11:34:00-04:00,456.8599853515625,456.8599853515625,457.8299865722656,456.8399963378906,457.8299865722656,105326
2026-07-31 11:35:00-04:00,456.8349914550781,456.8349914550781,457.1090087890625,456.5400085449219,456.9100036621094,90011
2026-07-31 11:36:00-04:00,457.05499267578125,457.05499267578125,457.29998779296875,456.75,456.8349914550781,113865
2026-07-31 11:37:00-04:00,457.2550964355469,457.2550964355469,457.42999267578125,456.65008544921875,457.1000061035156,63574
2026-07-31 11:38:00-04:00,457.8399963378906,457.8399963378906,457.9100036621094,456.92999267578125,457.193603515625,81315
2026-07-31 11:39:00-04:00,458.4750061035156,458.4750061035156,458.55999755859375,457.6499938964844,457.75,79390
2026-07-31 11:40:00-04:00,459.2449951171875,459.2449951171875,459.7200012207031,458.5350036621094,458.5350036621094,135529
2026-07-31 11:41:00-04:00,459.3955078125,459.3955078125,459.4700012207031,458.95001220703125,459.2727966308594,93386
2026-07-31 11:42:00-04:00,459.3764953613281,459.3764953613281,459.5899963378906,459.1449890136719,459.4599914550781,123549
2026-07-31 11:43:00-04:00,460.30999755859375,460.30999755859375,460.3599853515625,459.385009765625,459.385009765625,308970
2026-07-31 11:44:00-04:00,459.7850036621094,459.7850036621094,460.58990478515625,459.6099853515625,460.3599853515625,120414
2026-07-31 11:45:00-04:00,459.80999755859375,459.80999755859375,459.989990234375,459.6400146484375,459.79998779296875,69367
2026-07-31 11:46:00-04:00,460.44000244140625,460.44000244140625,460.5,459.760009765625,459.7699890136719,92663
2026-07-31 11:47:00-04:00,460.57000732421875,460.57000732421875,460.7099914550781,460.25,460.4049987792969,109223
2026-07-31 11:48:00-04:00,460.2799072265625,460.2799072265625,460.5899963378906,459.7900085449219,460.57000732421875,96638
2026-07-31 11:49:00-04:00,459.6199951171875,459.6199951171875,460.2699890136719,459.5299987792969,460.1600036621094,146052
2026-07-31 11:50:00-04:00,460.76611328125,460.76611328125,460.9800109863281,459.57000732421875,459.6000061035156,122977
2026-07-31 11:51:00-04:00,461.5400085449219,461.5400085449219,461.6400146484375,460.75,460.8594970703125,148492
2026-07-31 11:52:00-04:00,461.67498779296875,461.67498779296875,461.760009765625,461.33599853515625,461.5350036621094,104782
2026-07-31 11:53:00-04:00,461.82000732421875,461.82000732421875,462.1300048828125,461.3599853515625,461.67498779296875,173640
2026-07-31 11:54:00-04:00,462.19500732421875,462.19500732421875,462.5,461.6300048828125,461.81500244140625,160835
2026-07-31 11:55:00-04:00,462.1700134277344,462.1700134277344,462.5,461.7449951171875,462.19500732421875,155957
2026-07-31 11:56:00-04:00,461.6300048828125,461.6300048828125,462.25,461.6300048828125,462.20001220703125,78098
2026-07-31 11:57:00-04:00,462.80999755859375,462.80999755859375,462.8800048828125,461.70001220703125,461.7950134277344,110851
2026-07-31 11:58:00-04:00,462.7049865722656,462.7049865722656,462.9800109863281,462.55999755859375,462.7699890136719,113030
2026-07-31 11:59:00-04:00,463.1000061035156,463.1000061035156,463.57000732421875,462.7200012207031,462.7200012207031,205919
2026-07-31 12:00:00-04:00,463.8500061035156,463.8500061035156,463.8999938964844,462.90399169921875,463.1099853515625,113608
2026-07-31 12:01:00-04:00,462.9800109863281,462.9800109863281,464.29998779296875,462.8999938964844,463.79998779296875,229457
2026-07-31 12:02:00-04:00,463.1300048828125,463.1300048828125,463.2550964355469,462.6499938964844,463.0249938964844,94222
2026-07-31 12:03:00-04:00,462.6650085449219,462.6650085449219,463.18218994140625,462.6600036621094,463.1300048828125,74005
2026-07-31 12:04:00-04:00,462.36859130859375,462.36859130859375,462.9800109863281,462.2900085449219,462.6300048828125,81737
2026-07-31 12:05:00-04:00,461.9100036621094,461.9100036621094,462.7099914550781,461.8999938964844,462.2900085449219,56951
2026-07-31 12:06:00-04:00,461.6199951171875,461.6199951171875,462.0,461.18011474609375,461.9649963378906,86414
2026-07-31 12:07:00-04:00,461.4901123046875,461.4901123046875,461.7887878417969,461.25,461.6000061035156,61417
2026-07-31 12:08:00-04:00,461.32000732421875,461.32000732421875,461.6799011230469,461.1499938964844,461.5450134277344,56532
2026-07-31 12:09:00-04:00,461.1000061035156,461.1000061035156,461.79998779296875,461.0400085449219,461.3092956542969,91532
2026-07-31 12:10:00-04:00,461.8999938964844,461.8999938964844,462.09991455078125,461.0299987792969,461.1050109863281,86866
2026-07-31 12:11:00-04:00,461.989990234375,461.989990234375,462.25,461.7699890136719,461.8999938964844,72726
2026-07-31 12:12:00-04:00,461.9302978515625,461.9302978515625,462.0,461.6400146484375,461.9027099609375,65496
2026-07-31 12:13:00-04:00,462.4649963378906,462.4649963378906,462.4800109863281,461.8900146484375,461.92498779296875,57824
2026-07-31 12:14:00-04:00,462.44500732421875,462.44500732421875,462.614990234375,462.2049865722656,462.4649963378906,69606
2026-07-31 12:15:00-04:00,462.3949890136719,462.3949890136719,462.6896057128906,462.3241882324219,462.4700012207031,75384
2026-07-31 12:16:00-04:00,462.94500732421875,462.94500732421875,462.989990234375,462.32000732421875,462.38751220703125,74898
2026-07-31 12:17:00-04:00,463.3399963378906,463.3399963378906,463.60308837890625,462.80999755859375,462.95001220703125,217566
2026-07-31 12:18:00-04:00,463.5400085449219,463.5400085449219,463.6199951171875,463.03009033203125,463.3900146484375,71351
2026-07-31 12:19:00-04:00,463.1900939941406,463.1900939941406,463.7200012207031,462.6709899902344,463.5450134277344,115102
2026-07-31 12:20:00-04:00,463.55499267578125,463.55499267578125,463.6600036621094,463.19000244140625,463.2550048828125,80944
2026-07-31 12:21:00-04:00,463.7699890136719,463.7699890136719,463.8500061035156,463.4599914550781,463.6099853515625,115967
2026-07-31 12:22:00-04:00,464.010009765625,464.010009765625,464.2200012207031,463.5899963378906,463.64599609375,185356
2026-07-31 12:23:00-04:00,464.2900085449219,464.2900085449219,464.3699951171875,463.8299865722656,464.010009765625,96129
2026-07-31 12:24:00-04:00,464.6199951171875,464.6199951171875,464.6400146484375,463.8900146484375,464.32000732421875,104352
2026-07-31 12:25:00-04:00,463.9750061035156,463.9750061035156,464.79998779296875,463.8230895996094,464.6400146484375,109406
2026-07-31 12:26:00-04:00,463.07501220703125,463.07501220703125,464.1600036621094,463.07501220703125,464.0,94562
2026-07-31 12:27:00-04:00,463.2149963378906,463.2149963378906,463.4296875,463.0,463.1400146484375,104240
2026-07-31 12:28:00-04:00,463.5150146484375,463.5150146484375,463.57000732421875,463.2200012207031,463.231689453125,59175
2026-07-31 12:29:00-04:00,463.6549987792969,463.6549987792969,463.94549560546875,463.53009033203125,463.54998779296875,81296
2026-07-31 12:30:00-04:00,463.32000732421875,463.32000732421875,463.94000244140625,463.1099853515625,463.6099853515625,69857
2026-07-31 12:31:00-04:00,463.9750061035156,463.9750061035156,464.07000732421875,463.2699890136719,463.3013000488281,100687
2026-07-31 12:32:00-04:00,464.1499938964844,464.1499938964844,464.364990234375,463.87310791015625,463.9800109863281,86508
2026-07-31 12:33:00-04:00,463.30999755859375,463.30999755859375,464.17498779296875,463.27239990234375,464.1099853515625,111660
2026-07-31 12:34:00-04:00,463.29998779296875,463.29998779296875,463.4200134277344,463.1300048828125,463.30999755859375,52824
2026-07-31 12:35:00-04:00,462.7449951171875,462.7449951171875,463.3800048828125,462.50030517578125,463.2950134277344,112069
2026-07-31 12:36:00-04:00,462.94500732421875,462.94500732421875,462.9599914550781,462.5899963378906,462.7200012207031,61892
2026-07-31 12:37:00-04:00,463.0299987792969,463.0299987792969,463.05999755859375,462.7699890136719,462.94500732421875,50819
2026-07-31 12:38:00-04:00,462.7699890136719,462.7699890136719,463.0400085449219,462.760986328125,462.9599914550781,34893
2026-07-31 12:39:00-04:00,462.9400939941406,462.9400939941406,463.44000244140625,462.5899963378906,462.75,41987
2026-07-31 12:40:00-04:00,463.0650939941406,463.0650939941406,463.5899963378906,462.9400939941406,463.1499938964844,48145
2026-07-31 12:41:00-04:00,462.625,462.625,463.1600036621094,462.5799865722656,463.07000732421875,48860
2026-07-31 12:42:00-04:00,463.1199951171875,463.1199951171875,463.20001220703125,462.57000732421875,462.57000732421875,59237
2026-07-31 12:43:00-04:00,463.2799987792969,463.2799987792969,463.4800109863281,463.0,463.20001220703125,50160
2026-07-31 12:44:00-04:00,463.5350036621094,463.5350036621094,463.75,463.15008544921875,463.2699890136719,60334
2026-07-31 12:45:00-04:00,463.760009765625,463.760009765625,463.8299865722656,463.4200134277344,463.510009765625,82309
2026-07-31 12:46:00-04:00,463.8999938964844,463.8999938964844,463.9700012207031,463.66400146484375,463.7900085449219,68475
2026-07-31 12:47:00-04:00,463.7099914550781,463.7099914550781,463.94000244140625,463.3699951171875,463.94000244140625,70246
2026-07-31 12:48:00-04:00,463.7749938964844,463.7749938964844,463.9599914550781,463.67999267578125,463.69000244140625,55392
2026-07-31 12:49:00-04:00,463.989990234375,463.989990234375,464.20001220703125,463.68011474609375,463.7749938964844,91211
2026-07-31 12:50:00-04:00,463.5899963378906,463.5899963378906,464.0,463.3599853515625,463.95001220703125,64111
2026-07-31 12:51:00-04:00,462.80999755859375,462.80999755859375,463.70001220703125,462.80999755859375,463.510009765625,67989
2026-07-31 12:52:00-04:00,462.67999267578125,462.67999267578125,462.80999755859375,462.510009765625,462.7799987792969,38721
2026-07-31 12:53:00-04:00,462.57000732421875,462.57000732421875,462.715087890625,462.44000244140625,462.6650085449219,38083
2026-07-31 12:54:00-04:00,462.3800048828125,462.3800048828125,462.6499938964844,462.1000061035156,462.5899963378906,63402
2026-07-31 12:55:00-04:00,462.4599914550781,462.4599914550781,462.5899963378906,462.2099914550781,462.30999755859375,37893
2026-07-31 12:56:00-04:00,462.3450012207031,462.3450012207031,462.7099914550781,462.30999755859375,462.510009765625,57296
2026-07-31 12:57:00-04:00,462.3699951171875,462.3699951171875,462.489990234375,462.01141357421875,462.3800048828125,97492
2026-07-31 12:58:00-04:00,462.3299865722656,462.3299865722656,462.6000061035156,462.29998779296875,462.364990234375,92992
2026-07-31 12:59:00-04:00,461.92010498046875,461.92010498046875,462.3500061035156,461.6000061035156,462.32000732421875,88738
2026-07-31 13:00:00-04:00,461.3900146484375,461.3900146484375,462.0,461.0299987792969,461.9200134277344,110991
2026-07-31 13:01:00-04:00,461.635009765625,461.635009765625,461.739990234375,461.1700134277344,461.3900146484375,65638
2026-07-31 13:02:00-04:00,461.739990234375,461.739990234375,461.7699890136719,461.510009765625,461.6099853515625,39350
2026-07-31 13:03:00-04:00,461.989990234375,461.989990234375,462.07989501953125,461.67999267578125,461.764892578125,45518
2026-07-31 13:04:00-04:00,461.510009765625,461.510009765625,462.1099853515625,461.4200134277344,461.989990234375,57722
2026-07-31 13:05:00-04:00,461.68499755859375,461.68499755859375,461.75,461.45098876953125,461.4949951171875,42189
2026-07-31 13:06:00-04:00,461.55999755859375,461.55999755859375,462.0050048828125,461.5199890136719,461.68499755859375,42046
2026-07-31 13:07:00-04:00,461.55999755859375,461.55999755859375,461.69000244140625,461.4599914550781,461.55999755859375,43786
2026-07-31 13:08:00-04:00,461.6549987792969,461.6549987792969,461.760009765625,461.3800964355469,461.6000061035156,87109
2026-07-31 13:09:00-04:00,461.610107421875,461.610107421875,461.79998779296875,461.4100036621094,461.6724853515625,90807
2026-07-31 13:10:00-04:00,462.239990234375,462.239990234375,462.3699951171875,461.45001220703125,461.6600036621094,183148
2026-07-31 13:11:00-04:00,462.54998779296875,462.54998779296875,462.64990234375,462.0799865722656,462.260009765625,117051
2026-07-31 13:12:00-04:00,461.7226867675781,461.7226867675781,462.6300048828125,461.57000732421875,462.5299987792969,77336
2026-07-31 13:13:00-04:00,461.6300048828125,461.6300048828125,462.0899963378906,461.5400085449219,461.7200012207031,54582
2026-07-31 13:14:00-04:00,461.92999267578125,461.92999267578125,462.0,461.57501220703125,461.5799865722656,45450
2026-07-31 13:15:00-04:00,462.0531921386719,462.0531921386719,462.3999938964844,461.8500061035156,461.9100036621094,57260
2026-07-31 13:16:00-04:00,462.44500732421875,462.44500732421875,462.4450988769531,461.95001220703125,462.0400085449219,65746
2026-07-31 13:17:00-04:00,462.0199890136719,462.0199890136719,462.4751892089844,461.9200134277344,462.4751892089844,70148
2026-07-31 13:18:00-04:00,462.260009765625,462.260009765625,462.2774963378906,461.7099914550781,462.0299987792969,52020
2026-07-31 13:19:00-04:00,462.44000244140625,462.44000244140625,462.6600036621094,462.2550048828125,462.2550048828125,63474
2026-07-31 13:20:00-04:00,462.57000732421875,462.57000732421875,462.7900085449219,462.3500061035156,462.44000244140625,48861
2026-07-31 13:21:00-04:00,462.55999755859375,462.55999755859375,462.60888671875,462.30999755859375,462.4599914550781,50216
2026-07-31 13:22:00-04:00,462.67999267578125,462.67999267578125,462.739990234375,462.5299987792969,462.6000061035156,44951
2026-07-31 13:23:00-04:00,463.1600036621094,463.1600036621094,463.1700134277344,462.510009765625,462.7300109863281,97930
2026-07-31 13:24:00-04:00,463.6507873535156,463.6507873535156,463.6507873535156,463.07000732421875,463.1400146484375,84762
2026-07-31 13:25:00-04:00,463.3900146484375,463.3900146484375,463.739990234375,463.239990234375,463.5899963378906,70466
2026-07-31 13:26:00-04:00,463.3349914550781,463.3349914550781,463.5950012207031,463.25,463.3999938964844,49079
2026-07-31 13:27:00-04:00,463.2699890136719,463.2699890136719,463.5299987792969,463.2300109863281,463.3299865722656,42565
2026-07-31 13:28:00-04:00,463.3399963378906,463.3399963378906,463.7200012207031,463.239990234375,463.29998779296875,75588
2026-07-31 13:29:00-04:00,463.6000061035156,463.6000061035156,463.7900085449219,463.30499267578125,463.30499267578125,83167
2026-07-31 13:30:00-04:00,463.239990234375,463.239990234375,463.760009765625,463.1600036621094,463.6000061035156,109819
2026-07-31 13:31:00-04:00,463.1400146484375,463.1400146484375,463.2349853515625,462.8200988769531,463.2349853515625,50374
2026-07-31 13:32:00-04:00,463.1650085449219,463.1650085449219,463.45001220703125,463.0,463.1449890136719,51618
2026-07-31 13:33:00-04:00,463.5799865722656,463.5799865722656,463.70001220703125,463.1499938964844,463.20001220703125,40035
2026-07-31 13:34:00-04:00,463.1499938964844,463.1499938964844,463.69000244140625,463.1400146484375,463.6300048828125,87279
2026-07-31 13:35:00-04:00,463.07000732421875,463.07000732421875,463.31829833984375,463.0400085449219,463.1199951171875,48248
2026-07-31 13:36:00-04:00,462.4425048828125,462.4425048828125,463.1199951171875,462.42999267578125,463.0849914550781,74654
2026-07-31 13:37:00-04:00,462.6000061035156,462.6000061035156,462.6000061035156,462.2200012207031,462.4200134277344,57613
2026-07-31 13:38:00-04:00,462.489501953125,462.489501953125,462.6700134277344,462.4200134277344,462.6700134277344,61416
2026-07-31 13:39:00-04:00,462.489990234375,462.489990234375,462.6300048828125,462.4100036621094,462.44500732421875,43021
2026-07-31 13:40:00-04:00,462.0400085449219,462.0400085449219,462.6199951171875,462.0,462.489990234375,87202
2026-07-31 13:41:00-04:00,461.8800048828125,461.8800048828125,462.0799865722656,461.6600036621094,462.0400085449219,45226
2026-07-31 13:42:00-04:00,461.885009765625,461.885009765625,462.1000061035156,461.70001220703125,461.92999267578125,45427
2026-07-31 13:43:00-04:00,461.4700012207031,461.4700012207031,462.0625,461.32000732421875,461.95001220703125,59364
2026-07-31 13:44:00-04:00,461.260009765625,461.260009765625,461.6000061035156,461.17999267578125,461.4599914550781,54795
2026-07-31 13:45:00-04:00,461.1000061035156,461.1000061035156,461.489990234375,461.0899963378906,461.32989501953125,45746
2026-07-31 13:46:00-04:00,461.4100036621094,461.4100036621094,461.4700012207031,460.8500061035156,461.1000061035156,76350
2026-07-31 13:47:00-04:00,460.6700134277344,460.6700134277344,461.489990234375,460.6700134277344,461.4100036621094,134084
2026-07-31 13:48:00-04:00,460.7300109863281,460.7300109863281,460.7900085449219,460.55999755859375,460.7149963378906,53669
2026-07-31 13:49:00-04:00,460.6000061035156,460.6000061035156,460.8999938964844,460.5350036621094,460.7149963378906,47632
2026-07-31 13:50:00-04:00,461.0400085449219,461.0400085449219,461.0400085449219,460.5,460.55499267578125,92149
2026-07-31 13:51:00-04:00,461.2799987792969,461.2799987792969,461.385986328125,460.989990234375,461.0899963378906,49795
2026-07-31 13:52:00-04:00,461.29998779296875,461.29998779296875,461.54998779296875,461.25,461.2900085449219,40794
2026-07-31 13:53:00-04:00,461.32000732421875,461.32000732421875,461.57000732421875,461.2799987792969,461.31500244140625,41815
2026-07-31 13:54:00-04:00,461.4100036621094,461.4100036621094,461.45001220703125,461.25,461.3599853515625,28611
2026-07-31 13:55:00-04:00,461.6400146484375,461.6400146484375,461.7699890136719,461.3299865722656,461.4100036621094,50990
2026-07-31 13:56:00-04:00,461.2300109863281,461.2300109863281,461.6651916503906,461.2300109863281,461.6300048828125,114403
2026-07-31 13:57:00-04:00,461.0,461.0,461.2799987792969,460.7401123046875,461.2799987792969,44397
2026-07-31 13:58:00-04:00,460.6217041015625,460.6217041015625,461.07000732421875,460.6217041015625,460.989990234375,27472
2026-07-31 13:59:00-04:00,460.385009765625,460.385009765625,460.625,460.1499938964844,460.6199951171875,79673
2026-07-31 14:00:00-04:00,460.6499938964844,460.6499938964844,460.7200012207031,460.2300109863281,460.42999267578125,49007
2026-07-31 14:01:00-04:00,460.20989990234375,460.20989990234375,460.8916015625,460.1300048828125,460.6549987792969,44631
2026-07-31 14:02:00-04:00,460.5150146484375,460.5150146484375,460.67999267578125,460.0,460.1650085449219,69054
2026-07-31 14:03:00-04:00,460.239990234375,460.239990234375,460.6099853515625,460.2099914550781,460.5150146484375,45776
2026-07-31 14:04:00-04:00,460.2099914550781,460.2099914550781,460.3399963378906,460.1600036621094,460.2254943847656,39979
2026-07-31 14:05:00-04:00,460.2850036621094,460.2850036621094,460.3599853515625,460.0,460.239990234375,53179
2026-07-31 14:06:00-04:00,460.6400146484375,460.6400146484375,460.9440002441406,460.2099914550781,460.25,64073
2026-07-31 14:07:00-04:00,460.3999938964844,460.3999938964844,460.8500061035156,460.1000061035156,460.6698913574219,71399
2026-07-31 14:08:00-04:00,460.3500061035156,460.3500061035156,460.56500244140625,460.25,460.44000244140625,41383
2026-07-31 14:09:00-04:00,460.7449951171875,460.7449951171875,460.8800048828125,460.31500244140625,460.3599853515625,68532
2026-07-31 14:10:00-04:00,460.8399963378906,460.8399963378906,460.9798889160156,460.70001220703125,460.739990234375,45211
2026-07-31 14:11:00-04:00,460.9100036621094,460.9100036621094,460.95001220703125,460.6900939941406,460.8399963378906,47977
2026-07-31 14:12:00-04:00,461.1600036621094,461.1600036621094,461.3699951171875,460.8999938964844,460.94000244140625,67372
2026-07-31 14:13:00-04:00,462.010009765625,462.010009765625,462.135009765625,461.1099853515625,461.17999267578125,111702
2026-07-31 14:14:00-04:00,462.2099914550781,462.2099914550781,462.42999267578125,461.9100036621094,462.010009765625,79605
2026-07-31 14:15:00-04:00,462.1449890136719,462.1449890136719,462.6199951171875,462.0559997558594,462.239990234375,68705
2026-07-31 14:16:00-04:00,461.92999267578125,461.92999267578125,462.2200012207031,461.9100036621094,462.1400146484375,61940
2026-07-31 14:17:00-04:00,462.1400146484375,462.1400146484375,462.1600036621094,461.9014892578125,461.92999267578125,42240
2026-07-31 14:18:00-04:00,462.2049865722656,462.2049865722656,462.42999267578125,461.8500061035156,462.1400146484375,79441
2026-07-31 14:19:00-04:00,462.239990234375,462.239990234375,462.3977966308594,462.0400085449219,462.2049865722656,41024
2026-07-31 14:20:00-04:00,462.3550109863281,462.3550109863281,462.3599853515625,462.0799865722656,462.17999267578125,74504
2026-07-31 14:21:00-04:00,462.2749938964844,462.2749938964844,462.489990234375,462.1199951171875,462.3550109863281,51953
2026-07-31 14:22:00-04:00,462.2749938964844,462.2749938964844,462.55999755859375,462.1300048828125,462.2749938964844,36831
2026-07-31 14:23:00-04:00,462.7300109863281,462.7300109863281,462.8699951171875,462.2500915527344,462.32000732421875,49715
2026-07-31 14:24:00-04:00,462.7349853515625,462.7349853515625,462.7950134277344,462.65618896484375,462.7300109863281,32053
2026-07-31 14:25:00-04:00,462.70001220703125,462.70001220703125,462.8299865722656,462.6400146484375,462.7799987792969,34959
2026-07-31 14:26:00-04:00,462.7099914550781,462.7099914550781,462.95001220703125,462.69000244140625,462.69000244140625,45275
2026-07-31 14:27:00-04:00,462.54998779296875,462.54998779296875,462.7149963378906,462.42010498046875,462.70001220703125,52397
2026-07-31 14:28:00-04:00,463.0899963378906,463.0899963378906,463.1700134277344,462.489990234375,462.5199890136719,72411
2026-07-31 14:29:00-04:00,462.92999267578125,462.92999267578125,463.1700134277344,462.8900146484375,463.0899963378906,85647
2026-07-31 14:30:00-04:00,462.9800109863281,462.9800109863281,463.1199951171875,462.8900146484375,462.9100036621094,51260
2026-07-31 14:31:00-04:00,463.4649963378906,463.4649963378906,463.4700012207031,463.05999755859375,463.07000732421875,105524
2026-07-31 14:32:00-04:00,463.2401123046875,463.2401123046875,463.5,463.2300109863281,463.4100036621094,47975
2026-07-31 14:33:00-04:00,462.7300109863281,462.7300109863281,463.5199890136719,462.7300109863281,463.2950134277344,55158
2026-07-31 14:34:00-04:00,463.0050048828125,463.0050048828125,463.0989990234375,462.7351989746094,462.80999755859375,57952
2026-07-31 14:35:00-04:00,462.94000244140625,462.94000244140625,463.04998779296875,462.8500061035156,462.9599914550781,48376
2026-07-31 14:36:00-04:00,462.92999267578125,462.92999267578125,463.1199951171875,462.8699951171875,462.9750061035156,46646
2026-07-31 14:37:00-04:00,462.7449951171875,462.7449951171875,462.9800109863281,462.7200012207031,462.92999267578125,53416
2026-07-31 14:38:00-04:00,462.45001220703125,462.45001220703125,462.8800048828125,462.38018798828125,462.760009765625,50261
2026-07-31 14:39:00-04:00,462.1549987792969,462.1549987792969,462.6700134277344,462.1300048828125,462.5400085449219,48023
2026-07-31 14:40:00-04:00,461.8080139160156,461.8080139160156,462.19000244140625,461.7300109863281,462.1600036621094,42004
2026-07-31 14:41:00-04:00,462.3800964355469,462.3800964355469,462.4100036621094,461.75,461.82000732421875,45244
2026-07-31 14:42:00-04:00,462.44000244140625,462.44000244140625,462.6400146484375,462.2799987792969,462.3800048828125,48323
2026-07-31 14:43:00-04:00,462.2799987792969,462.2799987792969,462.5,462.2799987792969,462.45001220703125,31100
2026-07-31 14:44:00-04:00,462.1000061035156,462.1000061035156,462.39910888671875,462.051513671875,462.2699890136719,164587
2026-07-31 14:45:00-04:00,461.9200134277344,461.9200134277344,462.2298889160156,461.9200134277344,462.05999755859375,160982
2026-07-31 14:46:00-04:00,461.6650085449219,461.6650085449219,462.06988525390625,461.6650085449219,461.95001220703125,54153
2026-07-31 14:47:00-04:00,461.79998779296875,461.79998779296875,461.8399963378906,461.54998779296875,461.6650085449219,57462
2026-07-31 14:48:00-04:00,461.7300109863281,461.7300109863281,461.8996887207031,461.6199951171875,461.7699890136719,35558
2026-07-31 14:49:00-04:00,462.0107116699219,462.0107116699219,462.07000732421875,461.70001220703125,461.7300109863281,31958
2026-07-31 14:50:00-04:00,461.9949951171875,461.9949951171875,462.1099853515625,461.9700012207031,462.0400085449219,42264
2026-07-31 14:51:00-04:00,461.510009765625,461.510009765625,462.04998779296875,461.4100036621094,462.0199890136719,128901
2026-07-31 14:52:00-04:00,461.44500732421875,461.44500732421875,461.5299987792969,461.3819885253906,461.5,54100
2026-07-31 14:53:00-04:00,461.2200012207031,461.2200012207031,461.5299987792969,461.2200012207031,461.44500732421875,51455
2026-07-31 14:54:00-04:00,461.625,461.625,461.69000244140625,461.1499938964844,461.2250061035156,65048
2026-07-31 14:55:00-04:00,461.54998779296875,461.54998779296875,461.75,461.3999938964844,461.69000244140625,67276
2026-07-31 14:56:00-04:00,461.60089111328125,461.60089111328125,461.6199951171875,461.45001220703125,461.55499267578125,56485
2026-07-31 14:57:00-04:00,461.8999938964844,461.8999938964844,461.97210693359375,461.5317077636719,461.57501220703125,83011
2026-07-31 14:58:00-04:00,461.489990234375,461.489990234375,462.0,461.4599914550781,461.8699951171875,58582
2026-07-31 14:59:00-04:00,461.17999267578125,461.17999267578125,461.4599914550781,461.1300048828125,461.4599914550781,60197
2026-07-31 15:00:00-04:00,461.3999938964844,461.3999938964844,461.55999755859375,461.1099853515625,461.17498779296875,86027
2026-07-31 15:01:00-04:00,461.9700012207031,461.9700012207031,462.0,461.3599853515625,461.3999938964844,91791
2026-07-31 15:02:00-04:00,462.2012023925781,462.2012023925781,462.32000732421875,461.95001220703125,461.95001220703125,111717
2026-07-31 15:03:00-04:00,461.9700012207031,461.9700012207031,462.2900085449219,461.8999938964844,462.2250061035156,81355
2026-07-31 15:04:00-04:00,462.25,462.25,462.2799987792969,461.875,461.9700012207031,0
2026-07-31 15:05:00-04:00,462.2900085449219,462.2900085449219,462.5400085449219,462.239990234375,462.25,103333
2026-07-31 15:06:00-04:00,462.1846008300781,462.1846008300781,462.3299865722656,461.92999267578125,462.30999755859375,76091
2026-07-31 15:07:00-04:00,462.28009033203125,462.28009033203125,462.3599853515625,461.989990234375,462.19000244140625,81007
2026-07-31 15:08:00-04:00,462.260009765625,462.260009765625,462.4750061035156,462.19000244140625,462.3299865722656,98877
2026-07-31 15:09:00-04:00,462.44000244140625,462.44000244140625,462.55999755859375,462.1499938964844,462.2749938964844,81528
2026-07-31 15:10:00-04:00,462.6700134277344,462.6700134277344,462.75,462.4200134277344,462.4200134277344,93316
2026-07-31 15:11:00-04:00,462.55999755859375,462.55999755859375,462.739990234375,462.4599914550781,462.6499938964844,79353
2026-07-31 15:12:00-04:00,462.1600036621094,462.1600036621094,462.55999755859375,462.1499938964844,462.55999755859375,75777
2026-07-31 15:13:00-04:00,462.2449951171875,462.2449951171875,462.29998779296875,461.8900146484375,462.1400146484375,73436
2026-07-31 15:14:00-04:00,462.05999755859375,462.05999755859375,462.2449951171875,462.0,462.2449951171875,62982
2026-07-31 15:15:00-04:00,462.5249938964844,462.5249938964844,462.5400085449219,462.05999755859375,462.07501220703125,114999
2026-07-31 15:16:00-04:00,462.4700012207031,462.4700012207031,462.75,462.3599853515625,462.5299987792969,110429
2026-07-31 15:17:00-04:00,462.92010498046875,462.92010498046875,462.989990234375,462.44500732421875,462.4601135253906,80749
2026-07-31 15:18:00-04:00,463.42999267578125,463.42999267578125,463.43499755859375,462.9549865722656,462.9549865722656,112055
2026-07-31 15:19:00-04:00,463.18780517578125,463.18780517578125,463.760009765625,463.11199951171875,463.4200134277344,112976
2026-07-31 15:20:00-04:00,463.1050109863281,463.1050109863281,463.4750061035156,462.989990234375,463.20001220703125,133773
2026-07-31 15:21:00-04:00,463.32000732421875,463.32000732421875,463.57000732421875,463.0799865722656,463.08880615234375,87364
2026-07-31 15:22:00-04:00,463.6499938964844,463.6499938964844,463.6600036621094,463.2200012207031,463.3349914550781,132654
2026-07-31 15:23:00-04:00,463.17498779296875,463.17498779296875,463.69000244140625,463.1400146484375,463.62420654296875,127879
2026-07-31 15:24:00-04:00,463.07501220703125,463.07501220703125,463.3699035644531,463.006591796875,463.17498779296875,124015
2026-07-31 15:25:00-04:00,463.135009765625,463.135009765625,463.2398986816406,463.04998779296875,463.1000061035156,69820
2026-07-31 15:26:00-04:00,463.25,463.25,463.32501220703125,463.07000732421875,463.1499938964844,103761
2026-07-31 15:27:00-04:00,463.1700134277344,463.1700134277344,463.3275146484375,463.0199890136719,463.2650146484375,80782
2026-07-31 15:28:00-04:00,462.75,462.75,463.239990234375,462.69000244140625,463.20001220703125,145411
2026-07-31 15:29:00-04:00,462.19000244140625,462.19000244140625,462.8851013183594,462.19000244140625,462.69000244140625,110207
2026-07-31 15:30:00-04:00,462.1199951171875,462.1199951171875,462.2598876953125,461.6099853515625,462.1499938964844,128523
2026-07-31 15:31:00-04:00,462.3900146484375,462.3900146484375,462.72119140625,462.0199890136719,462.1549987792969,148628
2026-07-31 15:32:00-04:00,462.2200012207031,462.2200012207031,462.46209716796875,462.1099853515625,462.4049987792969,83043
2026-07-31 15:33:00-04:00,462.1000061035156,462.1000061035156,462.4800109863281,462.1000061035156,462.2300109863281,100069
2026-07-31 15:34:00-04:00,462.2449951171875,462.2449951171875,462.25,461.8800048828125,462.1000061035156,81546
2026-07-31 15:35:00-04:00,462.1600036621094,462.1600036621094,462.3450012207031,462.1400146484375,462.2300109863281,112833
2026-07-31 15:36:00-04:00,462.6099853515625,462.6099853515625,462.7099914550781,462.1400146484375,462.1400146484375,74905
2026-07-31 15:37:00-04:00,462.81500244140625,462.81500244140625,462.8399963378906,462.4599914550781,462.6300048828125,83975
2026-07-31 15:38:00-04:00,462.9150085449219,462.9150085449219,463.0390930175781,462.7799987792969,462.82000732421875,111150
2026-07-31 15:39:00-04:00,462.8299865722656,462.8299865722656,463.07000732421875,462.80999755859375,462.9150085449219,85001
2026-07-31 15:40:00-04:00,462.79998779296875,462.79998779296875,463.1099853515625,462.7099914550781,462.8299865722656,110165
2026-07-31 15:41:00-04:00,462.635009765625,462.635009765625,463.1199951171875,462.5299987792969,462.864990234375,126451
2026-07-31 15:42:00-04:00,462.7099914550781,462.7099914550781,462.8599853515625,462.55999755859375,462.6199951171875,94378
2026-07-31 15:43:00-04:00,462.82000732421875,462.82000732421875,462.95001220703125,462.6629943847656,462.739990234375,101124
2026-07-31 15:44:00-04:00,462.7349853515625,462.7349853515625,462.9800109863281,462.7099914550781,462.7900085449219,113345
2026-07-31 15:45:00-04:00,462.5799865722656,462.5799865722656,462.8450012207031,462.489990234375,462.7349853515625,138786
2026-07-31 15:46:00-04:00,462.5400085449219,462.5400085449219,462.739990234375,462.44000244140625,462.5799865722656,104110
2026-07-31 15:47:00-04:00,462.6499938964844,462.6499938964844,462.67999267578125,462.3500061035156,462.510009765625,118884
2026-07-31 15:48:00-04:00,462.6099853515625,462.6099853515625,462.739990234375,462.5,462.67999267578125,108139
2026-07-31 15:49:00-04:00,462.4200134277344,462.4200134277344,462.7799987792969,462.30999755859375,462.635009765625,124034
2026-07-31 15:50:00-04:00,464.42498779296875,464.42498779296875,464.4800109863281,462.3900146484375,462.42999267578125,373649
2026-07-31 15:51:00-04:00,464.5899963378906,464.5899963378906,464.6099853515625,464.20001220703125,464.45001220703125,271113
2026-07-31 15:52:00-04:00,464.5950012207031,464.5950012207031,464.7900085449219,464.5199890136719,464.6099853515625,267538
2026-07-31 15:53:00-04:00,464.5799865722656,464.5799865722656,464.6700134277344,464.32000732421875,464.6099853515625,299938
2026-07-31 15:54:00-04:00,465.70001220703125,465.70001220703125,466.0,464.20001220703125,464.55999755859375,626898
2026-07-31 15:55:00-04:00,466.44000244140625,466.44000244140625,466.82000732421875,465.7049865722656,465.7049865722656,808022
2026-07-31 15:56:00-04:00,466.57000732421875,466.57000732421875,466.70001220703125,466.1700134277344,466.4599914550781,502452
2026-07-31 15:57:00-04:00,465.80999755859375,465.80999755859375,466.8399963378906,465.7099914550781,466.5799865722656,673628
2026-07-31 15:58:00-04:00,465.8550109863281,465.8550109863281,465.9700012207031,465.42999267578125,465.7300109863281,570372
2026-07-31 15:59:00-04:00,464.9200134277344,464.9200134277344,465.8999938964844,464.5400085449219,465.8599853515625,1162898
